This is pdfTeX, Version 3.141592653-2.6-1.40.25 (TeX Live 2023) (preloaded format=pdflatex 2026.4.14)  30 APR 2026 11:31
entering extended mode
 restricted \write18 enabled.
 file:line:error style messages enabled.
 %&-line parsing enabled.
**/home/shaf/development/Book-FoodAIRescue/main.tex
(/home/shaf/development/Book-FoodAIRescue/main.tex
LaTeX2e <2022-11-01> patch level 1
L3 programming layer <2023-02-22> (/usr/share/texlive/texmf-dist/tex/latex/base/book.cls
Document Class: book 2022/07/02 v1.4n Standard LaTeX document class
(/usr/share/texlive/texmf-dist/tex/latex/base/bk12.clo
File: bk12.clo 2022/07/02 v1.4n Standard LaTeX file (size option)
)
\c@part=\count185
\c@chapter=\count186
\c@section=\count187
\c@subsection=\count188
\c@subsubsection=\count189
\c@paragraph=\count190
\c@subparagraph=\count191
\c@figure=\count192
\c@table=\count193
\abovecaptionskip=\skip48
\belowcaptionskip=\skip49
\bibindent=\dimen140
) (./contents/preamble.tex (/usr/share/texlive/texmf-dist/tex/latex/base/inputenc.sty
Package: inputenc 2021/02/14 v1.3d Input encoding file
\inpenc@prehook=\toks16
\inpenc@posthook=\toks17
) (/usr/share/texlive/texmf-dist/tex/latex/base/fontenc.sty
Package: fontenc 2021/04/29 v2.0v Standard LaTeX package
) (/usr/share/texlive/texmf-dist/tex/generic/babel/babel.sty
Package: babel 2023/02/13 3.86 The Babel package
\babel@savecnt=\count194
\U@D=\dimen141
\l@unhyphenated=\language85
 (/usr/share/texlive/texmf-dist/tex/generic/babel/txtbabel.def)
\bbl@readstream=\read2
\bbl@dirlevel=\count195
 (/usr/share/texlive/texmf-dist/tex/generic/babel-indonesian/indonesian.ldf
Language: indonesian 2017/02/15 v1.0m Bahasa Indonesia support from the babel system
)) (/usr/share/texlive/texmf-dist/tex/generic/babel/locale/id/babel-indonesian.tex
Package babel Info: Importing font and identification data for indonesian
(babel)             from babel-id.ini. Reported on input line 11.
) (/usr/share/texlive/texmf-dist/tex/latex/geometry/geometry.sty
Package: geometry 2020/01/02 v5.9 Page Geometry
 (/usr/share/texlive/texmf-dist/tex/latex/graphics/keyval.sty
Package: keyval 2022/05/29 v1.15 key=value parser (DPC)
\KV@toks@=\toks18
) (/usr/share/texlive/texmf-dist/tex/generic/iftex/ifvtex.sty
Package: ifvtex 2019/10/25 v1.7 ifvtex legacy package. Use iftex instead.
 (/usr/share/texlive/texmf-dist/tex/generic/iftex/iftex.sty
Package: iftex 2022/02/03 v1.0f TeX engine tests
))
\Gm@cnth=\count196
\Gm@cntv=\count197
\c@Gm@tempcnt=\count198
\Gm@bindingoffset=\dimen142
\Gm@wd@mp=\dimen143
\Gm@odd@mp=\dimen144
\Gm@even@mp=\dimen145
\Gm@layoutwidth=\dimen146
\Gm@layoutheight=\dimen147
\Gm@layouthoffset=\dimen148
\Gm@layoutvoffset=\dimen149
\Gm@dimlist=\toks19
) (/usr/share/texlive/texmf-dist/tex/latex/graphics/graphicx.sty
Package: graphicx 2021/09/16 v1.2d Enhanced LaTeX Graphics (DPC,SPQR)
 (/usr/share/texlive/texmf-dist/tex/latex/graphics/graphics.sty
Package: graphics 2022/03/10 v1.4e Standard LaTeX Graphics (DPC,SPQR)
 (/usr/share/texlive/texmf-dist/tex/latex/graphics/trig.sty
Package: trig 2021/08/11 v1.11 sin cos tan (DPC)
) (/usr/share/texlive/texmf-dist/tex/latex/graphics-cfg/graphics.cfg
File: graphics.cfg 2016/06/04 v1.11 sample graphics configuration
)
Package graphics Info: Driver file: pdftex.def on input line 107.
 (/usr/share/texlive/texmf-dist/tex/latex/graphics-def/pdftex.def
File: pdftex.def 2022/09/22 v1.2b Graphics/color driver for pdftex
))
\Gin@req@height=\dimen150
\Gin@req@width=\dimen151
) (/usr/share/texlive/texmf-dist/tex/latex/pdflscape/pdflscape.sty
Package: pdflscape 2022-10-27 v0.13 Display of landscape pages in PDF
 (/usr/share/texlive/texmf-dist/tex/latex/pdflscape/pdflscape-nometadata.sty
Package: pdflscape-nometadata 2022-10-28 v0.13 Display of landscape pages in PDF (HO)
 (/usr/share/texlive/texmf-dist/tex/latex/graphics/lscape.sty
Package: lscape 2020/05/28 v3.02 Landscape Pages (DPC)
)
Package pdflscape Info: Auto-detected driver: pdftex on input line 81.
)) (/usr/share/texlive/texmf-dist/tex/latex/float/float.sty
Package: float 2001/11/08 v1.3d Float enhancements (AL)
\c@float@type=\count199
\float@exts=\toks20
\float@box=\box51
\@float@everytoks=\toks21
\@floatcapt=\box52
) (/usr/share/texlive/texmf-dist/tex/latex/xcolor/xcolor.sty
Package: xcolor 2022/06/12 v2.14 LaTeX color extensions (UK)
 (/usr/share/texlive/texmf-dist/tex/latex/graphics-cfg/color.cfg
File: color.cfg 2016/01/02 v1.6 sample color configuration
)
Package xcolor Info: Driver file: pdftex.def on input line 227.
 (/usr/share/texlive/texmf-dist/tex/latex/colortbl/colortbl.sty
Package: colortbl 2022/06/20 v1.0f Color table columns (DPC)
 (/usr/share/texlive/texmf-dist/tex/latex/tools/array.sty
Package: array 2022/09/04 v2.5g Tabular extension package (FMi)
\col@sep=\dimen152
\ar@mcellbox=\box53
\extrarowheight=\dimen153
\NC@list=\toks22
\extratabsurround=\skip50
\backup@length=\skip51
\ar@cellbox=\box54
)
\everycr=\toks23
\minrowclearance=\skip52
\rownum=\count266
) (/usr/share/texlive/texmf-dist/tex/latex/graphics/mathcolor.ltx)
Package xcolor Info: Model `cmy' substituted by `cmy0' on input line 1353.
Package xcolor Info: Model `hsb' substituted by `rgb' on input line 1357.
Package xcolor Info: Model `RGB' extended on input line 1369.
Package xcolor Info: Model `HTML' substituted by `rgb' on input line 1371.
Package xcolor Info: Model `Hsb' substituted by `hsb' on input line 1372.
Package xcolor Info: Model `tHsb' substituted by `hsb' on input line 1373.
Package xcolor Info: Model `HSB' substituted by `hsb' on input line 1374.
Package xcolor Info: Model `Gray' substituted by `gray' on input line 1375.
Package xcolor Info: Model `wave' substituted by `hsb' on input line 1376.
) (/usr/share/texlive/texmf-dist/tex/latex/fancyhdr/fancyhdr.sty
Package: fancyhdr 2022/11/09 v4.1 Extensive control of page headers and footers
\f@nch@headwidth=\skip53
\f@nch@O@elh=\skip54
\f@nch@O@erh=\skip55
\f@nch@O@olh=\skip56
\f@nch@O@orh=\skip57
\f@nch@O@elf=\skip58
\f@nch@O@erf=\skip59
\f@nch@O@olf=\skip60
\f@nch@O@orf=\skip61
) (/usr/share/texlive/texmf-dist/tex/latex/titlesec/titlesec.sty
Package: titlesec 2021/07/05 v2.14 Sectioning titles
\ttl@box=\box55
\beforetitleunit=\skip62
\aftertitleunit=\skip63
\ttl@plus=\dimen154
\ttl@minus=\dimen155
\ttl@toksa=\toks24
\titlewidth=\dimen156
\titlewidthlast=\dimen157
\titlewidthfirst=\dimen158
) (/usr/share/texlive/texmf-dist/tex/latex/tocloft/tocloft.sty
Package: tocloft 2017/08/31 v2.3i parameterised ToC, etc., typesetting
Package tocloft Info: The document has chapter divisions on input line 51.
\cftparskip=\skip64
\cftbeforetoctitleskip=\skip65
\cftaftertoctitleskip=\skip66
\cftbeforepartskip=\skip67
\cftpartnumwidth=\skip68
\cftpartindent=\skip69
\cftbeforechapskip=\skip70
\cftchapindent=\skip71
\cftchapnumwidth=\skip72
\cftbeforesecskip=\skip73
\cftsecindent=\skip74
\cftsecnumwidth=\skip75
\cftbeforesubsecskip=\skip76
\cftsubsecindent=\skip77
\cftsubsecnumwidth=\skip78
\cftbeforesubsubsecskip=\skip79
\cftsubsubsecindent=\skip80
\cftsubsubsecnumwidth=\skip81
\cftbeforeparaskip=\skip82
\cftparaindent=\skip83
\cftparanumwidth=\skip84
\cftbeforesubparaskip=\skip85
\cftsubparaindent=\skip86
\cftsubparanumwidth=\skip87
\cftbeforeloftitleskip=\skip88
\cftafterloftitleskip=\skip89
\cftbeforefigskip=\skip90
\cftfigindent=\skip91
\cftfignumwidth=\skip92
\c@lofdepth=\count267
\c@lotdepth=\count268
\cftbeforelottitleskip=\skip93
\cftafterlottitleskip=\skip94
\cftbeforetabskip=\skip95
\cfttabindent=\skip96
\cfttabnumwidth=\skip97
) (/usr/share/texlive/texmf-dist/tex/latex/booktabs/booktabs.sty
Package: booktabs 2020/01/12 v1.61803398 Publication quality tables
\heavyrulewidth=\dimen159
\lightrulewidth=\dimen160
\cmidrulewidth=\dimen161
\belowrulesep=\dimen162
\belowbottomsep=\dimen163
\aboverulesep=\dimen164
\abovetopsep=\dimen165
\cmidrulesep=\dimen166
\cmidrulekern=\dimen167
\defaultaddspace=\dimen168
\@cmidla=\count269
\@cmidlb=\count270
\@aboverulesep=\dimen169
\@belowrulesep=\dimen170
\@thisruleclass=\count271
\@lastruleclass=\count272
\@thisrulewidth=\dimen171
) (/usr/share/texlive/texmf-dist/tex/latex/tools/tabularx.sty
Package: tabularx 2020/01/15 v2.11c `tabularx' package (DPC)
\TX@col@width=\dimen172
\TX@old@table=\dimen173
\TX@old@col=\dimen174
\TX@target=\dimen175
\TX@delta=\dimen176
\TX@cols=\count273
\TX@ftn=\toks25
) (/usr/share/texlive/texmf-dist/tex/latex/caption/caption.sty
Package: caption 2023/03/12 v3.6j Customizing captions (AR)
 (/usr/share/texlive/texmf-dist/tex/latex/caption/caption3.sty
Package: caption3 2023/03/12 v2.4 caption3 kernel (AR)
\caption@tempdima=\dimen177
\captionmargin=\dimen178
\caption@leftmargin=\dimen179
\caption@rightmargin=\dimen180
\caption@width=\dimen181
\caption@indent=\dimen182
\caption@parindent=\dimen183
\caption@hangindent=\dimen184
Package caption Info: Standard document class detected.
)
\c@caption@flags=\count274
\c@continuedfloat=\count275
Package caption Info: float package is loaded.
) (/usr/share/texlive/texmf-dist/tex/latex/caption/subcaption.sty
Package: subcaption 2023/02/19 v1.6 Sub-captions (AR)
Package caption Info: New subtype `subfigure' on input line 239.
\c@subfigure=\count276
Package caption Info: New subtype `subtable' on input line 239.
\c@subtable=\count277
) (/usr/share/texlive/texmf-dist/tex/latex/pgf/frontendlayer/tikz.sty (/usr/share/texlive/texmf-dist/tex/latex/pgf/basiclayer/pgf.sty (/usr/share/texlive/texmf-dist/tex/latex/pgf/utilities/pgfrcs.sty (/usr/share/texlive/texmf-dist/tex/generic/pgf/utilities/pgfutil-common.tex
\pgfutil@everybye=\toks26
\pgfutil@tempdima=\dimen185
\pgfutil@tempdimb=\dimen186
) (/usr/share/texlive/texmf-dist/tex/generic/pgf/utilities/pgfutil-latex.def
\pgfutil@abb=\box56
) (/usr/share/texlive/texmf-dist/tex/generic/pgf/utilities/pgfrcs.code.tex (/usr/share/texlive/texmf-dist/tex/generic/pgf/pgf.revision.tex)
Package: pgfrcs 2023-01-15 v3.1.10 (3.1.10)
))
Package: pgf 2023-01-15 v3.1.10 (3.1.10)
 (/usr/share/texlive/texmf-dist/tex/latex/pgf/basiclayer/pgfcore.sty (/usr/share/texlive/texmf-dist/tex/latex/pgf/systemlayer/pgfsys.sty (/usr/share/texlive/texmf-dist/tex/generic/pgf/systemlayer/pgfsys.code.tex
Package: pgfsys 2023-01-15 v3.1.10 (3.1.10)
 (/usr/share/texlive/texmf-dist/tex/generic/pgf/utilities/pgfkeys.code.tex
\pgfkeys@pathtoks=\toks27
\pgfkeys@temptoks=\toks28
 (/usr/share/texlive/texmf-dist/tex/generic/pgf/utilities/pgfkeyslibraryfiltered.code.tex
\pgfkeys@tmptoks=\toks29
))
\pgf@x=\dimen187
\pgf@y=\dimen188
\pgf@xa=\dimen189
\pgf@ya=\dimen190
\pgf@xb=\dimen191
\pgf@yb=\dimen192
\pgf@xc=\dimen193
\pgf@yc=\dimen194
\pgf@xd=\dimen195
\pgf@yd=\dimen196
\w@pgf@writea=\write3
\r@pgf@reada=\read3
\c@pgf@counta=\count278
\c@pgf@countb=\count279
\c@pgf@countc=\count280
\c@pgf@countd=\count281
\t@pgf@toka=\toks30
\t@pgf@tokb=\toks31
\t@pgf@tokc=\toks32
\pgf@sys@id@count=\count282
 (/usr/share/texlive/texmf-dist/tex/generic/pgf/systemlayer/pgf.cfg
File: pgf.cfg 2023-01-15 v3.1.10 (3.1.10)
)
Driver file for pgf: pgfsys-pdftex.def
 (/usr/share/texlive/texmf-dist/tex/generic/pgf/systemlayer/pgfsys-pdftex.def
File: pgfsys-pdftex.def 2023-01-15 v3.1.10 (3.1.10)
 (/usr/share/texlive/texmf-dist/tex/generic/pgf/systemlayer/pgfsys-common-pdf.def
File: pgfsys-common-pdf.def 2023-01-15 v3.1.10 (3.1.10)
))) (/usr/share/texlive/texmf-dist/tex/generic/pgf/systemlayer/pgfsyssoftpath.code.tex
File: pgfsyssoftpath.code.tex 2023-01-15 v3.1.10 (3.1.10)
\pgfsyssoftpath@smallbuffer@items=\count283
\pgfsyssoftpath@bigbuffer@items=\count284
) (/usr/share/texlive/texmf-dist/tex/generic/pgf/systemlayer/pgfsysprotocol.code.tex
File: pgfsysprotocol.code.tex 2023-01-15 v3.1.10 (3.1.10)
)) (/usr/share/texlive/texmf-dist/tex/generic/pgf/basiclayer/pgfcore.code.tex
Package: pgfcore 2023-01-15 v3.1.10 (3.1.10)
 (/usr/share/texlive/texmf-dist/tex/generic/pgf/math/pgfmath.code.tex (/usr/share/texlive/texmf-dist/tex/generic/pgf/math/pgfmathutil.code.tex) (/usr/share/texlive/texmf-dist/tex/generic/pgf/math/pgfmathparser.code.tex
\pgfmath@dimen=\dimen197
\pgfmath@count=\count285
\pgfmath@box=\box57
\pgfmath@toks=\toks33
\pgfmath@stack@operand=\toks34
\pgfmath@stack@operation=\toks35
) (/usr/share/texlive/texmf-dist/tex/generic/pgf/math/pgfmathfunctions.code.tex) (/usr/share/texlive/texmf-dist/tex/generic/pgf/math/pgfmathfunctions.basic.code.tex) (/usr/share/texlive/texmf-dist/tex/generic/pgf/math/pgfmathfunctions.trigonometric.code.tex) (/usr/share/texlive/texmf-dist/tex/generic/pgf/math/pgfmathfunctions.random.code.tex) (/usr/share/texlive/texmf-dist/tex/generic/pgf/math/pgfmathfunctions.comparison.code.tex) (/usr/share/texlive/texmf-dist/tex/generic/pgf/math/pgfmathfunctions.base.code.tex) (/usr/share/texlive/texmf-dist/tex/generic/pgf/math/pgfmathfunctions.round.code.tex) (/usr/share/texlive/texmf-dist/tex/generic/pgf/math/pgfmathfunctions.misc.code.tex) (/usr/share/texlive/texmf-dist/tex/generic/pgf/math/pgfmathfunctions.integerarithmetics.code.tex) (/usr/share/texlive/texmf-dist/tex/generic/pgf/math/pgfmathcalc.code.tex) (/usr/share/texlive/texmf-dist/tex/generic/pgf/math/pgfmathfloat.code.tex
\c@pgfmathroundto@lastzeros=\count286
)) (/usr/share/texlive/texmf-dist/tex/generic/pgf/math/pgfint.code.tex) (/usr/share/texlive/texmf-dist/tex/generic/pgf/basiclayer/pgfcorepoints.code.tex
File: pgfcorepoints.code.tex 2023-01-15 v3.1.10 (3.1.10)
\pgf@picminx=\dimen198
\pgf@picmaxx=\dimen199
\pgf@picminy=\dimen256
\pgf@picmaxy=\dimen257
\pgf@pathminx=\dimen258
\pgf@pathmaxx=\dimen259
\pgf@pathminy=\dimen260
\pgf@pathmaxy=\dimen261
\pgf@xx=\dimen262
\pgf@xy=\dimen263
\pgf@yx=\dimen264
\pgf@yy=\dimen265
\pgf@zx=\dimen266
\pgf@zy=\dimen267
) (/usr/share/texlive/texmf-dist/tex/generic/pgf/basiclayer/pgfcorepathconstruct.code.tex
File: pgfcorepathconstruct.code.tex 2023-01-15 v3.1.10 (3.1.10)
\pgf@path@lastx=\dimen268
\pgf@path@lasty=\dimen269
) (/usr/share/texlive/texmf-dist/tex/generic/pgf/basiclayer/pgfcorepathusage.code.tex
File: pgfcorepathusage.code.tex 2023-01-15 v3.1.10 (3.1.10)
\pgf@shorten@end@additional=\dimen270
\pgf@shorten@start@additional=\dimen271
) (/usr/share/texlive/texmf-dist/tex/generic/pgf/basiclayer/pgfcorescopes.code.tex
File: pgfcorescopes.code.tex 2023-01-15 v3.1.10 (3.1.10)
\pgfpic=\box58
\pgf@hbox=\box59
\pgf@layerbox@main=\box60
\pgf@picture@serial@count=\count287
) (/usr/share/texlive/texmf-dist/tex/generic/pgf/basiclayer/pgfcoregraphicstate.code.tex
File: pgfcoregraphicstate.code.tex 2023-01-15 v3.1.10 (3.1.10)
\pgflinewidth=\dimen272
) (/usr/share/texlive/texmf-dist/tex/generic/pgf/basiclayer/pgfcoretransformations.code.tex
File: pgfcoretransformations.code.tex 2023-01-15 v3.1.10 (3.1.10)
\pgf@pt@x=\dimen273
\pgf@pt@y=\dimen274
\pgf@pt@temp=\dimen275
) (/usr/share/texlive/texmf-dist/tex/generic/pgf/basiclayer/pgfcorequick.code.tex
File: pgfcorequick.code.tex 2023-01-15 v3.1.10 (3.1.10)
) (/usr/share/texlive/texmf-dist/tex/generic/pgf/basiclayer/pgfcoreobjects.code.tex
File: pgfcoreobjects.code.tex 2023-01-15 v3.1.10 (3.1.10)
) (/usr/share/texlive/texmf-dist/tex/generic/pgf/basiclayer/pgfcorepathprocessing.code.tex
File: pgfcorepathprocessing.code.tex 2023-01-15 v3.1.10 (3.1.10)
) (/usr/share/texlive/texmf-dist/tex/generic/pgf/basiclayer/pgfcorearrows.code.tex
File: pgfcorearrows.code.tex 2023-01-15 v3.1.10 (3.1.10)
\pgfarrowsep=\dimen276
) (/usr/share/texlive/texmf-dist/tex/generic/pgf/basiclayer/pgfcoreshade.code.tex
File: pgfcoreshade.code.tex 2023-01-15 v3.1.10 (3.1.10)
\pgf@max=\dimen277
\pgf@sys@shading@range@num=\count288
\pgf@shadingcount=\count289
) (/usr/share/texlive/texmf-dist/tex/generic/pgf/basiclayer/pgfcoreimage.code.tex
File: pgfcoreimage.code.tex 2023-01-15 v3.1.10 (3.1.10)
) (/usr/share/texlive/texmf-dist/tex/generic/pgf/basiclayer/pgfcoreexternal.code.tex
File: pgfcoreexternal.code.tex 2023-01-15 v3.1.10 (3.1.10)
\pgfexternal@startupbox=\box61
) (/usr/share/texlive/texmf-dist/tex/generic/pgf/basiclayer/pgfcorelayers.code.tex
File: pgfcorelayers.code.tex 2023-01-15 v3.1.10 (3.1.10)
) (/usr/share/texlive/texmf-dist/tex/generic/pgf/basiclayer/pgfcoretransparency.code.tex
File: pgfcoretransparency.code.tex 2023-01-15 v3.1.10 (3.1.10)
) (/usr/share/texlive/texmf-dist/tex/generic/pgf/basiclayer/pgfcorepatterns.code.tex
File: pgfcorepatterns.code.tex 2023-01-15 v3.1.10 (3.1.10)
) (/usr/share/texlive/texmf-dist/tex/generic/pgf/basiclayer/pgfcorerdf.code.tex
File: pgfcorerdf.code.tex 2023-01-15 v3.1.10 (3.1.10)
))) (/usr/share/texlive/texmf-dist/tex/generic/pgf/modules/pgfmoduleshapes.code.tex
File: pgfmoduleshapes.code.tex 2023-01-15 v3.1.10 (3.1.10)
\pgfnodeparttextbox=\box62
) (/usr/share/texlive/texmf-dist/tex/generic/pgf/modules/pgfmoduleplot.code.tex
File: pgfmoduleplot.code.tex 2023-01-15 v3.1.10 (3.1.10)
) (/usr/share/texlive/texmf-dist/tex/latex/pgf/compatibility/pgfcomp-version-0-65.sty
Package: pgfcomp-version-0-65 2023-01-15 v3.1.10 (3.1.10)
\pgf@nodesepstart=\dimen278
\pgf@nodesepend=\dimen279
) (/usr/share/texlive/texmf-dist/tex/latex/pgf/compatibility/pgfcomp-version-1-18.sty
Package: pgfcomp-version-1-18 2023-01-15 v3.1.10 (3.1.10)
)) (/usr/share/texlive/texmf-dist/tex/latex/pgf/utilities/pgffor.sty (/usr/share/texlive/texmf-dist/tex/latex/pgf/utilities/pgfkeys.sty (/usr/share/texlive/texmf-dist/tex/generic/pgf/utilities/pgfkeys.code.tex)) (/usr/share/texlive/texmf-dist/tex/latex/pgf/math/pgfmath.sty (/usr/share/texlive/texmf-dist/tex/generic/pgf/math/pgfmath.code.tex)) (/usr/share/texlive/texmf-dist/tex/generic/pgf/utilities/pgffor.code.tex
Package: pgffor 2023-01-15 v3.1.10 (3.1.10)
\pgffor@iter=\dimen280
\pgffor@skip=\dimen281
\pgffor@stack=\toks36
\pgffor@toks=\toks37
)) (/usr/share/texlive/texmf-dist/tex/generic/pgf/frontendlayer/tikz/tikz.code.tex
Package: tikz 2023-01-15 v3.1.10 (3.1.10)
 (/usr/share/texlive/texmf-dist/tex/generic/pgf/libraries/pgflibraryplothandlers.code.tex
File: pgflibraryplothandlers.code.tex 2023-01-15 v3.1.10 (3.1.10)
\pgf@plot@mark@count=\count290
\pgfplotmarksize=\dimen282
)
\tikz@lastx=\dimen283
\tikz@lasty=\dimen284
\tikz@lastxsaved=\dimen285
\tikz@lastysaved=\dimen286
\tikz@lastmovetox=\dimen287
\tikz@lastmovetoy=\dimen288
\tikzleveldistance=\dimen289
\tikzsiblingdistance=\dimen290
\tikz@figbox=\box63
\tikz@figbox@bg=\box64
\tikz@tempbox=\box65
\tikz@tempbox@bg=\box66
\tikztreelevel=\count291
\tikznumberofchildren=\count292
\tikznumberofcurrentchild=\count293
\tikz@fig@count=\count294
 (/usr/share/texlive/texmf-dist/tex/generic/pgf/modules/pgfmodulematrix.code.tex
File: pgfmodulematrix.code.tex 2023-01-15 v3.1.10 (3.1.10)
\pgfmatrixcurrentrow=\count295
\pgfmatrixcurrentcolumn=\count296
\pgf@matrix@numberofcolumns=\count297
)
\tikz@expandcount=\count298
 (/usr/share/texlive/texmf-dist/tex/generic/pgf/frontendlayer/tikz/libraries/tikzlibrarytopaths.code.tex
File: tikzlibrarytopaths.code.tex 2023-01-15 v3.1.10 (3.1.10)
))) (/usr/share/texlive/texmf-dist/tex/latex/setspace/setspace.sty
Package: setspace 2022/12/04 v6.7b set line spacing
) (/usr/share/texlive/texmf-dist/tex/latex/enumitem/enumitem.sty
Package: enumitem 2019/06/20 v3.9 Customized lists
\labelindent=\skip98
\enit@outerparindent=\dimen291
\enit@toks=\toks38
\enit@inbox=\box67
\enit@count@id=\count299
\enitdp@description=\count300
) (/usr/share/texlive/texmf-dist/tex/latex/psnfss/mathptmx.sty
Package: mathptmx 2020/03/25 PSNFSS-v9.3 Times w/ Math, improved (SPQR, WaS) 
LaTeX Font Info:    Redeclaring symbol font `operators' on input line 28.
LaTeX Font Info:    Overwriting symbol font `operators' in version `normal'
(Font)                  OT1/cmr/m/n --> OT1/ztmcm/m/n on input line 28.
LaTeX Font Info:    Overwriting symbol font `operators' in version `bold'
(Font)                  OT1/cmr/bx/n --> OT1/ztmcm/m/n on input line 28.
LaTeX Font Info:    Redeclaring symbol font `letters' on input line 29.
LaTeX Font Info:    Overwriting symbol font `letters' in version `normal'
(Font)                  OML/cmm/m/it --> OML/ztmcm/m/it on input line 29.
LaTeX Font Info:    Overwriting symbol font `letters' in version `bold'
(Font)                  OML/cmm/b/it --> OML/ztmcm/m/it on input line 29.
LaTeX Font Info:    Redeclaring symbol font `symbols' on input line 30.
LaTeX Font Info:    Overwriting symbol font `symbols' in version `normal'
(Font)                  OMS/cmsy/m/n --> OMS/ztmcm/m/n on input line 30.
LaTeX Font Info:    Overwriting symbol font `symbols' in version `bold'
(Font)                  OMS/cmsy/b/n --> OMS/ztmcm/m/n on input line 30.
LaTeX Font Info:    Redeclaring symbol font `largesymbols' on input line 31.
LaTeX Font Info:    Overwriting symbol font `largesymbols' in version `normal'
(Font)                  OMX/cmex/m/n --> OMX/ztmcm/m/n on input line 31.
LaTeX Font Info:    Overwriting symbol font `largesymbols' in version `bold'
(Font)                  OMX/cmex/m/n --> OMX/ztmcm/m/n on input line 31.
\symbold=\mathgroup4
\symitalic=\mathgroup5
LaTeX Font Info:    Redeclaring math alphabet \mathbf on input line 34.
LaTeX Font Info:    Overwriting math alphabet `\mathbf' in version `normal'
(Font)                  OT1/cmr/bx/n --> OT1/ptm/bx/n on input line 34.
LaTeX Font Info:    Overwriting math alphabet `\mathbf' in version `bold'
(Font)                  OT1/cmr/bx/n --> OT1/ptm/bx/n on input line 34.
LaTeX Font Info:    Redeclaring math alphabet \mathit on input line 35.
LaTeX Font Info:    Overwriting math alphabet `\mathit' in version `normal'
(Font)                  OT1/cmr/m/it --> OT1/ptm/m/it on input line 35.
LaTeX Font Info:    Overwriting math alphabet `\mathit' in version `bold'
(Font)                  OT1/cmr/bx/it --> OT1/ptm/m/it on input line 35.
LaTeX Info: Redefining \hbar on input line 50.
) (/usr/share/texlive/texmf-dist/tex/latex/amsfonts/amssymb.sty
Package: amssymb 2013/01/14 v3.01 AMS font symbols
 (/usr/share/texlive/texmf-dist/tex/latex/amsfonts/amsfonts.sty
Package: amsfonts 2013/01/14 v3.01 Basic AMSFonts support
\@emptytoks=\toks39
\symAMSa=\mathgroup6
\symAMSb=\mathgroup7
LaTeX Font Info:    Overwriting math alphabet `\mathfrak' in version `bold'
(Font)                  U/euf/m/n --> U/euf/b/n on input line 106.
)) (/usr/share/texlive/texmf-dist/tex/latex/psnfss/pifont.sty
Package: pifont 2020/03/25 PSNFSS-v9.3 Pi font support (SPQR) 
LaTeX Font Info:    Trying to load font information for U+pzd on input line 63.
 (/usr/share/texlive/texmf-dist/tex/latex/psnfss/upzd.fd
File: upzd.fd 2001/06/04 font definitions for U/pzd.
)
LaTeX Font Info:    Trying to load font information for U+psy on input line 64.
 (/usr/share/texlive/texmf-dist/tex/latex/psnfss/upsy.fd
File: upsy.fd 2001/06/04 font definitions for U/psy.
)) (/usr/share/texlive/texmf-dist/tex/latex/ragged2e/ragged2e.sty
Package: ragged2e 2023/02/25 v3.4 ragged2e Package
\CenteringLeftskip=\skip99
\RaggedLeftLeftskip=\skip100
\RaggedRightLeftskip=\skip101
\CenteringRightskip=\skip102
\RaggedLeftRightskip=\skip103
\RaggedRightRightskip=\skip104
\CenteringParfillskip=\skip105
\RaggedLeftParfillskip=\skip106
\RaggedRightParfillskip=\skip107
\JustifyingParfillskip=\skip108
\CenteringParindent=\skip109
\RaggedLeftParindent=\skip110
\RaggedRightParindent=\skip111
\JustifyingParindent=\skip112
) (/usr/share/texlive/texmf-dist/tex/latex/csquotes/csquotes.sty
Package: csquotes 2022-09-14 v5.2n context-sensitive quotations (JAW)
 (/usr/share/texlive/texmf-dist/tex/latex/etoolbox/etoolbox.sty
Package: etoolbox 2020/10/05 v2.5k e-TeX tools for LaTeX (JAW)
\etb@tempcnta=\count301
)
\csq@reset=\count302
\csq@gtype=\count303
\csq@glevel=\count304
\csq@qlevel=\count305
\csq@maxlvl=\count306
\csq@tshold=\count307
\csq@ltx@everypar=\toks40
 (/usr/share/texlive/texmf-dist/tex/latex/csquotes/csquotes.def
File: csquotes.def 2022-09-14 v5.2n csquotes generic definitions (JAW)
)
Package csquotes Info: Trying to load configuration file 'csquotes.cfg'...
Package csquotes Info: ... configuration file loaded successfully.
 (/usr/share/texlive/texmf-dist/tex/latex/csquotes/csquotes.cfg
File: csquotes.cfg 
)) (/usr/share/texlive/texmf-dist/tex/latex/biblatex/biblatex.sty
Package: biblatex 2024/03/21 v3.20 programmable bibliographies (PK/MW)
 (/usr/share/texlive/texmf-dist/tex/generic/pdftexcmds/pdftexcmds.sty
Package: pdftexcmds 2020-06-27 v0.33 Utility functions of pdfTeX for LuaTeX (HO)
 (/usr/share/texlive/texmf-dist/tex/generic/infwarerr/infwarerr.sty
Package: infwarerr 2019/12/03 v1.5 Providing info/warning/error messages (HO)
) (/usr/share/texlive/texmf-dist/tex/generic/ltxcmds/ltxcmds.sty
Package: ltxcmds 2020-05-10 v1.25 LaTeX kernel commands for general use (HO)
)
Package pdftexcmds Info: \pdf@primitive is available.
Package pdftexcmds Info: \pdf@ifprimitive is available.
Package pdftexcmds Info: \pdfdraftmode found.
) (/usr/share/texlive/texmf-dist/tex/latex/kvoptions/kvoptions.sty
Package: kvoptions 2022-06-15 v3.15 Key value format for package options (HO)
 (/usr/share/texlive/texmf-dist/tex/latex/kvsetkeys/kvsetkeys.sty
Package: kvsetkeys 2022-10-05 v1.19 Key value parser (HO)
)) (/usr/share/texlive/texmf-dist/tex/latex/logreq/logreq.sty
Package: logreq 2010/08/04 v1.0 xml request logger
\lrq@indent=\count308
 (/usr/share/texlive/texmf-dist/tex/latex/logreq/logreq.def
File: logreq.def 2010/08/04 v1.0 logreq spec v1.0
)) (/usr/share/texlive/texmf-dist/tex/latex/base/ifthen.sty
Package: ifthen 2022/04/13 v1.1d Standard LaTeX ifthen package (DPC)
) (/usr/share/texlive/texmf-dist/tex/latex/url/url.sty
\Urlmuskip=\muskip16
Package: url 2013/09/16  ver 3.4  Verb mode for urls, etc.
)
\c@tabx@nest=\count309
\c@listtotal=\count310
\c@listcount=\count311
\c@liststart=\count312
\c@liststop=\count313
\c@citecount=\count314
\c@citetotal=\count315
\c@multicitecount=\count316
\c@multicitetotal=\count317
\c@instcount=\count318
\c@maxnames=\count319
\c@minnames=\count320
\c@maxitems=\count321
\c@minitems=\count322
\c@citecounter=\count323
\c@maxcitecounter=\count324
\c@savedcitecounter=\count325
\c@uniquelist=\count326
\c@uniquename=\count327
\c@refsection=\count328
\c@refsegment=\count329
\c@maxextratitle=\count330
\c@maxextratitleyear=\count331
\c@maxextraname=\count332
\c@maxextradate=\count333
\c@maxextraalpha=\count334
\c@abbrvpenalty=\count335
\c@highnamepenalty=\count336
\c@lownamepenalty=\count337
\c@maxparens=\count338
\c@parenlevel=\count339
\blx@tempcnta=\count340
\blx@tempcntb=\count341
\blx@tempcntc=\count342
\c@blx@maxsection=\count343
\blx@maxsegment@0=\count344
\blx@notetype=\count345
\blx@parenlevel@text=\count346
\blx@parenlevel@foot=\count347
\blx@sectionciteorder@0=\count348
\blx@sectionciteorderinternal@0=\count349
\blx@entrysetcounter=\count350
\blx@biblioinstance=\count351
\labelnumberwidth=\skip113
\labelalphawidth=\skip114
\biblabelsep=\skip115
\bibitemsep=\skip116
\bibnamesep=\skip117
\bibinitsep=\skip118
\bibparsep=\skip119
\bibhang=\skip120
\blx@bcfin=\read4
\blx@bcfout=\write4
\blx@langwohyphens=\language86
\c@mincomprange=\count352
\c@maxcomprange=\count353
\c@mincompwidth=\count354
Package biblatex Info: Trying to load biblatex default data model...
Package biblatex Info: ... file 'blx-dm.def' found.
 (/usr/share/texlive/texmf-dist/tex/latex/biblatex/blx-dm.def
File: blx-dm.def 2024/03/21 v3.20 biblatex datamodel (PK/MW)
)
Package biblatex Info: Trying to load biblatex style data model...
Package biblatex Info: ... file 'ieee.dbx' not found.
Package biblatex Info: Trying to load biblatex custom data model...
Package biblatex Info: ... file 'biblatex-dm.cfg' not found.
\c@afterword=\count355
\c@savedafterword=\count356
\c@annotator=\count357
\c@savedannotator=\count358
\c@author=\count359
\c@savedauthor=\count360
\c@bookauthor=\count361
\c@savedbookauthor=\count362
\c@commentator=\count363
\c@savedcommentator=\count364
\c@editor=\count365
\c@savededitor=\count366
\c@editora=\count367
\c@savededitora=\count368
\c@editorb=\count369
\c@savededitorb=\count370
\c@editorc=\count371
\c@savededitorc=\count372
\c@foreword=\count373
\c@savedforeword=\count374
\c@holder=\count375
\c@savedholder=\count376
\c@introduction=\count377
\c@savedintroduction=\count378
\c@namea=\count379
\c@savednamea=\count380
\c@nameb=\count381
\c@savednameb=\count382
\c@namec=\count383
\c@savednamec=\count384
\c@translator=\count385
\c@savedtranslator=\count386
\c@shortauthor=\count387
\c@savedshortauthor=\count388
\c@shorteditor=\count389
\c@savedshorteditor=\count390
\c@labelname=\count391
\c@savedlabelname=\count392
\c@institution=\count393
\c@savedinstitution=\count394
\c@lista=\count395
\c@savedlista=\count396
\c@listb=\count397
\c@savedlistb=\count398
\c@listc=\count399
\c@savedlistc=\count400
\c@listd=\count401
\c@savedlistd=\count402
\c@liste=\count403
\c@savedliste=\count404
\c@listf=\count405
\c@savedlistf=\count406
\c@location=\count407
\c@savedlocation=\count408
\c@organization=\count409
\c@savedorganization=\count410
\c@origlocation=\count411
\c@savedoriglocation=\count412
\c@origpublisher=\count413
\c@savedorigpublisher=\count414
\c@publisher=\count415
\c@savedpublisher=\count416
\c@language=\count417
\c@savedlanguage=\count418
\c@origlanguage=\count419
\c@savedoriglanguage=\count420
\c@pageref=\count421
\c@savedpageref=\count422
\shorthandwidth=\skip121
\shortjournalwidth=\skip122
\shortserieswidth=\skip123
\shorttitlewidth=\skip124
\shortauthorwidth=\skip125
\shorteditorwidth=\skip126
\locallabelnumberwidth=\skip127
\locallabelalphawidth=\skip128
\localshorthandwidth=\skip129
\localshortjournalwidth=\skip130
\localshortserieswidth=\skip131
\localshorttitlewidth=\skip132
\localshortauthorwidth=\skip133
\localshorteditorwidth=\skip134
Package biblatex Info: Trying to load compatibility code...
Package biblatex Info: ... file 'blx-compat.def' found.
 (/usr/share/texlive/texmf-dist/tex/latex/biblatex/blx-compat.def
File: blx-compat.def 2024/03/21 v3.20 biblatex compatibility (PK/MW)
)
Package biblatex Info: Trying to load generic definitions...
Package biblatex Info: ... file 'biblatex.def' found.
 (/usr/share/texlive/texmf-dist/tex/latex/biblatex/biblatex.def
File: biblatex.def 2024/03/21 v3.20 biblatex compatibility (PK/MW)
\c@textcitecount=\count423
\c@textcitetotal=\count424
\c@textcitemaxnames=\count425
\c@biburlbigbreakpenalty=\count426
\c@biburlbreakpenalty=\count427
\c@biburlnumpenalty=\count428
\c@biburlucpenalty=\count429
\c@biburllcpenalty=\count430
\biburlbigskip=\muskip17
\biburlnumskip=\muskip18
\biburlucskip=\muskip19
\biburllcskip=\muskip20
\c@smartand=\count431
)
Package biblatex Info: Trying to load bibliography style 'ieee'...
Package biblatex Info: ... file 'ieee.bbx' found.
 (/usr/share/texlive/texmf-dist/tex/latex/biblatex-ieee/ieee.bbx
File: ieee.bbx 2021/12/06 v1.3f biblatex bibliography style
Package biblatex Info: Trying to load bibliography style 'numeric-comp'...
Package biblatex Info: ... file 'numeric-comp.bbx' found.
 (/usr/share/texlive/texmf-dist/tex/latex/biblatex/bbx/numeric-comp.bbx
File: numeric-comp.bbx 2024/03/21 v3.20 biblatex bibliography style (PK/MW)
Package biblatex Info: Trying to load bibliography style 'numeric'...
Package biblatex Info: ... file 'numeric.bbx' found.
 (/usr/share/texlive/texmf-dist/tex/latex/biblatex/bbx/numeric.bbx
File: numeric.bbx 2024/03/21 v3.20 biblatex bibliography style (PK/MW)
Package biblatex Info: Trying to load bibliography style 'standard'...
Package biblatex Info: ... file 'standard.bbx' found.
 (/usr/share/texlive/texmf-dist/tex/latex/biblatex/bbx/standard.bbx
File: standard.bbx 2024/03/21 v3.20 biblatex bibliography style (PK/MW)
\c@bbx:relatedcount=\count432
\c@bbx:relatedtotal=\count433
))))
Package biblatex Info: Trying to load citation style 'ieee'...
Package biblatex Info: ... file 'ieee.cbx' found.
 (/usr/share/texlive/texmf-dist/tex/latex/biblatex-ieee/ieee.cbx
File: ieee.cbx 2021/12/06 v1.3f biblatex citation style
Package biblatex Info: Trying to load citation style 'numeric-comp'...
Package biblatex Info: ... file 'numeric-comp.cbx' found.
 (/usr/share/texlive/texmf-dist/tex/latex/biblatex/cbx/numeric-comp.cbx
File: numeric-comp.cbx 2024/03/21 v3.20 biblatex citation style (PK/MW)
\c@cbx@tempcnta=\count434
\c@cbx@tempcntb=\count435
\c@cbx@tempcntc=\count436
\c@cbx@tempcntd=\count437
Package biblatex Info: Redefining '\cite'.
Package biblatex Info: Redefining '\parencite'.
Package biblatex Info: Redefining '\footcite'.
Package biblatex Info: Redefining '\footcitetext'.
Package biblatex Info: Redefining '\smartcite'.
Package biblatex Info: Redefining '\supercite'.
Package biblatex Info: Redefining '\textcite'.
Package biblatex Info: Redefining '\textcites'.
Package biblatex Info: Redefining '\cites'.
Package biblatex Info: Redefining '\parencites'.
Package biblatex Info: Redefining '\smartcites'.
)
Package biblatex Info: Redefining '\cite'.
Package biblatex Info: Redefining '\supercite'.
Package biblatex Info: Redefining '\cites'.
)
Package biblatex Info: Trying to load configuration file...
Package biblatex Info: ... file 'biblatex.cfg' found.
 (/usr/share/texlive/texmf-dist/tex/latex/biblatex/biblatex.cfg
File: biblatex.cfg 
)
Package biblatex Info: Input encoding 'utf8' detected.
Package biblatex Info: Document encoding is UTF8 ....
 (/usr/share/texlive/texmf-dist/tex/latex/l3kernel/expl3.sty
Package: expl3 2023-02-22 L3 programming layer (loader) 
 (/usr/share/texlive/texmf-dist/tex/latex/l3backend/l3backend-pdftex.def
File: l3backend-pdftex.def 2023-01-16 L3 backend support: PDF output (pdfTeX)
\l__color_backend_stack_int=\count438
\l__pdf_internal_box=\box68
))
Package biblatex Info: ... and expl3
(biblatex)             2023-02-22 L3 programming layer (loader) 
(biblatex)             is new enough (at least 2020/04/06),
(biblatex)             setting 'casechanger=expl3'.
 (/usr/share/texlive/texmf-dist/tex/latex/biblatex/blx-case-expl3.sty (/usr/share/texlive/texmf-dist/tex/latex/l3packages/xparse/xparse.sty
Package: xparse 2023-02-02 L3 Experimental document command parser
)
Package: blx-case-expl3 2024/03/21 v3.20 expl3 case changing code for biblatex
)) (/usr/share/texlive/texmf-dist/tex/latex/hyperref/hyperref.sty
Package: hyperref 2023-02-07 v7.00v Hypertext links for LaTeX
 (/usr/share/texlive/texmf-dist/tex/generic/kvdefinekeys/kvdefinekeys.sty
Package: kvdefinekeys 2019-12-19 v1.6 Define keys (HO)
) (/usr/share/texlive/texmf-dist/tex/generic/pdfescape/pdfescape.sty
Package: pdfescape 2019/12/09 v1.15 Implements pdfTeX's escape features (HO)
) (/usr/share/texlive/texmf-dist/tex/latex/hycolor/hycolor.sty
Package: hycolor 2020-01-27 v1.10 Color options for hyperref/bookmark (HO)
) (/usr/share/texlive/texmf-dist/tex/latex/letltxmacro/letltxmacro.sty
Package: letltxmacro 2019/12/03 v1.6 Let assignment for LaTeX macros (HO)
)
(/usr/share/texlive/texmf-dist/tex/latex/auxhook/auxhook.sty
Package: auxhook 2019-12-17 v1.6 Hooks for auxiliary files (HO)
) (/usr/share/texlive/texmf-dist/tex/latex/hyperref/nameref.sty
Package: nameref 2022-05-17 v2.50 Cross-referencing by name of section
 (/usr/share/texlive/texmf-dist/tex/latex/refcount/refcount.sty
Package: refcount 2019/12/15 v3.6 Data extraction from label references (HO)
) (/usr/share/texlive/texmf-dist/tex/generic/gettitlestring/gettitlestring.sty
Package: gettitlestring 2019/12/15 v1.6 Cleanup title references (HO)
)
\c@section@level=\count439
)
\@linkdim=\dimen292
\Hy@linkcounter=\count440
\Hy@pagecounter=\count441
 (/usr/share/texlive/texmf-dist/tex/latex/hyperref/pd1enc.def
File: pd1enc.def 2023-02-07 v7.00v Hyperref: PDFDocEncoding definition (HO)
Now handling font encoding PD1 ...
... no UTF-8 mapping file for font encoding PD1
) (/usr/share/texlive/texmf-dist/tex/generic/intcalc/intcalc.sty
Package: intcalc 2019/12/15 v1.3 Expandable calculations with integers (HO)
) (/usr/share/texlive/texmf-dist/tex/generic/etexcmds/etexcmds.sty
Package: etexcmds 2019/12/15 v1.7 Avoid name clashes with e-TeX commands (HO)
)
\Hy@SavedSpaceFactor=\count442
 (/usr/share/texlive/texmf-dist/tex/latex/hyperref/puenc.def
File: puenc.def 2023-02-07 v7.00v Hyperref: PDF Unicode definition (HO)
Now handling font encoding PU ...
... no UTF-8 mapping file for font encoding PU
)
Package hyperref Info: Hyper figures OFF on input line 4177.
Package hyperref Info: Link nesting OFF on input line 4182.
Package hyperref Info: Hyper index ON on input line 4185.
Package hyperref Info: Plain pages OFF on input line 4192.
Package hyperref Info: Backreferencing OFF on input line 4197.
Package hyperref Info: Implicit mode ON; LaTeX internals redefined.
Package hyperref Info: Bookmarks ON on input line 4425.
\c@Hy@tempcnt=\count443
LaTeX Info: Redefining \url on input line 4763.
\XeTeXLinkMargin=\dimen293
 (/usr/share/texlive/texmf-dist/tex/generic/bitset/bitset.sty
Package: bitset 2019/12/09 v1.3 Handle bit-vector datatype (HO)
 (/usr/share/texlive/texmf-dist/tex/generic/bigintcalc/bigintcalc.sty
Package: bigintcalc 2019/12/15 v1.5 Expandable calculations on big integers (HO)
))
\Fld@menulength=\count444
\Field@Width=\dimen294
\Fld@charsize=\dimen295
Package hyperref Info: Hyper figures OFF on input line 6042.
Package hyperref Info: Link nesting OFF on input line 6047.
Package hyperref Info: Hyper index ON on input line 6050.
Package hyperref Info: backreferencing OFF on input line 6057.
Package hyperref Info: Link coloring OFF on input line 6062.
Package hyperref Info: Link coloring with OCG OFF on input line 6067.
Package hyperref Info: PDF/A mode OFF on input line 6072.
 (/usr/share/texlive/texmf-dist/tex/latex/base/atbegshi-ltx.sty
Package: atbegshi-ltx 2021/01/10 v1.0c Emulation of the original atbegshi
package with kernel methods
)
\Hy@abspage=\count445
\c@Item=\count446
\c@Hfootnote=\count447
)
Package hyperref Info: Driver (autodetected): hpdftex.
 (/usr/share/texlive/texmf-dist/tex/latex/hyperref/hpdftex.def
File: hpdftex.def 2023-02-07 v7.00v Hyperref driver for pdfTeX
 (/usr/share/texlive/texmf-dist/tex/latex/base/atveryend-ltx.sty
Package: atveryend-ltx 2020/08/19 v1.0a Emulation of the original atveryend package
with kernel methods
)
\Fld@listcount=\count448
\c@bookmark@seq@number=\count449
 (/usr/share/texlive/texmf-dist/tex/latex/rerunfilecheck/rerunfilecheck.sty
Package: rerunfilecheck 2022-07-10 v1.10 Rerun checks for auxiliary files (HO)
 (/usr/share/texlive/texmf-dist/tex/generic/uniquecounter/uniquecounter.sty
Package: uniquecounter 2019/12/15 v1.4 Provide unlimited unique counter (HO)
)
Package uniquecounter Info: New unique counter `rerunfilecheck' on input line 285.
)
\Hy@SectionHShift=\skip135
)
Package hyperref Info: Option `colorlinks' set `true' on input line 142.
)
Package csquotes Info: Checking for multilingual support...
Package csquotes Info: ... found 'babel' package.
Package csquotes Info: Adjusting default style.
Package csquotes Info: Redefining alias 'default' -> 'indonesian'.
LaTeX Font Info:    Trying to load font information for T1+ptm on input line 10.
 (/usr/share/texlive/texmf-dist/tex/latex/psnfss/t1ptm.fd
File: t1ptm.fd 2001/06/04 font definitions for T1/ptm.
) (./main.aux)
\openout1 = `main.aux'.

LaTeX Font Info:    Checking defaults for OML/cmm/m/it on input line 10.
LaTeX Font Info:    ... okay on input line 10.
LaTeX Font Info:    Checking defaults for OMS/cmsy/m/n on input line 10.
LaTeX Font Info:    ... okay on input line 10.
LaTeX Font Info:    Checking defaults for OT1/cmr/m/n on input line 10.
LaTeX Font Info:    ... okay on input line 10.
LaTeX Font Info:    Checking defaults for T1/cmr/m/n on input line 10.
LaTeX Font Info:    ... okay on input line 10.
LaTeX Font Info:    Checking defaults for TS1/cmr/m/n on input line 10.
LaTeX Font Info:    ... okay on input line 10.
LaTeX Font Info:    Checking defaults for OMX/cmex/m/n on input line 10.
LaTeX Font Info:    ... okay on input line 10.
LaTeX Font Info:    Checking defaults for U/cmr/m/n on input line 10.
LaTeX Font Info:    ... okay on input line 10.
LaTeX Font Info:    Checking defaults for PD1/pdf/m/n on input line 10.
LaTeX Font Info:    ... okay on input line 10.
LaTeX Font Info:    Checking defaults for PU/pdf/m/n on input line 10.
LaTeX Font Info:    ... okay on input line 10.

*geometry* driver: auto-detecting
*geometry* detected driver: pdftex
*geometry* verbose mode - [ preamble ] result:
* driver: pdftex
* paper: a4paper
* layout: <same size as paper>
* layoutoffset:(h,v)=(0.0pt,0.0pt)
* modes: 
* h-part:(L,W,R)=(85.27806pt, 426.95175pt, 85.27806pt)
* v-part:(T,H,B)=(85.27806pt, 645.58206pt, 114.18672pt)
* \paperwidth=597.50787pt
* \paperheight=845.04684pt
* \textwidth=426.95175pt
* \textheight=645.58206pt
* \oddsidemargin=13.00807pt
* \evensidemargin=13.00807pt
* \topmargin=-35.95891pt
* \headheight=15.0pt
* \headsep=33.96698pt
* \topskip=12.0pt
* \footskip=78.05173pt
* \marginparwidth=38.0pt
* \marginparsep=7.0pt
* \columnsep=10.0pt
* \skip\footins=10.8pt plus 4.0pt minus 2.0pt
* \hoffset=0.0pt
* \voffset=0.0pt
* \mag=1000
* \@twocolumnfalse
* \@twosidefalse
* \@mparswitchfalse
* \@reversemarginfalse
* (1in=72.27pt=25.4mm, 1cm=28.453pt)

(/usr/share/texlive/texmf-dist/tex/context/base/mkii/supp-pdf.mkii
[Loading MPS to PDF converter (version 2006.09.02).]
\scratchcounter=\count450
\scratchdimen=\dimen296
\scratchbox=\box69
\nofMPsegments=\count451
\nofMParguments=\count452
\everyMPshowfont=\toks41
\MPscratchCnt=\count453
\MPscratchDim=\dimen297
\MPnumerator=\count454
\makeMPintoPDFobject=\count455
\everyMPtoPDFconversion=\toks42
) (/usr/share/texlive/texmf-dist/tex/latex/epstopdf-pkg/epstopdf-base.sty
Package: epstopdf-base 2020-01-24 v2.11 Base part for package epstopdf
Package epstopdf-base Info: Redefining graphics rule for `.eps' on input line 485.
 (/usr/share/texlive/texmf-dist/tex/latex/latexconfig/epstopdf-sys.cfg
File: epstopdf-sys.cfg 2010/07/13 v1.3 Configuration of (r)epstopdf for TeX Live
))
Package caption Info: Begin \AtBeginDocument code.
Package caption Info: hyperref package is loaded.
Package caption Info: End \AtBeginDocument code.
\big@size=\dimen298
Package biblatex Info: Trying to load language 'indonesian'...
Package biblatex Info: ... file 'indonesian.lbx' found.
 (./indonesian.lbx
File: indonesian.lbx 2025/01/01 indonesian language definitions
Package biblatex Info: Trying to load language 'english'...
Package biblatex Info: ... file 'english.lbx' found.
 (/usr/share/texlive/texmf-dist/tex/latex/biblatex/lbx/english.lbx
File: english.lbx 2024/03/21 v3.20 biblatex localization (PK/MW)
)
Package biblatex Info: Trying to load language 'english'...
Package biblatex Info: ... file 'english.lbx' found.
 (/usr/share/texlive/texmf-dist/tex/latex/biblatex/lbx/english.lbx
File: english.lbx 2024/03/21 v3.20 biblatex localization (PK/MW)
))
Package biblatex Info: Input encoding 'utf8' detected.
Package biblatex Info: Automatic encoding selection.
(biblatex)             Assuming data encoding 'utf8'.
\openout4 = `main.bcf'.

Package biblatex Info: Trying to load bibliographic data...
Package biblatex Info: ... file 'main.bbl' found.
 (./main.bbl)
Package biblatex Info: Reference section=0 on input line 10.
Package biblatex Info: Reference segment=0 on input line 10.
Package hyperref Info: Link coloring ON on input line 10.
 (./main.out) (./main.out)
\@outlinefile=\write5
\openout5 = `main.out'.

 (./contents/frontmatter.tex
@firstpass
[]\T1/ptm/b/n/17.28 Food 
@ via @@0 b=0 p=0 d=100
@@1: line 1.2 t=100 -> @@0
AI 
@ via @@0 b=0 p=0 d=100
@ via @@1 b=0 p=0 d=100
@@2: line 1.2 t=100 -> @@0
Rescue 
@ via @@0 b=0 p=0 d=100
@ via @@1 b=0 p=0 d=100
@ via @@2 b=0 p=0 d=100
@@3: line 1.2 t=100 -> @@0
: 
@ via @@0 b=0 p=0 d=100
@ via @@1 b=0 p=0 d=100
@ via @@2 b=0 p=0 d=100
@ via @@3 b=0 p=0 d=100
@@4: line 1.2 t=100 -> @@0
Platform 
@ via @@0 b=0 p=0 d=100
@ via @@1 b=0 p=0 d=100
@ via @@2 b=0 p=0 d=100
@ via @@3 b=0 p=0 d=100
@ via @@4 b=0 p=0 d=100
@@5: line 1.2 t=100 -> @@0
Pengolahan 
@ via @@0 b=0 p=0 d=100
@ via @@1 b=0 p=0 d=100
@ via @@2 b=0 p=0 d=100
@ via @@3 b=0 p=0 d=100
@ via @@4 b=0 p=0 d=100
@ via @@5 b=0 p=0 d=100
@@6: line 1.2 t=100 -> @@0
dan 
@ via @@0 b=0 p=0 d=100
@ via @@1 b=0 p=0 d=100
@ via @@2 b=0 p=0 d=100
@ via @@3 b=0 p=0 d=100
@ via @@4 b=0 p=0 d=100
@ via @@5 b=0 p=0 d=100
@ via @@6 b=0 p=0 d=100
@@7: line 1.2 t=100 -> @@0
Pendistribusian 
@ via @@1 b=0 p=0 d=100
@ via @@2 b=0 p=0 d=100
@ via @@3 b=0 p=0 d=100
@ via @@4 b=0 p=0 d=100
@ via @@5 b=0 p=0 d=100
@ via @@6 b=0 p=0 d=100
@ via @@7 b=0 p=0 d=100
@@8: line 2.2 t=200 -> @@7
Makanan 
@ via @@3 b=0 p=0 d=100
@ via @@4 b=0 p=0 d=100
@ via @@5 b=0 p=0 d=100
@ via @@6 b=0 p=0 d=100
@ via @@7 b=0 p=0 d=100
@ via @@8 b=0 p=0 d=100
@@9: line 2.2 t=200 -> @@7
Sisa 
@ via @@3 b=3 p=0 d=169
@ via @@4 b=0 p=0 d=100
@ via @@5 b=0 p=0 d=100
@ via @@6 b=0 p=0 d=100
@ via @@7 b=0 p=0 d=100
@ via @@8 b=0 p=0 d=100
@ via @@9 b=0 p=0 d=100
@@10: line 2.2 t=200 -> @@7
Berbasis 
@ via @@5 b=0 p=0 d=100
@ via @@6 b=0 p=0 d=100
@ via @@7 b=0 p=0 d=100
@ via @@8 b=0 p=0 d=100
@ via @@9 b=0 p=0 d=100
@ via @@10 b=0 p=0 d=100
@@11: line 2.2 t=200 -> @@7
AI
@\par via @@6 b=0 p=-10000 d=100
@\par via @@7 b=0 p=-10000 d=100
@\par via @@8 b=0 p=-10000 d=100
@\par via @@9 b=0 p=-10000 d=100
@\par via @@10 b=0 p=-10000 d=100
@\par via @@11 b=0 p=-10000 d=100
@@12: line 2.2- t=200 -> @@7

@firstpass
[]\T1/ptm/b/n/17.28 Food 
@ via @@0 b=0 p=0 d=100
@@1: line 1.2 t=100 -> @@0
AI 
@ via @@0 b=0 p=0 d=100
@ via @@1 b=0 p=0 d=100
@@2: line 1.2 t=100 -> @@0
Rescue: 
@ via @@0 b=0 p=0 d=100
@ via @@1 b=0 p=0 d=100
@ via @@2 b=0 p=0 d=100
@@3: line 1.2 t=100 -> @@0
An 
@ via @@0 b=0 p=0 d=100
@ via @@1 b=0 p=0 d=100
@ via @@2 b=0 p=0 d=100
@ via @@3 b=0 p=0 d=100
@@4: line 1.2 t=100 -> @@0
AI-Based 
@ via @@0 b=0 p=0 d=100
@ via @@1 b=0 p=0 d=100
@ via @@2 b=0 p=0 d=100
@ via @@3 b=0 p=0 d=100
@ via @@4 b=0 p=0 d=100
@@5: line 1.2 t=100 -> @@0
Platform 
@ via @@0 b=0 p=0 d=100
@ via @@1 b=0 p=0 d=100
@ via @@2 b=0 p=0 d=100
@ via @@3 b=0 p=0 d=100
@ via @@4 b=0 p=0 d=100
@ via @@5 b=0 p=0 d=100
@@6: line 1.2 t=100 -> @@0
for 
@ via @@0 b=0 p=0 d=100
@ via @@1 b=0 p=0 d=100
@ via @@2 b=0 p=0 d=100
@ via @@3 b=0 p=0 d=100
@ via @@4 b=0 p=0 d=100
@ via @@5 b=0 p=0 d=100
@ via @@6 b=0 p=0 d=100
@@7: line 1.2 t=100 -> @@0
the 
@ via @@0 b=0 p=0 d=100
@ via @@1 b=0 p=0 d=100
@ via @@2 b=0 p=0 d=100
@ via @@3 b=0 p=0 d=100
@ via @@4 b=0 p=0 d=100
@ via @@5 b=0 p=0 d=100
@ via @@6 b=0 p=0 d=100
@ via @@7 b=0 p=0 d=100
@@8: line 1.2 t=100 -> @@0
Processing 
@ via @@0 b=3 p=0 d=169
@ via @@1 b=0 p=0 d=100
@ via @@2 b=0 p=0 d=100
@ via @@3 b=0 p=0 d=100
@ via @@4 b=0 p=0 d=100
@ via @@5 b=0 p=0 d=100
@ via @@6 b=0 p=0 d=100
@ via @@7 b=0 p=0 d=100
@ via @@8 b=0 p=0 d=100
@@9: line 1.2 t=169 -> @@0
and 
@ via @@1 b=0 p=0 d=100
@ via @@2 b=0 p=0 d=100
@ via @@3 b=0 p=0 d=100
@ via @@4 b=0 p=0 d=100
@ via @@5 b=0 p=0 d=100
@ via @@6 b=0 p=0 d=100
@ via @@7 b=0 p=0 d=100
@ via @@8 b=0 p=0 d=100
@ via @@9 b=0 p=0 d=100
@@10: line 2.2 t=200 -> @@8
Distribution 
@ via @@3 b=0 p=0 d=100
@ via @@4 b=0 p=0 d=100
@ via @@5 b=0 p=0 d=100
@ via @@6 b=0 p=0 d=100
@ via @@7 b=0 p=0 d=100
@ via @@8 b=0 p=0 d=100
@ via @@9 b=0 p=0 d=100
@ via @@10 b=0 p=0 d=100
@@11: line 2.2 t=200 -> @@8
of 
@ via @@4 b=0 p=0 d=100
@ via @@5 b=0 p=0 d=100
@ via @@6 b=0 p=0 d=100
@ via @@7 b=0 p=0 d=100
@ via @@8 b=0 p=0 d=100
@ via @@9 b=0 p=0 d=100
@ via @@10 b=0 p=0 d=100
@ via @@11 b=0 p=0 d=100
@@12: line 2.2 t=200 -> @@8
Food 
@ via @@5 b=0 p=0 d=100
@ via @@6 b=0 p=0 d=100
@ via @@7 b=0 p=0 d=100
@ via @@8 b=0 p=0 d=100
@ via @@9 b=0 p=0 d=100
@ via @@10 b=0 p=0 d=100
@ via @@11 b=0 p=0 d=100
@ via @@12 b=0 p=0 d=100
@@13: line 2.2 t=200 -> @@8
Waste
@\par via @@6 b=0 p=-10000 d=100
@\par via @@7 b=0 p=-10000 d=100
@\par via @@8 b=0 p=-10000 d=100
@\par via @@9 b=0 p=-10000 d=100
@\par via @@10 b=0 p=-10000 d=100
@\par via @@11 b=0 p=-10000 d=100
@\par via @@12 b=0 p=-10000 d=100
@\par via @@13 b=0 p=-10000 d=100
@@14: line 2.2- t=200 -> @@8

@firstpass
[]\T1/ptm/b/n/12 Dokumen 
@ via @@0 b=0 p=0 d=100
@@1: line 1.2 t=100 -> @@0
ini 
@ via @@0 b=0 p=0 d=100
@ via @@1 b=0 p=0 d=100
@@2: line 1.2 t=100 -> @@0
ditujukan 
@ via @@0 b=0 p=0 d=100
@ via @@1 b=0 p=0 d=100
@ via @@2 b=0 p=0 d=100
@@3: line 1.2 t=100 -> @@0
untuk 
@ via @@0 b=0 p=0 d=100
@ via @@1 b=0 p=0 d=100
@ via @@2 b=0 p=0 d=100
@ via @@3 b=0 p=0 d=100
@@4: line 1.2 t=100 -> @@0
memenuhi 
@ via @@0 b=0 p=0 d=100
@ via @@1 b=0 p=0 d=100
@ via @@2 b=0 p=0 d=100
@ via @@3 b=0 p=0 d=100
@ via @@4 b=0 p=0 d=100
@@5: line 1.2 t=100 -> @@0
persyaratan 
@ via @@0 b=0 p=0 d=100
@ via @@1 b=0 p=0 d=100
@ via @@2 b=0 p=0 d=100
@ via @@3 b=0 p=0 d=100
@ via @@4 b=0 p=0 d=100
@ via @@5 b=0 p=0 d=100
@@6: line 1.2 t=100 -> @@0
Mata 
@ via @@0 b=0 p=0 d=100
@ via @@1 b=0 p=0 d=100
@ via @@2 b=0 p=0 d=100
@ via @@3 b=0 p=0 d=100
@ via @@4 b=0 p=0 d=100
@ via @@5 b=0 p=0 d=100
@ via @@6 b=0 p=0 d=100
@@7: line 1.2 t=100 -> @@0
Kuliah 
@ via @@0 b=0 p=0 d=100
@ via @@1 b=0 p=0 d=100
@ via @@2 b=0 p=0 d=100
@ via @@3 b=0 p=0 d=100
@ via @@4 b=0 p=0 d=100
@ via @@5 b=0 p=0 d=100
@ via @@6 b=0 p=0 d=100
@ via @@7 b=0 p=0 d=100
@@8: line 1.2 t=100 -> @@0
Tugas 
@ via @@0 b=0 p=0 d=100
@ via @@1 b=0 p=0 d=100
@ via @@2 b=0 p=0 d=100
@ via @@3 b=0 p=0 d=100
@ via @@4 b=0 p=0 d=100
@ via @@5 b=0 p=0 d=100
@ via @@6 b=0 p=0 d=100
@ via @@7 b=0 p=0 d=100
@ via @@8 b=0 p=0 d=100
@@9: line 1.2 t=100 -> @@0
Akhir
@\par via @@0 b=0 p=-10000 d=100
@\par via @@1 b=0 p=-10000 d=100
@\par via @@2 b=0 p=-10000 d=100
@\par via @@3 b=0 p=-10000 d=100
@\par via @@4 b=0 p=-10000 d=100
@\par via @@5 b=0 p=-10000 d=100
@\par via @@6 b=0 p=-10000 d=100
@\par via @@7 b=0 p=-10000 d=100
@\par via @@8 b=0 p=-10000 d=100
@\par via @@9 b=0 p=-10000 d=100
@@10: line 1.2- t=100 -> @@0

<image/logo.png, id=141, 520.94624pt x 592.2125pt>
File: image/logo.png Graphic file (type png)
<use image/logo.png>
Package pdftex.def Info: image/logo.png  used on input line 19.
(pdftex.def)             Requested size: 213.47588pt x 242.68217pt.
@firstpass
[][]
@\par via @@0 b=0 p=-10000 d=100
@@1: line 1.2- t=100 -> @@0

@firstpass
[]\T1/ptm/m/n/14.4 Disusun 
@ via @@0 b=0 p=0 d=100
@@1: line 1.2 t=100 -> @@0
Oleh,
@\par via @@0 b=0 p=-10000 d=100
@\par via @@1 b=0 p=-10000 d=100
@@2: line 1.2- t=100 -> @@0

@firstpass
[]\T1/ptm/m/n/14.4 607012400075 
@ via @@0 b=0 p=0 d=100
@@1: line 1.2 t=100 -> @@0
- 
@ via @@0 b=0 p=0 d=100
@ via @@1 b=0 p=0 d=100
@@2: line 1.2 t=100 -> @@0
Shafnat 
@ via @@0 b=0 p=0 d=100
@ via @@1 b=0 p=0 d=100
@ via @@2 b=0 p=0 d=100
@@3: line 1.2 t=100 -> @@0
Fuaini 
@ via @@0 b=0 p=0 d=100
@ via @@1 b=0 p=0 d=100
@ via @@2 b=0 p=0 d=100
@ via @@3 b=0 p=0 d=100
@@4: line 1.2 t=100 -> @@0
Ramadhan,
@\par via @@0 b=0 p=-10000 d=100
@\par via @@1 b=0 p=-10000 d=100
@\par via @@2 b=0 p=-10000 d=100
@\par via @@3 b=0 p=-10000 d=100
@\par via @@4 b=0 p=-10000 d=100
@@5: line 1.2- t=100 -> @@0

@firstpass
[]\T1/ptm/m/n/17.28 PROGRAM 
@ via @@0 b=0 p=0 d=100
@@1: line 1.2 t=100 -> @@0
STUDI 
@ via @@0 b=0 p=0 d=100
@ via @@1 b=0 p=0 d=100
@@2: line 1.2 t=100 -> @@0
D3 
@ via @@0 b=0 p=0 d=100
@ via @@1 b=0 p=0 d=100
@ via @@2 b=0 p=0 d=100
@@3: line 1.2 t=100 -> @@0
SISTEM 
@ via @@0 b=0 p=0 d=100
@ via @@1 b=0 p=0 d=100
@ via @@2 b=0 p=0 d=100
@ via @@3 b=0 p=0 d=100
@@4: line 1.2 t=100 -> @@0
INFORMASI
@\par via @@0 b=0 p=-10000 d=100
@\par via @@1 b=0 p=-10000 d=100
@\par via @@2 b=0 p=-10000 d=100
@\par via @@3 b=0 p=-10000 d=100
@\par via @@4 b=0 p=-10000 d=100
@@5: line 1.2- t=100 -> @@0

@firstpass
[]\T1/ptm/m/n/17.28 FAKULTAS 
@ via @@0 b=0 p=0 d=100
@@1: line 1.2 t=100 -> @@0
ILMU 
@ via @@0 b=0 p=0 d=100
@ via @@1 b=0 p=0 d=100
@@2: line 1.2 t=100 -> @@0
TERAPAN
@\par via @@0 b=0 p=-10000 d=100
@\par via @@1 b=0 p=-10000 d=100
@\par via @@2 b=0 p=-10000 d=100
@@3: line 1.2- t=100 -> @@0

@firstpass
[]\T1/ptm/m/n/17.28 UNIVERSITAS 
@ via @@0 b=0 p=0 d=100
@@1: line 1.2 t=100 -> @@0
TELKOM
@\par via @@0 b=0 p=-10000 d=100
@\par via @@1 b=0 p=-10000 d=100
@@2: line 1.2- t=100 -> @@0

@firstpass
[]\T1/ptm/m/n/17.28 BANDUNG
@\par via @@0 b=0 p=-10000 d=100
@@1: line 1.2- t=100 -> @@0

@firstpass
[]\T1/ptm/m/n/14.4 2026
@\par via @@0 b=0 p=-10000 d=100
@@1: line 1.2- t=100 -> @@0

 [1



{/var/lib/texmf/fonts/map/pdftex/updmap/pdftex.map}{/usr/share/texlive/texmf-dist/fonts/enc/dvips/base/8r.enc} <./image/logo.png>]
@firstpass
[]
@\penalty via @@0 b=0 p=0 d=100
@@1: line 1.2 t=100 -> @@0
\T1/ptm/b/n/17.28 LEMBAR 
@ via @@0 b=0 p=0 d=100
@ via @@1 b=0 p=0 d=100
@@2: line 1.2 t=100 -> @@0
PERSEMBAHAN
@\par via @@0 b=0 p=-10000 d=100
@\par via @@1 b=0 p=-10000 d=100
@\par via @@2 b=0 p=-10000 d=100
@@3: line 1.2- t=100 -> @@0

@firstpass
[]
@\penalty via @@0 b=0 p=0 d=100
@@1: line 1.2 t=100 -> @@0
\T1/ptm/m/it/14.4 Karya 
@ via @@0 b=0 p=0 d=100
@ via @@1 b=0 p=0 d=100
@@2: line 1.2 t=100 -> @@0
sederhana 
@ via @@0 b=0 p=0 d=100
@ via @@1 b=0 p=0 d=100
@ via @@2 b=0 p=0 d=100
@@3: line 1.2 t=100 -> @@0
ini 
@ via @@0 b=0 p=0 d=100
@ via @@1 b=0 p=0 d=100
@ via @@2 b=0 p=0 d=100
@ via @@3 b=0 p=0 d=100
@@4: line 1.2 t=100 -> @@0
penulis 
@ via @@0 b=0 p=0 d=100
@ via @@1 b=0 p=0 d=100
@ via @@2 b=0 p=0 d=100
@ via @@3 b=0 p=0 d=100
@ via @@4 b=0 p=0 d=100
@@5: line 1.2 t=100 -> @@0
persembahkan, 
@ via @@0 b=0 p=0 d=100
@ via @@1 b=0 p=0 d=100
@ via @@2 b=0 p=0 d=100
@ via @@3 b=0 p=0 d=100
@ via @@4 b=0 p=0 d=100
@ via @@5 b=0 p=0 d=100
@@6: line 1.2 t=100 -> @@0
 sebagai 
@ via @@0 b=0 p=0 d=100
@ via @@1 b=0 p=0 d=100
@ via @@2 b=0 p=0 d=100
@ via @@3 b=0 p=0 d=100
@ via @@4 b=0 p=0 d=100
@ via @@5 b=0 p=0 d=100
@ via @@6 b=0 p=0 d=100
@@7: line 1.2 t=100 -> @@0
wujud 
@ via @@0 b=0 p=0 d=100
@ via @@1 b=0 p=0 d=100
@ via @@2 b=0 p=0 d=100
@ via @@3 b=0 p=0 d=100
@ via @@4 b=0 p=0 d=100
@ via @@5 b=0 p=0 d=100
@ via @@6 b=0 p=0 d=100
@ via @@7 b=0 p=0 d=100
@@8: line 1.2 t=100 -> @@0
syukur 
@ via @@0 b=0 p=0 d=100
@ via @@1 b=0 p=0 d=100
@ via @@2 b=0 p=0 d=100
@ via @@3 b=0 p=0 d=100
@ via @@4 b=0 p=0 d=100
@ via @@5 b=0 p=0 d=100
@ via @@6 b=0 p=0 d=100
@ via @@7 b=0 p=0 d=100
@ via @@8 b=0 p=0 d=100
@@9: line 1.2 t=100 -> @@0
yang 
@ via @@0 b=0 p=0 d=100
@ via @@1 b=0 p=0 d=100
@ via @@2 b=0 p=0 d=100
@ via @@3 b=0 p=0 d=100
@ via @@4 b=0 p=0 d=100
@ via @@5 b=0 p=0 d=100
@ via @@6 b=0 p=0 d=100
@ via @@7 b=0 p=0 d=100
@ via @@8 b=0 p=0 d=100
@ via @@9 b=0 p=0 d=100
@@10: line 1.2 t=100 -> @@0
tak 
@ via @@2 b=0 p=0 d=100
@ via @@3 b=0 p=0 d=100
@ via @@4 b=0 p=0 d=100
@ via @@5 b=0 p=0 d=100
@ via @@6 b=0 p=0 d=100
@ via @@7 b=0 p=0 d=100
@ via @@8 b=0 p=0 d=100
@ via @@9 b=0 p=0 d=100
@ via @@10 b=0 p=0 d=100
@@11: line 2.2 t=200 -> @@10
terhingga, 
@ via @@3 b=0 p=0 d=100
@ via @@4 b=0 p=0 d=100
@ via @@5 b=0 p=0 d=100
@ via @@6 b=0 p=0 d=100
@ via @@7 b=0 p=0 d=100
@ via @@8 b=0 p=0 d=100
@ via @@9 b=0 p=0 d=100
@ via @@10 b=0 p=0 d=100
@ via @@11 b=0 p=0 d=100
@@12: line 2.2 t=200 -> @@10
 dan 
@ via @@3 b=1 p=0 d=121
@ via @@4 b=0 p=0 d=100
@ via @@5 b=0 p=0 d=100
@ via @@6 b=0 p=0 d=100
@ via @@7 b=0 p=0 d=100
@ via @@8 b=0 p=0 d=100
@ via @@9 b=0 p=0 d=100
@ via @@10 b=0 p=0 d=100
@ via @@11 b=0 p=0 d=100
@ via @@12 b=0 p=0 d=100
@@13: line 2.2 t=200 -> @@10
cinta 
@ via @@5 b=0 p=0 d=100
@ via @@6 b=0 p=0 d=100
@ via @@7 b=0 p=0 d=100
@ via @@8 b=0 p=0 d=100
@ via @@9 b=0 p=0 d=100
@ via @@10 b=0 p=0 d=100
@ via @@11 b=0 p=0 d=100
@ via @@12 b=0 p=0 d=100
@ via @@13 b=0 p=0 d=100
@@14: line 2.2 t=200 -> @@10
yang 
@ via @@5 b=1 p=0 d=121
@ via @@6 b=0 p=0 d=100
@ via @@7 b=0 p=0 d=100
@ via @@8 b=0 p=0 d=100
@ via @@9 b=0 p=0 d=100
@ via @@10 b=0 p=0 d=100
@ via @@11 b=0 p=0 d=100
@ via @@12 b=0 p=0 d=100
@ via @@13 b=0 p=0 d=100
@ via @@14 b=0 p=0 d=100
@@15: line 2.2 t=200 -> @@10
mengalir 
@ via @@6 b=0 p=0 d=100
@ via @@7 b=0 p=0 d=100
@ via @@8 b=0 p=0 d=100
@ via @@9 b=0 p=0 d=100
@ via @@10 b=0 p=0 d=100
@ via @@11 b=0 p=0 d=100
@ via @@12 b=0 p=0 d=100
@ via @@13 b=0 p=0 d=100
@ via @@14 b=0 p=0 d=100
@ via @@15 b=0 p=0 d=100
@@16: line 2.2 t=200 -> @@10
tanpa 
@ via @@6 b=0 p=0 d=100
@ via @@7 b=0 p=0 d=100
@ via @@8 b=0 p=0 d=100
@ via @@9 b=0 p=0 d=100
@ via @@10 b=0 p=0 d=100
@ via @@11 b=0 p=0 d=100
@ via @@12 b=0 p=0 d=100
@ via @@13 b=0 p=0 d=100
@ via @@14 b=0 p=0 d=100
@ via @@15 b=0 p=0 d=100
@ via @@16 b=0 p=0 d=100
@@17: line 2.2 t=200 -> @@10
jeda, 
@ via @@7 b=0 p=0 d=100
@ via @@8 b=0 p=0 d=100
@ via @@9 b=0 p=0 d=100
@ via @@10 b=0 p=0 d=100
@ via @@11 b=0 p=0 d=100
@ via @@12 b=0 p=0 d=100
@ via @@13 b=0 p=0 d=100
@ via @@14 b=0 p=0 d=100
@ via @@15 b=0 p=0 d=100
@ via @@16 b=0 p=0 d=100
@ via @@17 b=0 p=0 d=100
@@18: line 2.2 t=200 -> @@10
kepada: 
@ via @@8 b=0 p=0 d=100
@ via @@9 b=0 p=0 d=100
@ via @@10 b=0 p=0 d=100
@ via @@11 b=0 p=0 d=100
@ via @@12 b=0 p=0 d=100
@ via @@13 b=0 p=0 d=100
@ via @@14 b=0 p=0 d=100
@ via @@15 b=0 p=0 d=100
@ via @@16 b=0 p=0 d=100
@ via @@17 b=0 p=0 d=100
@ via @@18 b=0 p=0 d=100
@@19: line 2.2 t=200 -> @@10
@\par via @@8 b=0 p=-10000 d=100
@\par via @@9 b=0 p=-10000 d=100
@\par via @@10 b=0 p=-10000 d=100
@\par via @@11 b=0 p=-10000 d=100
@\par via @@12 b=0 p=-10000 d=100
@\par via @@13 b=0 p=-10000 d=100
@\par via @@14 b=0 p=-10000 d=100
@\par via @@15 b=0 p=-10000 d=100
@\par via @@16 b=0 p=-10000 d=100
@\par via @@17 b=0 p=-10000 d=100
@\par via @@18 b=0 p=-10000 d=100
@\par via @@19 b=0 p=-10000 d=100
@@20: line 2.2- t=200 -> @@10

@firstpass
[]\T1/ptm/b/it/14.4 Orang 
@ via @@0 b=0 p=0 d=100
@@1: line 1.2 t=100 -> @@0
Tua 
@ via @@0 b=0 p=0 d=100
@ via @@1 b=0 p=0 d=100
@@2: line 1.2 t=100 -> @@0
Tercinta, 
@ via @@0 b=0 p=0 d=100
@ via @@1 b=0 p=0 d=100
@ via @@2 b=0 p=0 d=100
@@3: line 1.2 t=100 -> @@0
 \T1/ptm/m/it/14.4 Mama 
@ via @@0 b=0 p=0 d=100
@ via @@1 b=0 p=0 d=100
@ via @@2 b=0 p=0 d=100
@ via @@3 b=0 p=0 d=100
@@4: line 1.2 t=100 -> @@0
dan 
@ via @@0 b=0 p=0 d=100
@ via @@1 b=0 p=0 d=100
@ via @@2 b=0 p=0 d=100
@ via @@3 b=0 p=0 d=100
@ via @@4 b=0 p=0 d=100
@@5: line 1.2 t=100 -> @@0
Papa, 
@ via @@0 b=0 p=0 d=100
@ via @@1 b=0 p=0 d=100
@ via @@2 b=0 p=0 d=100
@ via @@3 b=0 p=0 d=100
@ via @@4 b=0 p=0 d=100
@ via @@5 b=0 p=0 d=100
@@6: line 1.2 t=100 -> @@0
 dalam 
@ via @@0 b=0 p=0 d=100
@ via @@1 b=0 p=0 d=100
@ via @@2 b=0 p=0 d=100
@ via @@3 b=0 p=0 d=100
@ via @@4 b=0 p=0 d=100
@ via @@5 b=0 p=0 d=100
@ via @@6 b=0 p=0 d=100
@@7: line 1.2 t=100 -> @@0
setiap 
@ via @@0 b=0 p=0 d=100
@ via @@1 b=0 p=0 d=100
@ via @@2 b=0 p=0 d=100
@ via @@3 b=0 p=0 d=100
@ via @@4 b=0 p=0 d=100
@ via @@5 b=0 p=0 d=100
@ via @@6 b=0 p=0 d=100
@ via @@7 b=0 p=0 d=100
@@8: line 1.2 t=100 -> @@0
doa 
@ via @@0 b=0 p=0 d=100
@ via @@1 b=0 p=0 d=100
@ via @@2 b=0 p=0 d=100
@ via @@3 b=0 p=0 d=100
@ via @@4 b=0 p=0 d=100
@ via @@5 b=0 p=0 d=100
@ via @@6 b=0 p=0 d=100
@ via @@7 b=0 p=0 d=100
@ via @@8 b=0 p=0 d=100
@@9: line 1.2 t=100 -> @@0
yang 
@ via @@0 b=0 p=0 d=100
@ via @@1 b=0 p=0 d=100
@ via @@2 b=0 p=0 d=100
@ via @@3 b=0 p=0 d=100
@ via @@4 b=0 p=0 d=100
@ via @@5 b=0 p=0 d=100
@ via @@6 b=0 p=0 d=100
@ via @@7 b=0 p=0 d=100
@ via @@8 b=0 p=0 d=100
@ via @@9 b=0 p=0 d=100
@@10: line 1.2 t=100 -> @@0
lirih 
@ via @@0 b=0 p=0 d=100
@ via @@1 b=0 p=0 d=100
@ via @@2 b=0 p=0 d=100
@ via @@3 b=0 p=0 d=100
@ via @@4 b=0 p=0 d=100
@ via @@5 b=0 p=0 d=100
@ via @@6 b=0 p=0 d=100
@ via @@7 b=0 p=0 d=100
@ via @@8 b=0 p=0 d=100
@ via @@9 b=0 p=0 d=100
@ via @@10 b=0 p=0 d=100
@@11: line 1.2 t=100 -> @@0
namun 
@ via @@0 b=69 p=0 d=6241
@ via @@1 b=0 p=0 d=100
@ via @@2 b=0 p=0 d=100
@ via @@3 b=0 p=0 d=100
@ via @@4 b=0 p=0 d=100
@ via @@5 b=0 p=0 d=100
@ via @@6 b=0 p=0 d=100
@ via @@7 b=0 p=0 d=100
@ via @@8 b=0 p=0 d=100
@ via @@9 b=0 p=0 d=100
@ via @@10 b=0 p=0 d=100
@ via @@11 b=0 p=0 d=100
@@12: line 2.2 t=200 -> @@11
@@13: line 1.3 t=6241 -> @@0
penuh 
@ via @@1 b=20 p=0 d=900
@ via @@2 b=0 p=0 d=100
@ via @@3 b=0 p=0 d=100
@ via @@4 b=0 p=0 d=100
@ via @@5 b=0 p=0 d=100
@ via @@6 b=0 p=0 d=100
@ via @@7 b=0 p=0 d=100
@ via @@8 b=0 p=0 d=100
@ via @@9 b=0 p=0 d=100
@ via @@10 b=0 p=0 d=100
@ via @@11 b=0 p=0 d=100
@ via @@12 b=0 p=0 d=100
@ via @@13 b=0 p=0 d=100
@@14: line 2.2 t=200 -> @@11
@@15: line 2.3 t=1000 -> @@1
harap, 
@ via @@3 b=0 p=0 d=100
@ via @@4 b=0 p=0 d=100
@ via @@5 b=0 p=0 d=100
@ via @@6 b=0 p=0 d=100
@ via @@7 b=0 p=0 d=100
@ via @@8 b=0 p=0 d=100
@ via @@9 b=0 p=0 d=100
@ via @@10 b=0 p=0 d=100
@ via @@11 b=0 p=0 d=100
@ via @@12 b=0 p=0 d=100
@ via @@13 b=0 p=0 d=100
@ via @@14 b=0 p=0 d=100
@ via @@15 b=0 p=0 d=100
@@16: line 2.2 t=200 -> @@11
 dalam 
@ via @@3 b=5 p=0 d=225
@ via @@4 b=0 p=0 d=100
@ via @@5 b=0 p=0 d=100
@ via @@6 b=0 p=0 d=100
@ via @@7 b=0 p=0 d=100
@ via @@8 b=0 p=0 d=100
@ via @@9 b=0 p=0 d=100
@ via @@10 b=0 p=0 d=100
@ via @@11 b=0 p=0 d=100
@ via @@12 b=0 p=0 d=100
@ via @@13 b=0 p=0 d=100
@ via @@14 b=0 p=0 d=100
@ via @@15 b=0 p=0 d=100
@ via @@16 b=0 p=0 d=100
@@17: line 2.2 t=200 -> @@11
kasih 
@ via @@4 b=0 p=0 d=100
@ via @@5 b=0 p=0 d=100
@ via @@6 b=0 p=0 d=100
@ via @@7 b=0 p=0 d=100
@ via @@8 b=0 p=0 d=100
@ via @@9 b=0 p=0 d=100
@ via @@10 b=0 p=0 d=100
@ via @@11 b=0 p=0 d=100
@ via @@12 b=0 p=0 d=100
@ via @@13 b=0 p=0 d=100
@ via @@14 b=0 p=0 d=100
@ via @@15 b=0 p=0 d=100
@ via @@16 b=0 p=0 d=100
@ via @@17 b=0 p=0 d=100
@@18: line 2.2 t=200 -> @@11
yang 
@ via @@5 b=5 p=0 d=225
@ via @@6 b=0 p=0 d=100
@ via @@7 b=0 p=0 d=100
@ via @@8 b=0 p=0 d=100
@ via @@9 b=0 p=0 d=100
@ via @@10 b=0 p=0 d=100
@ via @@11 b=0 p=0 d=100
@ via @@12 b=0 p=0 d=100
@ via @@13 b=0 p=0 d=100
@ via @@14 b=0 p=0 d=100
@ via @@15 b=0 p=0 d=100
@ via @@16 b=0 p=0 d=100
@ via @@17 b=0 p=0 d=100
@ via @@18 b=0 p=0 d=100
@@19: line 2.2 t=200 -> @@11
tak 
@ via @@6 b=0 p=0 d=100
@ via @@7 b=0 p=0 d=100
@ via @@8 b=0 p=0 d=100
@ via @@9 b=0 p=0 d=100
@ via @@10 b=0 p=0 d=100
@ via @@11 b=0 p=0 d=100
@ via @@12 b=0 p=0 d=100
@ via @@13 b=0 p=0 d=100
@ via @@14 b=0 p=0 d=100
@ via @@15 b=0 p=0 d=100
@ via @@16 b=0 p=0 d=100
@ via @@17 b=0 p=0 d=100
@ via @@18 b=0 p=0 d=100
@ via @@19 b=0 p=0 d=100
@@20: line 2.2 t=200 -> @@11
pernah 
@ via @@7 b=0 p=0 d=100
@ via @@8 b=0 p=0 d=100
@ via @@9 b=0 p=0 d=100
@ via @@10 b=0 p=0 d=100
@ via @@11 b=0 p=0 d=100
@ via @@12 b=0 p=0 d=100
@ via @@13 b=0 p=0 d=100
@ via @@14 b=0 p=0 d=100
@ via @@15 b=0 p=0 d=100
@ via @@16 b=0 p=0 d=100
@ via @@17 b=0 p=0 d=100
@ via @@18 b=0 p=0 d=100
@ via @@19 b=0 p=0 d=100
@ via @@20 b=0 p=0 d=100
@@21: line 2.2 t=200 -> @@11
bertepi, 
@ via @@8 b=0 p=0 d=100
@ via @@9 b=0 p=0 d=100
@ via @@10 b=0 p=0 d=100
@ via @@11 b=0 p=0 d=100
@ via @@12 b=0 p=0 d=100
@ via @@13 b=0 p=0 d=100
@ via @@14 b=0 p=0 d=100
@ via @@15 b=0 p=0 d=100
@ via @@16 b=0 p=0 d=100
@ via @@17 b=0 p=0 d=100
@ via @@18 b=0 p=0 d=100
@ via @@19 b=0 p=0 d=100
@ via @@20 b=0 p=0 d=100
@ via @@21 b=0 p=0 d=100
@@22: line 2.2 t=200 -> @@11
 dan 
@ via @@9 b=4 p=0 d=196
@ via @@10 b=0 p=0 d=100
@ via @@11 b=0 p=0 d=100
@ via @@12 b=0 p=0 d=100
@ via @@13 b=0 p=0 d=100
@ via @@14 b=0 p=0 d=100
@ via @@15 b=0 p=0 d=100
@ via @@16 b=0 p=0 d=100
@ via @@17 b=0 p=0 d=100
@ via @@18 b=0 p=0 d=100
@ via @@19 b=0 p=0 d=100
@ via @@20 b=0 p=0 d=100
@ via @@21 b=0 p=0 d=100
@ via @@22 b=0 p=0 d=100
@@23: line 2.2 t=200 -> @@11
dalam 
@ via @@11 b=0 p=0 d=100
@ via @@12 b=0 p=0 d=100
@ via @@13 b=0 p=0 d=100
@ via @@14 b=0 p=0 d=100
@ via @@15 b=0 p=0 d=100
@ via @@16 b=0 p=0 d=100
@ via @@17 b=0 p=0 d=100
@ via @@18 b=0 p=0 d=100
@ via @@19 b=0 p=0 d=100
@ via @@20 b=0 p=0 d=100
@ via @@21 b=0 p=0 d=100
@ via @@22 b=0 p=0 d=100
@ via @@23 b=0 p=0 d=100
@@24: line 2.2 t=200 -> @@11
setiap 
@ via @@12 b=0 p=0 d=100
@ via @@13 b=0 p=0 d=100
@ via @@14 b=0 p=0 d=100
@ via @@15 b=0 p=0 d=100
@ via @@16 b=0 p=0 d=100
@ via @@17 b=0 p=0 d=100
@ via @@18 b=0 p=0 d=100
@ via @@19 b=0 p=0 d=100
@ via @@20 b=0 p=0 d=100
@ via @@21 b=0 p=0 d=100
@ via @@22 b=0 p=0 d=100
@ via @@23 b=0 p=0 d=100
@ via @@24 b=0 p=0 d=100
@@25: line 3.2 t=300 -> @@24
dukungan 
@ via @@14 b=0 p=0 d=100
@ via @@15 b=0 p=0 d=100
@ via @@16 b=0 p=0 d=100
@ via @@17 b=0 p=0 d=100
@ via @@18 b=0 p=0 d=100
@ via @@19 b=0 p=0 d=100
@ via @@20 b=0 p=0 d=100
@ via @@21 b=0 p=0 d=100
@ via @@22 b=0 p=0 d=100
@ via @@23 b=0 p=0 d=100
@ via @@24 b=0 p=0 d=100
@ via @@25 b=0 p=0 d=100
@@26: line 3.2 t=300 -> @@24
yang 
@ via @@16 b=0 p=0 d=100
@ via @@17 b=0 p=0 d=100
@ via @@18 b=0 p=0 d=100
@ via @@19 b=0 p=0 d=100
@ via @@20 b=0 p=0 d=100
@ via @@21 b=0 p=0 d=100
@ via @@22 b=0 p=0 d=100
@ via @@23 b=0 p=0 d=100
@ via @@24 b=0 p=0 d=100
@ via @@25 b=0 p=0 d=100
@ via @@26 b=0 p=0 d=100
@@27: line 3.2 t=300 -> @@24
menguatkan 
@ via @@18 b=0 p=0 d=100
@ via @@19 b=0 p=0 d=100
@ via @@20 b=0 p=0 d=100
@ via @@21 b=0 p=0 d=100
@ via @@22 b=0 p=0 d=100
@ via @@23 b=0 p=0 d=100
@ via @@24 b=0 p=0 d=100
@ via @@25 b=0 p=0 d=100
@ via @@26 b=0 p=0 d=100
@ via @@27 b=0 p=0 d=100
@@28: line 3.2 t=300 -> @@24
langkah 
@ via @@19 b=26 p=0 d=1296
@ via @@20 b=0 p=0 d=100
@ via @@21 b=0 p=0 d=100
@ via @@22 b=0 p=0 d=100
@ via @@23 b=0 p=0 d=100
@ via @@24 b=0 p=0 d=100
@ via @@25 b=0 p=0 d=100
@ via @@26 b=0 p=0 d=100
@ via @@27 b=0 p=0 d=100
@ via @@28 b=0 p=0 d=100
@@29: line 3.2 t=300 -> @@24
@@30: line 3.3 t=1496 -> @@19
penulis 
@ via @@21 b=0 p=0 d=100
@ via @@22 b=0 p=0 d=100
@ via @@23 b=0 p=0 d=100
@ via @@24 b=0 p=0 d=100
@ via @@25 b=0 p=0 d=100
@ via @@26 b=0 p=0 d=100
@ via @@27 b=0 p=0 d=100
@ via @@28 b=0 p=0 d=100
@ via @@29 b=0 p=0 d=100
@ via @@30 b=0 p=0 d=100
@@31: line 3.2 t=300 -> @@24
hingga 
@ via @@22 b=0 p=0 d=100
@ via @@23 b=0 p=0 d=100
@ via @@24 b=0 p=0 d=100
@ via @@25 b=0 p=0 d=100
@ via @@26 b=0 p=0 d=100
@ via @@27 b=0 p=0 d=100
@ via @@28 b=0 p=0 d=100
@ via @@29 b=0 p=0 d=100
@ via @@30 b=0 p=0 d=100
@ via @@31 b=0 p=0 d=100
@@32: line 3.2 t=300 -> @@24
sampai 
@ via @@23 b=0 p=0 d=100
@ via @@24 b=0 p=0 d=100
@ via @@25 b=0 p=0 d=100
@ via @@26 b=0 p=0 d=100
@ via @@27 b=0 p=0 d=100
@ via @@28 b=0 p=0 d=100
@ via @@29 b=0 p=0 d=100
@ via @@30 b=0 p=0 d=100
@ via @@31 b=0 p=0 d=100
@ via @@32 b=0 p=0 d=100
@@33: line 3.2 t=300 -> @@24
di 
@ via @@24 b=0 p=0 d=100
@ via @@25 b=0 p=0 d=100
@ via @@26 b=0 p=0 d=100
@ via @@27 b=0 p=0 d=100
@ via @@28 b=0 p=0 d=100
@ via @@29 b=0 p=0 d=100
@ via @@30 b=0 p=0 d=100
@ via @@31 b=0 p=0 d=100
@ via @@32 b=0 p=0 d=100
@ via @@33 b=0 p=0 d=100
@@34: line 3.2 t=300 -> @@24
titik 
@ via @@24 b=0 p=0 d=100
@ via @@25 b=0 p=0 d=100
@ via @@26 b=0 p=0 d=100
@ via @@27 b=0 p=0 d=100
@ via @@28 b=0 p=0 d=100
@ via @@29 b=0 p=0 d=100
@ via @@30 b=0 p=0 d=100
@ via @@31 b=0 p=0 d=100
@ via @@32 b=0 p=0 d=100
@ via @@33 b=0 p=0 d=100
@ via @@34 b=0 p=0 d=100
@@35: line 3.2 t=300 -> @@24
ini. 
@ via @@25 b=0 p=0 d=100
@ via @@26 b=0 p=0 d=100
@ via @@27 b=0 p=0 d=100
@ via @@28 b=0 p=0 d=100
@ via @@29 b=0 p=0 d=100
@ via @@30 b=0 p=0 d=100
@ via @@31 b=0 p=0 d=100
@ via @@32 b=0 p=0 d=100
@ via @@33 b=0 p=0 d=100
@ via @@34 b=0 p=0 d=100
@ via @@35 b=0 p=0 d=100
@@36: line 4.2 t=400 -> @@35
@\par via @@25 b=0 p=-10000 d=100
@\par via @@26 b=0 p=-10000 d=100
@\par via @@27 b=0 p=-10000 d=100
@\par via @@28 b=0 p=-10000 d=100
@\par via @@29 b=0 p=-10000 d=100
@\par via @@30 b=0 p=-10000 d=100
@\par via @@31 b=0 p=-10000 d=100
@\par via @@32 b=0 p=-10000 d=100
@\par via @@33 b=0 p=-10000 d=100
@\par via @@34 b=0 p=-10000 d=100
@\par via @@35 b=0 p=-10000 d=100
@\par via @@36 b=0 p=-10000 d=100
@@37: line 4.2- t=400 -> @@35

@firstpass
[]\T1/ptm/b/it/14.4 Seseorang 
@ via @@0 b=0 p=0 d=100
@@1: line 1.2 t=100 -> @@0
yang 
@ via @@0 b=0 p=0 d=100
@ via @@1 b=0 p=0 d=100
@@2: line 1.2 t=100 -> @@0
Teristimewa, 
@ via @@0 b=0 p=0 d=100
@ via @@1 b=0 p=0 d=100
@ via @@2 b=0 p=0 d=100
@@3: line 1.2 t=100 -> @@0
 \T1/ptm/m/it/14.4 yang 
@ via @@0 b=0 p=0 d=100
@ via @@1 b=0 p=0 d=100
@ via @@2 b=0 p=0 d=100
@ via @@3 b=0 p=0 d=100
@@4: line 1.2 t=100 -> @@0
hadir 
@ via @@0 b=0 p=0 d=100
@ via @@1 b=0 p=0 d=100
@ via @@2 b=0 p=0 d=100
@ via @@3 b=0 p=0 d=100
@ via @@4 b=0 p=0 d=100
@@5: line 1.2 t=100 -> @@0
sebagai 
@ via @@0 b=0 p=0 d=100
@ via @@1 b=0 p=0 d=100
@ via @@2 b=0 p=0 d=100
@ via @@3 b=0 p=0 d=100
@ via @@4 b=0 p=0 d=100
@ via @@5 b=0 p=0 d=100
@@6: line 1.2 t=100 -> @@0
cahaya 
@ via @@0 b=0 p=0 d=100
@ via @@1 b=0 p=0 d=100
@ via @@2 b=0 p=0 d=100
@ via @@3 b=0 p=0 d=100
@ via @@4 b=0 p=0 d=100
@ via @@5 b=0 p=0 d=100
@ via @@6 b=0 p=0 d=100
@@7: line 1.2 t=100 -> @@0
di 
@ via @@0 b=0 p=0 d=100
@ via @@1 b=0 p=0 d=100
@ via @@2 b=0 p=0 d=100
@ via @@3 b=0 p=0 d=100
@ via @@4 b=0 p=0 d=100
@ via @@5 b=0 p=0 d=100
@ via @@6 b=0 p=0 d=100
@ via @@7 b=0 p=0 d=100
@@8: line 1.2 t=100 -> @@0
kala 
@ via @@0 b=0 p=0 d=100
@ via @@1 b=0 p=0 d=100
@ via @@2 b=0 p=0 d=100
@ via @@3 b=0 p=0 d=100
@ via @@4 b=0 p=0 d=100
@ via @@5 b=0 p=0 d=100
@ via @@6 b=0 p=0 d=100
@ via @@7 b=0 p=0 d=100
@ via @@8 b=0 p=0 d=100
@@9: line 1.2 t=100 -> @@0
redup, 
@ via @@0 b=0 p=0 d=100
@ via @@1 b=0 p=0 d=100
@ via @@2 b=0 p=0 d=100
@ via @@3 b=0 p=0 d=100
@ via @@4 b=0 p=0 d=100
@ via @@5 b=0 p=0 d=100
@ via @@6 b=0 p=0 d=100
@ via @@7 b=0 p=0 d=100
@ via @@8 b=0 p=0 d=100
@ via @@9 b=0 p=0 d=100
@@10: line 1.2 t=100 -> @@0
 yang 
@ via @@1 b=0 p=0 d=100
@ via @@2 b=0 p=0 d=100
@ via @@3 b=0 p=0 d=100
@ via @@4 b=0 p=0 d=100
@ via @@5 b=0 p=0 d=100
@ via @@6 b=0 p=0 d=100
@ via @@7 b=0 p=0 d=100
@ via @@8 b=0 p=0 d=100
@ via @@9 b=0 p=0 d=100
@ via @@10 b=0 p=0 d=100
@@11: line 2.2 t=200 -> @@10
sabar 
@ via @@1 b=0 p=0 d=100
@ via @@2 b=0 p=0 d=100
@ via @@3 b=0 p=0 d=100
@ via @@4 b=0 p=0 d=100
@ via @@5 b=0 p=0 d=100
@ via @@6 b=0 p=0 d=100
@ via @@7 b=0 p=0 d=100
@ via @@8 b=0 p=0 d=100
@ via @@9 b=0 p=0 d=100
@ via @@10 b=0 p=0 d=100
@ via @@11 b=0 p=0 d=100
@@12: line 2.2 t=200 -> @@10
menemani 
@ via @@3 b=0 p=0 d=100
@ via @@4 b=0 p=0 d=100
@ via @@5 b=0 p=0 d=100
@ via @@6 b=0 p=0 d=100
@ via @@7 b=0 p=0 d=100
@ via @@8 b=0 p=0 d=100
@ via @@9 b=0 p=0 d=100
@ via @@10 b=0 p=0 d=100
@ via @@11 b=0 p=0 d=100
@ via @@12 b=0 p=0 d=100
@@13: line 2.2 t=200 -> @@10
dalam 
@ via @@3 b=0 p=0 d=100
@ via @@4 b=0 p=0 d=100
@ via @@5 b=0 p=0 d=100
@ via @@6 b=0 p=0 d=100
@ via @@7 b=0 p=0 d=100
@ via @@8 b=0 p=0 d=100
@ via @@9 b=0 p=0 d=100
@ via @@10 b=0 p=0 d=100
@ via @@11 b=0 p=0 d=100
@ via @@12 b=0 p=0 d=100
@ via @@13 b=0 p=0 d=100
@@14: line 2.2 t=200 -> @@10
setiap 
@ via @@4 b=0 p=0 d=100
@ via @@5 b=0 p=0 d=100
@ via @@6 b=0 p=0 d=100
@ via @@7 b=0 p=0 d=100
@ via @@8 b=0 p=0 d=100
@ via @@9 b=0 p=0 d=100
@ via @@10 b=0 p=0 d=100
@ via @@11 b=0 p=0 d=100
@ via @@12 b=0 p=0 d=100
@ via @@13 b=0 p=0 d=100
@ via @@14 b=0 p=0 d=100
@@15: line 2.2 t=200 -> @@10
proses, 
@ via @@5 b=2 p=0 d=144
@ via @@6 b=0 p=0 d=100
@ via @@7 b=0 p=0 d=100
@ via @@8 b=0 p=0 d=100
@ via @@9 b=0 p=0 d=100
@ via @@10 b=0 p=0 d=100
@ via @@11 b=0 p=0 d=100
@ via @@12 b=0 p=0 d=100
@ via @@13 b=0 p=0 d=100
@ via @@14 b=0 p=0 d=100
@ via @@15 b=0 p=0 d=100
@@16: line 2.2 t=200 -> @@10
 yang 
@ via @@6 b=0 p=0 d=100
@ via @@7 b=0 p=0 d=100
@ via @@8 b=0 p=0 d=100
@ via @@9 b=0 p=0 d=100
@ via @@10 b=0 p=0 d=100
@ via @@11 b=0 p=0 d=100
@ via @@12 b=0 p=0 d=100
@ via @@13 b=0 p=0 d=100
@ via @@14 b=0 p=0 d=100
@ via @@15 b=0 p=0 d=100
@ via @@16 b=0 p=0 d=100
@@17: line 2.2 t=200 -> @@10
menguatkan 
@ via @@8 b=5 p=0 d=225
@ via @@9 b=0 p=0 d=100
@ via @@10 b=0 p=0 d=100
@ via @@11 b=0 p=0 d=100
@ via @@12 b=0 p=0 d=100
@ via @@13 b=0 p=0 d=100
@ via @@14 b=0 p=0 d=100
@ via @@15 b=0 p=0 d=100
@ via @@16 b=0 p=0 d=100
@ via @@17 b=0 p=0 d=100
@@18: line 2.2 t=200 -> @@10
saat 
@ via @@9 b=2 p=0 d=144
@ via @@10 b=0 p=0 d=100
@ via @@11 b=0 p=0 d=100
@ via @@12 b=0 p=0 d=100
@ via @@13 b=0 p=0 d=100
@ via @@14 b=0 p=0 d=100
@ via @@15 b=0 p=0 d=100
@ via @@16 b=0 p=0 d=100
@ via @@17 b=0 p=0 d=100
@ via @@18 b=0 p=0 d=100
@@19: line 2.2 t=200 -> @@10
lelah 
@ via @@10 b=0 p=0 d=100
@ via @@11 b=0 p=0 d=100
@ via @@12 b=0 p=0 d=100
@ via @@13 b=0 p=0 d=100
@ via @@14 b=0 p=0 d=100
@ via @@15 b=0 p=0 d=100
@ via @@16 b=0 p=0 d=100
@ via @@17 b=0 p=0 d=100
@ via @@18 b=0 p=0 d=100
@ via @@19 b=0 p=0 d=100
@@20: line 2.2 t=200 -> @@10
mulai 
@ via @@11 b=0 p=0 d=100
@ via @@12 b=0 p=0 d=100
@ via @@13 b=0 p=0 d=100
@ via @@14 b=0 p=0 d=100
@ via @@15 b=0 p=0 d=100
@ via @@16 b=0 p=0 d=100
@ via @@17 b=0 p=0 d=100
@ via @@18 b=0 p=0 d=100
@ via @@19 b=0 p=0 d=100
@ via @@20 b=0 p=0 d=100
@@21: line 3.2 t=300 -> @@20
terasa, 
@ via @@12 b=3 p=0 d=169
@ via @@13 b=0 p=0 d=100
@ via @@14 b=0 p=0 d=100
@ via @@15 b=0 p=0 d=100
@ via @@16 b=0 p=0 d=100
@ via @@17 b=0 p=0 d=100
@ via @@18 b=0 p=0 d=100
@ via @@19 b=0 p=0 d=100
@ via @@20 b=0 p=0 d=100
@ via @@21 b=0 p=0 d=100
@@22: line 3.2 t=300 -> @@20
 dan 
@ via @@13 b=0 p=0 d=100
@ via @@14 b=0 p=0 d=100
@ via @@15 b=0 p=0 d=100
@ via @@16 b=0 p=0 d=100
@ via @@17 b=0 p=0 d=100
@ via @@18 b=0 p=0 d=100
@ via @@19 b=0 p=0 d=100
@ via @@20 b=0 p=0 d=100
@ via @@21 b=0 p=0 d=100
@ via @@22 b=0 p=0 d=100
@@23: line 3.2 t=300 -> @@20
menjadi 
@ via @@14 b=0 p=0 d=100
@ via @@15 b=0 p=0 d=100
@ via @@16 b=0 p=0 d=100
@ via @@17 b=0 p=0 d=100
@ via @@18 b=0 p=0 d=100
@ via @@19 b=0 p=0 d=100
@ via @@20 b=0 p=0 d=100
@ via @@21 b=0 p=0 d=100
@ via @@22 b=0 p=0 d=100
@ via @@23 b=0 p=0 d=100
@@24: line 3.2 t=300 -> @@20
alasan 
@ via @@15 b=0 p=0 d=100
@ via @@16 b=0 p=0 d=100
@ via @@17 b=0 p=0 d=100
@ via @@18 b=0 p=0 d=100
@ via @@19 b=0 p=0 d=100
@ via @@20 b=0 p=0 d=100
@ via @@21 b=0 p=0 d=100
@ via @@22 b=0 p=0 d=100
@ via @@23 b=0 p=0 d=100
@ via @@24 b=0 p=0 d=100
@@25: line 3.2 t=300 -> @@20
bagi 
@ via @@16 b=0 p=0 d=100
@ via @@17 b=0 p=0 d=100
@ via @@18 b=0 p=0 d=100
@ via @@19 b=0 p=0 d=100
@ via @@20 b=0 p=0 d=100
@ via @@21 b=0 p=0 d=100
@ via @@22 b=0 p=0 d=100
@ via @@23 b=0 p=0 d=100
@ via @@24 b=0 p=0 d=100
@ via @@25 b=0 p=0 d=100
@@26: line 3.2 t=300 -> @@20
penulis 
@ via @@17 b=0 p=0 d=100
@ via @@18 b=0 p=0 d=100
@ via @@19 b=0 p=0 d=100
@ via @@20 b=0 p=0 d=100
@ via @@21 b=0 p=0 d=100
@ via @@22 b=0 p=0 d=100
@ via @@23 b=0 p=0 d=100
@ via @@24 b=0 p=0 d=100
@ via @@25 b=0 p=0 d=100
@ via @@26 b=0 p=0 d=100
@@27: line 3.2 t=300 -> @@20
untuk 
@ via @@18 b=0 p=0 d=100
@ via @@19 b=0 p=0 d=100
@ via @@20 b=0 p=0 d=100
@ via @@21 b=0 p=0 d=100
@ via @@22 b=0 p=0 d=100
@ via @@23 b=0 p=0 d=100
@ via @@24 b=0 p=0 d=100
@ via @@25 b=0 p=0 d=100
@ via @@26 b=0 p=0 d=100
@ via @@27 b=0 p=0 d=100
@@28: line 3.2 t=300 -> @@20
terus 
@ via @@18 b=0 p=0 d=100
@ via @@19 b=0 p=0 d=100
@ via @@20 b=0 p=0 d=100
@ via @@21 b=0 p=0 d=100
@ via @@22 b=0 p=0 d=100
@ via @@23 b=0 p=0 d=100
@ via @@24 b=0 p=0 d=100
@ via @@25 b=0 p=0 d=100
@ via @@26 b=0 p=0 d=100
@ via @@27 b=0 p=0 d=100
@ via @@28 b=0 p=0 d=100
@@29: line 3.2 t=300 -> @@20
melangkah 
@ via @@20 b=0 p=0 d=100
@ via @@21 b=0 p=0 d=100
@ via @@22 b=0 p=0 d=100
@ via @@23 b=0 p=0 d=100
@ via @@24 b=0 p=0 d=100
@ via @@25 b=0 p=0 d=100
@ via @@26 b=0 p=0 d=100
@ via @@27 b=0 p=0 d=100
@ via @@28 b=0 p=0 d=100
@ via @@29 b=0 p=0 d=100
@@30: line 3.2 t=300 -> @@20
dan 
@ via @@20 b=7 p=0 d=289
@ via @@21 b=0 p=0 d=100
@ via @@22 b=0 p=0 d=100
@ via @@23 b=0 p=0 d=100
@ via @@24 b=0 p=0 d=100
@ via @@25 b=0 p=0 d=100
@ via @@26 b=0 p=0 d=100
@ via @@27 b=0 p=0 d=100
@ via @@28 b=0 p=0 d=100
@ via @@29 b=0 p=0 d=100
@ via @@30 b=0 p=0 d=100
@@31: line 4.2 t=400 -> @@30
menyelesaikan 
@ via @@23 b=0 p=0 d=100
@ via @@24 b=0 p=0 d=100
@ via @@25 b=0 p=0 d=100
@ via @@26 b=0 p=0 d=100
@ via @@27 b=0 p=0 d=100
@ via @@28 b=0 p=0 d=100
@ via @@29 b=0 p=0 d=100
@ via @@30 b=0 p=0 d=100
@ via @@31 b=0 p=0 d=100
@@32: line 4.2 t=400 -> @@30
perjalanan 
@ via @@24 b=0 p=0 d=100
@ via @@25 b=0 p=0 d=100
@ via @@26 b=0 p=0 d=100
@ via @@27 b=0 p=0 d=100
@ via @@28 b=0 p=0 d=100
@ via @@29 b=0 p=0 d=100
@ via @@30 b=0 p=0 d=100
@ via @@31 b=0 p=0 d=100
@ via @@32 b=0 p=0 d=100
@@33: line 4.2 t=400 -> @@30
ini. 
@ via @@25 b=0 p=0 d=100
@ via @@26 b=0 p=0 d=100
@ via @@27 b=0 p=0 d=100
@ via @@28 b=0 p=0 d=100
@ via @@29 b=0 p=0 d=100
@ via @@30 b=0 p=0 d=100
@ via @@31 b=0 p=0 d=100
@ via @@32 b=0 p=0 d=100
@ via @@33 b=0 p=0 d=100
@@34: line 4.2 t=400 -> @@30
@\par via @@25 b=0 p=-10000 d=100
@\par via @@26 b=0 p=-10000 d=100
@\par via @@27 b=0 p=-10000 d=100
@\par via @@28 b=0 p=-10000 d=100
@\par via @@29 b=0 p=-10000 d=100
@\par via @@30 b=0 p=-10000 d=100
@\par via @@31 b=0 p=-10000 d=100
@\par via @@32 b=0 p=-10000 d=100
@\par via @@33 b=0 p=-10000 d=100
@\par via @@34 b=0 p=-10000 d=100
@@35: line 4.2- t=400 -> @@30

@firstpass
[]\T1/ptm/b/it/14.4 Seluruh 
@ via @@0 b=0 p=0 d=100
@@1: line 1.2 t=100 -> @@0
Pihak, 
@ via @@0 b=0 p=0 d=100
@ via @@1 b=0 p=0 d=100
@@2: line 1.2 t=100 -> @@0
 \T1/ptm/m/it/14.4 yang 
@ via @@0 b=0 p=0 d=100
@ via @@1 b=0 p=0 d=100
@ via @@2 b=0 p=0 d=100
@@3: line 1.2 t=100 -> @@0
dengan 
@ via @@0 b=0 p=0 d=100
@ via @@1 b=0 p=0 d=100
@ via @@2 b=0 p=0 d=100
@ via @@3 b=0 p=0 d=100
@@4: line 1.2 t=100 -> @@0
tulus 
@ via @@0 b=0 p=0 d=100
@ via @@1 b=0 p=0 d=100
@ via @@2 b=0 p=0 d=100
@ via @@3 b=0 p=0 d=100
@ via @@4 b=0 p=0 d=100
@@5: line 1.2 t=100 -> @@0
memberi 
@ via @@0 b=0 p=0 d=100
@ via @@1 b=0 p=0 d=100
@ via @@2 b=0 p=0 d=100
@ via @@3 b=0 p=0 d=100
@ via @@4 b=0 p=0 d=100
@ via @@5 b=0 p=0 d=100
@@6: line 1.2 t=100 -> @@0
bantuan, 
@ via @@0 b=0 p=0 d=100
@ via @@1 b=0 p=0 d=100
@ via @@2 b=0 p=0 d=100
@ via @@3 b=0 p=0 d=100
@ via @@4 b=0 p=0 d=100
@ via @@5 b=0 p=0 d=100
@ via @@6 b=0 p=0 d=100
@@7: line 1.2 t=100 -> @@0
bimbingan, 
@ via @@0 b=0 p=0 d=100
@ via @@1 b=0 p=0 d=100
@ via @@2 b=0 p=0 d=100
@ via @@3 b=0 p=0 d=100
@ via @@4 b=0 p=0 d=100
@ via @@5 b=0 p=0 d=100
@ via @@6 b=0 p=0 d=100
@ via @@7 b=0 p=0 d=100
@@8: line 1.2 t=100 -> @@0
dan 
@ via @@0 b=0 p=0 d=100
@ via @@1 b=0 p=0 d=100
@ via @@2 b=0 p=0 d=100
@ via @@3 b=0 p=0 d=100
@ via @@4 b=0 p=0 d=100
@ via @@5 b=0 p=0 d=100
@ via @@6 b=0 p=0 d=100
@ via @@7 b=0 p=0 d=100
@ via @@8 b=0 p=0 d=100
@@9: line 1.2 t=100 -> @@0
inspirasi, 
@ via @@1 b=0 p=0 d=100
@ via @@2 b=0 p=0 d=100
@ via @@3 b=0 p=0 d=100
@ via @@4 b=0 p=0 d=100
@ via @@5 b=0 p=0 d=100
@ via @@6 b=0 p=0 d=100
@ via @@7 b=0 p=0 d=100
@ via @@8 b=0 p=0 d=100
@ via @@9 b=0 p=0 d=100
@@10: line 2.2 t=200 -> @@9
 baik 
@ via @@2 b=0 p=0 d=100
@ via @@3 b=0 p=0 d=100
@ via @@4 b=0 p=0 d=100
@ via @@5 b=0 p=0 d=100
@ via @@6 b=0 p=0 d=100
@ via @@7 b=0 p=0 d=100
@ via @@8 b=0 p=0 d=100
@ via @@9 b=0 p=0 d=100
@ via @@10 b=0 p=0 d=100
@@11: line 2.2 t=200 -> @@9
yang 
@ via @@2 b=1 p=0 d=121
@ via @@3 b=0 p=0 d=100
@ via @@4 b=0 p=0 d=100
@ via @@5 b=0 p=0 d=100
@ via @@6 b=0 p=0 d=100
@ via @@7 b=0 p=0 d=100
@ via @@8 b=0 p=0 d=100
@ via @@9 b=0 p=0 d=100
@ via @@10 b=0 p=0 d=100
@ via @@11 b=0 p=0 d=100
@@12: line 2.2 t=200 -> @@9
terlihat 
@ via @@4 b=0 p=0 d=100
@ via @@5 b=0 p=0 d=100
@ via @@6 b=0 p=0 d=100
@ via @@7 b=0 p=0 d=100
@ via @@8 b=0 p=0 d=100
@ via @@9 b=0 p=0 d=100
@ via @@10 b=0 p=0 d=100
@ via @@11 b=0 p=0 d=100
@ via @@12 b=0 p=0 d=100
@@13: line 2.2 t=200 -> @@9
maupun 
@ via @@5 b=0 p=0 d=100
@ via @@6 b=0 p=0 d=100
@ via @@7 b=0 p=0 d=100
@ via @@8 b=0 p=0 d=100
@ via @@9 b=0 p=0 d=100
@ via @@10 b=0 p=0 d=100
@ via @@11 b=0 p=0 d=100
@ via @@12 b=0 p=0 d=100
@ via @@13 b=0 p=0 d=100
@@14: line 2.2 t=200 -> @@9
yang 
@ via @@6 b=0 p=0 d=100
@ via @@7 b=0 p=0 d=100
@ via @@8 b=0 p=0 d=100
@ via @@9 b=0 p=0 d=100
@ via @@10 b=0 p=0 d=100
@ via @@11 b=0 p=0 d=100
@ via @@12 b=0 p=0 d=100
@ via @@13 b=0 p=0 d=100
@ via @@14 b=0 p=0 d=100
@@15: line 2.2 t=200 -> @@9
tersembunyi, 
@ via @@7 b=0 p=0 d=100
@ via @@8 b=0 p=0 d=100
@ via @@9 b=0 p=0 d=100
@ via @@10 b=0 p=0 d=100
@ via @@11 b=0 p=0 d=100
@ via @@12 b=0 p=0 d=100
@ via @@13 b=0 p=0 d=100
@ via @@14 b=0 p=0 d=100
@ via @@15 b=0 p=0 d=100
@@16: line 2.2 t=200 -> @@9
 yang 
@ via @@8 b=0 p=0 d=100
@ via @@9 b=0 p=0 d=100
@ via @@10 b=0 p=0 d=100
@ via @@11 b=0 p=0 d=100
@ via @@12 b=0 p=0 d=100
@ via @@13 b=0 p=0 d=100
@ via @@14 b=0 p=0 d=100
@ via @@15 b=0 p=0 d=100
@ via @@16 b=0 p=0 d=100
@@17: line 2.2 t=200 -> @@9
jejak 
@ via @@8 b=0 p=0 d=100
@ via @@9 b=0 p=0 d=100
@ via @@10 b=0 p=0 d=100
@ via @@11 b=0 p=0 d=100
@ via @@12 b=0 p=0 d=100
@ via @@13 b=0 p=0 d=100
@ via @@14 b=0 p=0 d=100
@ via @@15 b=0 p=0 d=100
@ via @@16 b=0 p=0 d=100
@ via @@17 b=0 p=0 d=100
@@18: line 2.2 t=200 -> @@9
kebaikannya 
@ via @@10 b=0 p=0 d=100
@ via @@11 b=0 p=0 d=100
@ via @@12 b=0 p=0 d=100
@ via @@13 b=0 p=0 d=100
@ via @@14 b=0 p=0 d=100
@ via @@15 b=0 p=0 d=100
@ via @@16 b=0 p=0 d=100
@ via @@17 b=0 p=0 d=100
@ via @@18 b=0 p=0 d=100
@@19: line 3.2 t=300 -> @@18
turut 
@ via @@11 b=0 p=0 d=100
@ via @@12 b=0 p=0 d=100
@ via @@13 b=0 p=0 d=100
@ via @@14 b=0 p=0 d=100
@ via @@15 b=0 p=0 d=100
@ via @@16 b=0 p=0 d=100
@ via @@17 b=0 p=0 d=100
@ via @@18 b=0 p=0 d=100
@ via @@19 b=0 p=0 d=100
@@20: line 3.2 t=300 -> @@18
terukir 
@ via @@12 b=0 p=0 d=100
@ via @@13 b=0 p=0 d=100
@ via @@14 b=0 p=0 d=100
@ via @@15 b=0 p=0 d=100
@ via @@16 b=0 p=0 d=100
@ via @@17 b=0 p=0 d=100
@ via @@18 b=0 p=0 d=100
@ via @@19 b=0 p=0 d=100
@ via @@20 b=0 p=0 d=100
@@21: line 3.2 t=300 -> @@18
dalam 
@ via @@13 b=0 p=0 d=100
@ via @@14 b=0 p=0 d=100
@ via @@15 b=0 p=0 d=100
@ via @@16 b=0 p=0 d=100
@ via @@17 b=0 p=0 d=100
@ via @@18 b=0 p=0 d=100
@ via @@19 b=0 p=0 d=100
@ via @@20 b=0 p=0 d=100
@ via @@21 b=0 p=0 d=100
@@22: line 3.2 t=300 -> @@18
setiap 
@ via @@14 b=0 p=0 d=100
@ via @@15 b=0 p=0 d=100
@ via @@16 b=0 p=0 d=100
@ via @@17 b=0 p=0 d=100
@ via @@18 b=0 p=0 d=100
@ via @@19 b=0 p=0 d=100
@ via @@20 b=0 p=0 d=100
@ via @@21 b=0 p=0 d=100
@ via @@22 b=0 p=0 d=100
@@23: line 3.2 t=300 -> @@18
halaman 
@ via @@15 b=0 p=0 d=100
@ via @@16 b=0 p=0 d=100
@ via @@17 b=0 p=0 d=100
@ via @@18 b=0 p=0 d=100
@ via @@19 b=0 p=0 d=100
@ via @@20 b=0 p=0 d=100
@ via @@21 b=0 p=0 d=100
@ via @@22 b=0 p=0 d=100
@ via @@23 b=0 p=0 d=100
@@24: line 3.2 t=300 -> @@18
karya 
@ via @@16 b=0 p=0 d=100
@ via @@17 b=0 p=0 d=100
@ via @@18 b=0 p=0 d=100
@ via @@19 b=0 p=0 d=100
@ via @@20 b=0 p=0 d=100
@ via @@21 b=0 p=0 d=100
@ via @@22 b=0 p=0 d=100
@ via @@23 b=0 p=0 d=100
@ via @@24 b=0 p=0 d=100
@@25: line 3.2 t=300 -> @@18
ini.
@\par via @@16 b=0 p=-10000 d=100
@\par via @@17 b=0 p=-10000 d=100
@\par via @@18 b=0 p=-10000 d=100
@\par via @@19 b=0 p=-10000 d=100
@\par via @@20 b=0 p=-10000 d=100
@\par via @@21 b=0 p=-10000 d=100
@\par via @@22 b=0 p=-10000 d=100
@\par via @@23 b=0 p=-10000 d=100
@\par via @@24 b=0 p=-10000 d=100
@\par via @@25 b=0 p=-10000 d=100
@@26: line 3.2- t=300 -> @@18


pdfTeX warning (ext4): destination with the same identifier (name{page.i}) has been already used, duplicate ignored
<to be read again> 
                   \relax 
l.70 \newpage
              [1]
@firstpass
[]
@\penalty via @@0 b=0 p=0 d=100
@@1: line 1.2 t=100 -> @@0
\T1/ptm/b/n/14.4 LEMBAR 
@ via @@0 b=0 p=0 d=100
@ via @@1 b=0 p=0 d=100
@@2: line 1.2 t=100 -> @@0
PENGESAHAN
@\par via @@0 b=0 p=-10000 d=100
@\par via @@1 b=0 p=-10000 d=100
@\par via @@2 b=0 p=-10000 d=100
@@3: line 1.2- t=100 -> @@0

@firstpass
[]\T1/ptm/b/n/14.4 FOOD 
@ via @@0 b=0 p=0 d=100
@@1: line 1.2 t=100 -> @@0
AI 
@ via @@0 b=0 p=0 d=100
@ via @@1 b=0 p=0 d=100
@@2: line 1.2 t=100 -> @@0
RESCUE: 
@ via @@0 b=0 p=0 d=100
@ via @@1 b=0 p=0 d=100
@ via @@2 b=0 p=0 d=100
@@3: line 1.2 t=100 -> @@0
PLATFORM 
@ via @@0 b=0 p=0 d=100
@ via @@1 b=0 p=0 d=100
@ via @@2 b=0 p=0 d=100
@ via @@3 b=0 p=0 d=100
@@4: line 1.2 t=100 -> @@0
PENGOLAHAN 
@ via @@0 b=0 p=0 d=100
@ via @@1 b=0 p=0 d=100
@ via @@2 b=0 p=0 d=100
@ via @@3 b=0 p=0 d=100
@ via @@4 b=0 p=0 d=100
@@5: line 1.2 t=100 -> @@0
DAN 
@ via @@0 b=0 p=0 d=100
@ via @@1 b=0 p=0 d=100
@ via @@2 b=0 p=0 d=100
@ via @@3 b=0 p=0 d=100
@ via @@4 b=0 p=0 d=100
@ via @@5 b=0 p=0 d=100
@@6: line 1.2 t=100 -> @@0
PENDISTRIBUSIAN 
@ via @@2 b=0 p=0 d=100
@ via @@3 b=0 p=0 d=100
@ via @@4 b=0 p=0 d=100
@ via @@5 b=0 p=0 d=100
@ via @@6 b=0 p=0 d=100
@@7: line 2.2 t=200 -> @@6
MAKANAN 
@ via @@4 b=0 p=0 d=100
@ via @@5 b=0 p=0 d=100
@ via @@6 b=0 p=0 d=100
@ via @@7 b=0 p=0 d=100
@@8: line 2.2 t=200 -> @@6
SISA 
@ via @@4 b=0 p=0 d=100
@ via @@5 b=0 p=0 d=100
@ via @@6 b=0 p=0 d=100
@ via @@7 b=0 p=0 d=100
@ via @@8 b=0 p=0 d=100
@@9: line 2.2 t=200 -> @@6
BERBASIS 
@ via @@5 b=0 p=0 d=100
@ via @@6 b=0 p=0 d=100
@ via @@7 b=0 p=0 d=100
@ via @@8 b=0 p=0 d=100
@ via @@9 b=0 p=0 d=100
@@10: line 2.2 t=200 -> @@6
AI
@\par via @@5 b=0 p=-10000 d=100
@\par via @@6 b=0 p=-10000 d=100
@\par via @@7 b=0 p=-10000 d=100
@\par via @@8 b=0 p=-10000 d=100
@\par via @@9 b=0 p=-10000 d=100
@\par via @@10 b=0 p=-10000 d=100
@@11: line 2.2- t=200 -> @@6

@firstpass
[]\T1/ptm/b/it/14.4 FOOD 
@ via @@0 b=0 p=0 d=100
@@1: line 1.2 t=100 -> @@0
AI 
@ via @@0 b=0 p=0 d=100
@ via @@1 b=0 p=0 d=100
@@2: line 1.2 t=100 -> @@0
RESCUE: 
@ via @@0 b=0 p=0 d=100
@ via @@1 b=0 p=0 d=100
@ via @@2 b=0 p=0 d=100
@@3: line 1.2 t=100 -> @@0
AN 
@ via @@0 b=0 p=0 d=100
@ via @@1 b=0 p=0 d=100
@ via @@2 b=0 p=0 d=100
@ via @@3 b=0 p=0 d=100
@@4: line 1.2 t=100 -> @@0
AI-BASED 
@ via @@0 b=0 p=0 d=100
@ via @@1 b=0 p=0 d=100
@ via @@2 b=0 p=0 d=100
@ via @@3 b=0 p=0 d=100
@ via @@4 b=0 p=0 d=100
@@5: line 1.2 t=100 -> @@0
PLATFORM 
@ via @@0 b=0 p=0 d=100
@ via @@1 b=0 p=0 d=100
@ via @@2 b=0 p=0 d=100
@ via @@3 b=0 p=0 d=100
@ via @@4 b=0 p=0 d=100
@ via @@5 b=0 p=0 d=100
@@6: line 1.2 t=100 -> @@0
FOR 
@ via @@0 b=0 p=0 d=100
@ via @@1 b=0 p=0 d=100
@ via @@2 b=0 p=0 d=100
@ via @@3 b=0 p=0 d=100
@ via @@4 b=0 p=0 d=100
@ via @@5 b=0 p=0 d=100
@ via @@6 b=0 p=0 d=100
@@7: line 1.2 t=100 -> @@0
THE 
@ via @@0 b=0 p=0 d=100
@ via @@1 b=0 p=0 d=100
@ via @@2 b=0 p=0 d=100
@ via @@3 b=0 p=0 d=100
@ via @@4 b=0 p=0 d=100
@ via @@5 b=0 p=0 d=100
@ via @@6 b=0 p=0 d=100
@ via @@7 b=0 p=0 d=100
@@8: line 1.2 t=100 -> @@0
PROCESSING 
@ via @@1 b=0 p=0 d=100
@ via @@2 b=0 p=0 d=100
@ via @@3 b=0 p=0 d=100
@ via @@4 b=0 p=0 d=100
@ via @@5 b=0 p=0 d=100
@ via @@6 b=0 p=0 d=100
@ via @@7 b=0 p=0 d=100
@ via @@8 b=0 p=0 d=100
@@9: line 2.2 t=200 -> @@8
AND 
@ via @@2 b=25 p=0 d=1225
@ via @@3 b=0 p=0 d=100
@ via @@4 b=0 p=0 d=100
@ via @@5 b=0 p=0 d=100
@ via @@6 b=0 p=0 d=100
@ via @@7 b=0 p=0 d=100
@ via @@8 b=0 p=0 d=100
@ via @@9 b=0 p=0 d=100
@@10: line 2.2 t=200 -> @@8
@@11: line 2.3 t=1325 -> @@2
DISTRIBUTION 
@ via @@5 b=0 p=0 d=100
@ via @@6 b=0 p=0 d=100
@ via @@7 b=0 p=0 d=100
@ via @@8 b=0 p=0 d=100
@ via @@9 b=0 p=0 d=100
@ via @@10 b=0 p=0 d=100
@ via @@11 b=0 p=0 d=100
@@12: line 2.2 t=200 -> @@8
OF 
@ via @@5 b=0 p=0 d=100
@ via @@6 b=0 p=0 d=100
@ via @@7 b=0 p=0 d=100
@ via @@8 b=0 p=0 d=100
@ via @@9 b=0 p=0 d=100
@ via @@10 b=0 p=0 d=100
@ via @@11 b=0 p=0 d=100
@ via @@12 b=0 p=0 d=100
@@13: line 2.2 t=200 -> @@8
FOOD 
@ via @@6 b=0 p=0 d=100
@ via @@7 b=0 p=0 d=100
@ via @@8 b=0 p=0 d=100
@ via @@9 b=0 p=0 d=100
@ via @@10 b=0 p=0 d=100
@ via @@11 b=0 p=0 d=100
@ via @@12 b=0 p=0 d=100
@ via @@13 b=0 p=0 d=100
@@14: line 2.2 t=200 -> @@8
WASTE
@\par via @@6 b=0 p=-10000 d=100
@\par via @@7 b=0 p=-10000 d=100
@\par via @@8 b=0 p=-10000 d=100
@\par via @@9 b=0 p=-10000 d=100
@\par via @@10 b=0 p=-10000 d=100
@\par via @@11 b=0 p=-10000 d=100
@\par via @@12 b=0 p=-10000 d=100
@\par via @@13 b=0 p=-10000 d=100
@\par via @@14 b=0 p=-10000 d=100
@@15: line 2.2- t=200 -> @@8

 (/usr/share/texlive/texmf-dist/tex/latex/psnfss/ot1ztmcm.fd) (/usr/share/texlive/texmf-dist/tex/latex/psnfss/omlztmcm.fd) (/usr/share/texlive/texmf-dist/tex/latex/psnfss/omsztmcm.fd) (/usr/share/texlive/texmf-dist/tex/latex/psnfss/omxztmcm.fd) (/usr/share/texlive/texmf-dist/tex/latex/psnfss/ot1ptm.fd)
@firstpass
[]|\T1/ptm/m/n/12 Penulis| 
@\par via @@0 b=0 p=-10000 d=100
@@1: line 1.2- t=100 -> @@0

@firstpass
[]|\T1/ptm/b/n/12 Shafnat 
@ via @@0 b=0 p=0 d=100
@@1: line 1.2 t=100 -> @@0
Fuaini 
@ via @@0 b=0 p=0 d=100
@ via @@1 b=0 p=0 d=100
@@2: line 1.2 t=100 -> @@0
Ramadhan| 
@\par via @@0 b=0 p=-10000 d=100
@\par via @@1 b=0 p=-10000 d=100
@\par via @@2 b=0 p=-10000 d=100
@@3: line 1.2- t=100 -> @@0

@firstpass
[]|\T1/ptm/m/n/12 NIM 
@ via @@0 b=0 p=0 d=100
@@1: line 1.2 t=100 -> @@0
607012400075| 
@\par via @@0 b=0 p=-10000 d=100
@\par via @@1 b=0 p=-10000 d=100
@@2: line 1.2- t=100 -> @@0

@firstpass
[]|\T1/ptm/m/n/12 Penulis| 
@\par via @@0 b=0 p=-10000 d=100
@@1: line 1.2- t=100 -> @@0

@firstpass
[]|\T1/ptm/b/n/12 Shafnat 
@ via @@0 b=0 p=0 d=100
@@1: line 1.2 t=100 -> @@0
Fuaini 
@ via @@0 b=0 p=0 d=100
@ via @@1 b=0 p=0 d=100
@@2: line 1.2 t=100 -> @@0
Ramadhan| 
@\par via @@0 b=0 p=-10000 d=100
@\par via @@1 b=0 p=-10000 d=100
@\par via @@2 b=0 p=-10000 d=100
@@3: line 1.2- t=100 -> @@0

@firstpass
[]|\T1/ptm/m/n/12 NIM 
@ via @@0 b=0 p=0 d=100
@@1: line 1.2 t=100 -> @@0
607012400075| 
@\par via @@0 b=0 p=-10000 d=100
@\par via @@1 b=0 p=-10000 d=100
@@2: line 1.2- t=100 -> @@0

@firstpass
[]|\T1/ptm/m/n/12 Penulis| 
@\par via @@0 b=0 p=-10000 d=100
@@1: line 1.2- t=100 -> @@0

@firstpass
[]|\T1/ptm/b/n/12 Shafnat 
@ via @@0 b=0 p=0 d=100
@@1: line 1.2 t=100 -> @@0
Fuaini 
@ via @@0 b=0 p=0 d=100
@ via @@1 b=0 p=0 d=100
@@2: line 1.2 t=100 -> @@0
Ramadhan| 
@\par via @@0 b=0 p=-10000 d=100
@\par via @@1 b=0 p=-10000 d=100
@\par via @@2 b=0 p=-10000 d=100
@@3: line 1.2- t=100 -> @@0

@firstpass
[]|\T1/ptm/m/n/12 NIM 
@ via @@0 b=0 p=0 d=100
@@1: line 1.2 t=100 -> @@0
607012400075| 
@\par via @@0 b=0 p=-10000 d=100
@\par via @@1 b=0 p=-10000 d=100
@@2: line 1.2- t=100 -> @@0

File: image/signature.png Graphic file (type png)
<use image/signature.png>
Package pdftex.def Info: image/signature.png  used on input line 94.
(pdftex.def)             Requested size: 63.79187pt x 42.67912pt.
@firstpass
[] 
@\par via @@0 b=0 p=-10000 d=100
@@1: line 1.2- t=100 -> @@0

@firstpass
[]|\T1/ptm/m/n/12 Dosen 
@ via @@0 b=0 p=0 d=100
@@1: line 1.2 t=100 -> @@0
Pembimbing 
@ via @@0 b=0 p=0 d=100
@ via @@1 b=0 p=0 d=100
@@2: line 1.2 t=100 -> @@0
1| 
@\par via @@0 b=0 p=-10000 d=100
@\par via @@1 b=0 p=-10000 d=100
@\par via @@2 b=0 p=-10000 d=100
@@3: line 1.2- t=100 -> @@0

@firstpass
[]|\T1/ptm/b/n/12 Robbi 
@ via @@0 b=0 p=0 d=100
@@1: line 1.2 t=100 -> @@0
Hendriyanto, 
@ via @@0 b=0 p=0 d=100
@ via @@1 b=0 p=0 d=100
@@2: line 1.2 t=100 -> @@0
S.T., 
@ via @@0 b=0 p=0 d=100
@ via @@1 b=0 p=0 d=100
@ via @@2 b=0 p=0 d=100
@@3: line 1.2 t=100 -> @@0
M.T| 
@\par via @@0 b=0 p=-10000 d=100
@\par via @@1 b=0 p=-10000 d=100
@\par via @@2 b=0 p=-10000 d=100
@\par via @@3 b=0 p=-10000 d=100
@@4: line 1.2- t=100 -> @@0

@firstpass
[]|\T1/ptm/m/n/12 NIP 
@ via @@0 b=0 p=0 d=100
@@1: line 1.2 t=100 -> @@0
13850086| 
@\par via @@0 b=0 p=-10000 d=100
@\par via @@1 b=0 p=-10000 d=100
@@2: line 1.2- t=100 -> @@0

@firstpass
[]|\T1/ptm/m/n/12 Dosen 
@ via @@0 b=0 p=0 d=100
@@1: line 1.2 t=100 -> @@0
Pembimbing 
@ via @@0 b=0 p=0 d=100
@ via @@1 b=0 p=0 d=100
@@2: line 1.2 t=100 -> @@0
1| 
@\par via @@0 b=0 p=-10000 d=100
@\par via @@1 b=0 p=-10000 d=100
@\par via @@2 b=0 p=-10000 d=100
@@3: line 1.2- t=100 -> @@0

@firstpass
[]|\T1/ptm/b/n/12 Robbi 
@ via @@0 b=0 p=0 d=100
@@1: line 1.2 t=100 -> @@0
Hendriyanto, 
@ via @@0 b=0 p=0 d=100
@ via @@1 b=0 p=0 d=100
@@2: line 1.2 t=100 -> @@0
S.T., 
@ via @@0 b=0 p=0 d=100
@ via @@1 b=0 p=0 d=100
@ via @@2 b=0 p=0 d=100
@@3: line 1.2 t=100 -> @@0
M.T| 
@\par via @@0 b=0 p=-10000 d=100
@\par via @@1 b=0 p=-10000 d=100
@\par via @@2 b=0 p=-10000 d=100
@\par via @@3 b=0 p=-10000 d=100
@@4: line 1.2- t=100 -> @@0

@firstpass
[]|\T1/ptm/m/n/12 NIP 
@ via @@0 b=0 p=0 d=100
@@1: line 1.2 t=100 -> @@0
13850086| 
@\par via @@0 b=0 p=-10000 d=100
@\par via @@1 b=0 p=-10000 d=100
@@2: line 1.2- t=100 -> @@0

@firstpass
[]|\T1/ptm/m/n/12 Dosen 
@ via @@0 b=0 p=0 d=100
@@1: line 1.2 t=100 -> @@0
Pembimbing 
@ via @@0 b=0 p=0 d=100
@ via @@1 b=0 p=0 d=100
@@2: line 1.2 t=100 -> @@0
1| 
@\par via @@0 b=0 p=-10000 d=100
@\par via @@1 b=0 p=-10000 d=100
@\par via @@2 b=0 p=-10000 d=100
@@3: line 1.2- t=100 -> @@0

@firstpass
[]|\T1/ptm/b/n/12 Robbi 
@ via @@0 b=0 p=0 d=100
@@1: line 1.2 t=100 -> @@0
Hendriyanto, 
@ via @@0 b=0 p=0 d=100
@ via @@1 b=0 p=0 d=100
@@2: line 1.2 t=100 -> @@0
S.T., 
@ via @@0 b=0 p=0 d=100
@ via @@1 b=0 p=0 d=100
@ via @@2 b=0 p=0 d=100
@@3: line 1.2 t=100 -> @@0
M.T| 
@\par via @@0 b=0 p=-10000 d=100
@\par via @@1 b=0 p=-10000 d=100
@\par via @@2 b=0 p=-10000 d=100
@\par via @@3 b=0 p=-10000 d=100
@@4: line 1.2- t=100 -> @@0

@firstpass
[]|\T1/ptm/m/n/12 NIP 
@ via @@0 b=0 p=0 d=100
@@1: line 1.2 t=100 -> @@0
13850086| 
@\par via @@0 b=0 p=-10000 d=100
@\par via @@1 b=0 p=-10000 d=100
@@2: line 1.2- t=100 -> @@0

@firstpass
[] 
@\par via @@0 b=0 p=-10000 d=100
@@1: line 1.2- t=100 -> @@0

@firstpass
\T1/ptm/m/n/12 Tanggal Pengesahan: 4 April 2026 
@\par via @@0 b=0 p=-10000 d=100
@@1: line 1.2- t=100 -> @@0

@firstpass
[] 
@\par via @@0 b=0 p=-10000 d=100
@@1: line 1.2- t=100 -> @@0

<image/Logo_Universitas_Telkom_Horizontal.png, id=156, 1195.1049pt x 529.0164pt>
File: image/Logo_Universitas_Telkom_Horizontal.png Graphic file (type png)
<use image/Logo_Universitas_Telkom_Horizontal.png>
Package pdftex.def Info: image/Logo_Universitas_Telkom_Horizontal.png  used on input line 110.
(pdftex.def)             Requested size: 77.11923pt x 34.14322pt.
@firstpass
[][] 
@ via @@0 b=0 p=0 d=100
@@1: line 1.2 t=100 -> @@0
|
@\par via @@0 b=0 p=-10000 d=100
@\par via @@1 b=0 p=-10000 d=100
@@2: line 1.2- t=100 -> @@0

@firstpass
[]
@\par via @@0 b=0 p=-10000 d=100
@@1: line 1.2- t=100 -> @@0

@firstpass
[] 
@\par via @@0 b=0 p=-10000 d=100
@@1: line 1.2- t=100 -> @@0

@firstpass
[]
@\par via @@0 b=0 p=-10000 d=100
@@1: line 1.2- t=100 -> @@0

@firstpass
[]\T1/ptm/m/n/12 ii|
@\par via @@0 b=0 p=-10000 d=100
@@1: line 1.2- t=100 -> @@0

 [2 <./image/Logo_Universitas_Telkom_Horizontal.png> <./image/signature.png>]
@firstpass
[]
@\penalty via @@0 b=0 p=0 d=100
@@1: line 1.2 t=100 -> @@0
\T1/ptm/b/n/14.4 KATA 
@ via @@0 b=0 p=0 d=100
@ via @@1 b=0 p=0 d=100
@@2: line 1.2 t=100 -> @@0
PENGANTAR
@\par via @@0 b=0 p=-10000 d=100
@\par via @@1 b=0 p=-10000 d=100
@\par via @@2 b=0 p=-10000 d=100
@@3: line 1.2- t=100 -> @@0

@firstpass
[]\T1/ptm/m/n/12 Puji syukur penulis panjatkan ke hadirat Allah Subhanahu Wa Ta'ala karena atas rahmat 
@ via @@0 b=1 p=0 d=121
@@1: line 1.2 t=121 -> @@0
dan karunia-Nya, penulis dapat menyelesaikan Tugas Akhir ini dengan baik. Tugas Akhir 
@ via @@1 b=9 p=0 d=361
@@2: line 2.2 t=482 -> @@1
ini disusun sebagai salah satu syarat akademik yang harus dipenuhi dalam menyelesaikan 
@ via @@2 b=3 p=0 d=169
@@3: line 3.2 t=651 -> @@2
studi. 
@\par via @@3 b=0 p=-10000 d=100
@@4: line 4.2- t=751 -> @@3

@firstpass
@secondpass
[]\T1/ptm/m/n/12 Proses pe-nyu-sun-an Tu-gas Akhir ini buk-an ha-nya per-ja-lan-an aka-de-mik, te-ta-pi 
@ via @@0 b=4266 p=0 d=18294176
@@1: line 1.0 t=18294176 -> @@0
ju-ga 
@ via @@0 b=659 p=0 d=457561
@@2: line 1.0 t=457561 -> @@0
per-ja-lan-an ke-sa-bar-an dan ke-te-guh-an. Ada malam-malam yang pan-jang, 
@ via @@1 b=3849 p=0 d=14891881
@@3: line 2.0 t=33186057 -> @@1
ada 
@ via @@1 b=836 p=0 d=715716
@ via @@2 b=4316 p=0 d=18714276
@@4: line 2.0 t=19009892 -> @@1
langkah-langkah yang sem-pat ra-gu, na-mun se-la-lu ada doa dan du-kung-an 
@ via @@3 b=3333 p=0 d=11175649
@@5: line 3.0 t=44361706 -> @@3
yang 
@ via @@3 b=435 p=0 d=198025
@ via @@4 b=2334 p=0 d=5494336
@@6: line 3.0 t=24504228 -> @@4
meng-u-atk-an. De-ngan pe-nuh ke-tu-lus-an, pe-nu-lis me-nyam-pa-ik-an te-ri-ma 
@ via @@5 b=6300 p=0 d=39816100
@@7: line 4.0 t=84177806 -> @@5
ka-sih 
@ via @@5 b=870 p=0 d=774400
@ via @@6 b=5756 p=0 d=33246756
@@8: line 4.0 t=45136106 -> @@5
yang 
@ via @@5 b=19 p=0 d=841
@ via @@6 b=870 p=0 d=774400
@@9: line 4.0 t=25278628 -> @@6
sebesar-besarnya ke-pa-da: 
@\par via @@7 b=0 p=-10000 d=10100
@\par via @@8 b=0 p=-10000 d=10100
@\par via @@9 b=0 p=-10000 d=10100
@@10: line 5.2- t=25288728 -> @@9


Underfull \hbox (badness 4266) in paragraph at lines 119--120
[]\T1/ptm/m/n/12 Proses pe-nyu-sun-an Tu-gas Akhir ini buk-an ha-nya per-ja-lan-an aka-de-mik, te-ta-pi
 []


Underfull \hbox (badness 2334) in paragraph at lines 119--120
\T1/ptm/m/n/12 langkah-langkah yang sem-pat ra-gu, na-mun se-la-lu ada doa dan du-kung-an yang
 []

@firstpass
@secondpass
[]\T1/ptm/m/n/12 Keluarga ter-cin-ta, ter-u-ta-ma ke-pa-da Ma-ma, Ba-pak, Ka-kak, dan ke-dua 
@ via @@0 b=3803 p=0 d=14548969
@@1: line 1.0 t=14548969 -> @@0
adik 
@ via @@0 b=503 p=0 d=273169
@@2: line 1.0 t=273169 -> @@0
pe-nu-lis, yang se-la-lu mem-be-rik-an doa, ka-sih sa-yang, ser-ta ke-ku-at-an 
@ via @@1 b=1163 p=0 d=1375929
@ via @@2 b=6526 p=0 d=42719296
@@3: line 2.0 t=15924898 -> @@1
un-tuk 
@ via @@1 b=12 p=0 d=10484
@ via @@2 b=670 p=0 d=462400
@@4: line 2.0 t=735569 -> @@2
te-rus 
@ via @@2 b=4 p=0 d=10196
@@5: line 2.2 t=283365 -> @@2
me-lang-kah. 
@\par via @@3 b=0 p=-10000 d=10100
@\par via @@4 b=0 p=-10000 d=10100
@\par via @@5 b=0 p=-10000 d=100
@@6: line 3.2- t=283465 -> @@5

@firstpass
@secondpass
[]\T1/ptm/m/n/12 Bapak Ro-bbi Hen-dri-yan-to, S.T., M.T., se-la-ku do-sen pem-bim-bing yang 
@ via @@0 b=2556 p=0 d=6594356
@@1: line 1.0 t=6594356 -> @@0
te-lah 
@ via @@0 b=149 p=0 d=35281
@@2: line 1.0 t=35281 -> @@0
mem-be-rik-an bim-bing-an, ma-suk-an, dan arah-an se-la-ma pro-ses pe-nyu-sun-an 
@ via @@1 b=8 p=0 d=10324
@ via @@2 b=1448 p=0 d=2125764
@@3: line 2.0 t=2161045 -> @@2
Tu-gas 
@ via @@2 b=0 p=0 d=10100
@@4: line 2.2 t=45381 -> @@2
Akhir ini. 
@\par via @@3 b=0 p=-10000 d=10100
@\par via @@4 b=0 p=-10000 d=100
@@5: line 3.2- t=45481 -> @@4

@firstpass
[]\T1/ptm/m/n/12 Bapak Dr. Hanung Nindito Prasetyo, S.Si., M.T. dan Bapak Hanang Priambodo, 
@ via @@0 b=0 p=0 d=100
@@1: line 1.2 t=100 -> @@0
S.T., M.Kom selaku dosen penguji yang telah memberikan masukan, kritik, dan 
@ via @@1 b=0 p=0 d=100
@@2: line 2.2 t=200 -> @@1
saran yang membangun demi perbaikan Tugas Akhir ini. 
@\par via @@2 b=0 p=-10000 d=100
@@3: line 3.2- t=300 -> @@2

@firstpass
@secondpass
[]\T1/ptm/m/n/12 Sahabat-sahabat se-per-ju-ang-an yang na-ma-nya ti-dak da-pat di-se-butk-an sa-tu 
@ via @@0 b=2050 p=0 d=4253600
@@1: line 1.0 t=4253600 -> @@0
per 
@ via @@0 b=141 p=0 d=32801
@@2: line 1.0 t=32801 -> @@0
sa-tu, yang te-lah ber-ba-gi se-ma-ngat, le-lah, dan ke-ber-sa-ma-an hing-ga 
@ via @@1 b=2302 p=0 d=5345344
@ via @@2 b=8132 p=0 d=66292164
@@3: line 2.0 t=9598944 -> @@1
ti-ba 
@ via @@1 b=334 p=0 d=118336
@ via @@2 b=1946 p=0 d=3825936
@@4: line 2.0 t=3858737 -> @@2
pa-da 
@ via @@1 b=0 p=0 d=10100
@ via @@2 b=138 p=0 d=21904
@@5: line 2.0 t=54705 -> @@2
ta-hap 
@ via @@2 b=96 p=0 d=21236
@@6: line 2.3 t=54037 -> @@2
ini. 
@\par via @@3 b=0 p=-10000 d=10100
@\par via @@4 b=0 p=-10000 d=10100
@\par via @@5 b=0 p=-10000 d=10100
@\par via @@6 b=0 p=-10000 d=100
@@7: line 3.2- t=54137 -> @@6

@firstpass
@secondpass
[]\T1/ptm/m/n/12 Semua pi-hak yang de-ngan ca-ra-nya masing-masing mem-be-ri war-na da-lam 
@ via @@0 b=1033 p=0 d=1097849
@@1: line 1.0 t=1097849 -> @@0
per-ja-lan-an aka-de-mik pe-nu-lis. 
@\par via @@1 b=0 p=-10000 d=10100
@@2: line 2.2- t=1107949 -> @@1


Underfull \hbox (badness 1033) in paragraph at lines 126--127
[]\T1/ptm/m/n/12 Semua pi-hak yang de-ngan ca-ra-nya masing-masing mem-be-ri war-na da-lam
 []

@firstpass
[]\T1/ptm/m/n/12 Dan untuk diri sendiri, terima kasih karena telah bertahan saat menyerah tampak 
@ via @@0 b=2 p=0 d=144
@@1: line 1.2 t=144 -> @@0
lebih mudah, terima kasih karena tetap berjalan meski langkah terasa berat, dan 
@ via @@1 b=0 p=0 d=100
@@2: line 2.2 t=244 -> @@1
terima kasih karena terus percaya bahwa setiap langkah kecil pada akhirnya akan 
@ via @@2 b=23 p=0 d=1089
@@3: line 3.3 t=1333 -> @@2
membawa sampai di sini. 
@\par via @@3 b=0 p=-10000 d=100
@@4: line 4.2- t=1433 -> @@3

@firstpass
\T1/ptm/m/n/12 Penulis menyadari bahwa masih terdapat berbagai keterbatasan dalam penelitian ini. Oleh 
@ via @@0 b=37 p=0 d=2209
@@1: line 1.3 t=2209 -> @@0
karena itu, kritik dan saran yang membangun sangat diharapkan untuk pengembangan 
@ via @@1 b=45 p=0 d=13025
@@2: line 2.1 t=15234 -> @@1
lebih lanjut. Semoga Tugas Akhir ini dapat memberikan manfaat bagi dunia pendidikan, 
@ via @@2 b=0 p=0 d=100
@@3: line 3.2 t=15334 -> @@2
industri kuliner, serta masyarakat luas. 
@\par via @@3 b=0 p=-10000 d=100
@@4: line 4.2- t=15434 -> @@3

@firstpass
[] 
@\par via @@0 b=0 p=-10000 d=100
@@1: line 1.2- t=100 -> @@0

File: image/Logo_Universitas_Telkom_Horizontal.png Graphic file (type png)
<use image/Logo_Universitas_Telkom_Horizontal.png>
Package pdftex.def Info: image/Logo_Universitas_Telkom_Horizontal.png  used on input line 135.
(pdftex.def)             Requested size: 77.11923pt x 34.14322pt.
@firstpass
[][] 
@ via @@0 b=0 p=0 d=100
@@1: line 1.2 t=100 -> @@0
|
@\par via @@0 b=0 p=-10000 d=100
@\par via @@1 b=0 p=-10000 d=100
@@2: line 1.2- t=100 -> @@0

@firstpass
[]
@\par via @@0 b=0 p=-10000 d=100
@@1: line 1.2- t=100 -> @@0

@firstpass
[] 
@\par via @@0 b=0 p=-10000 d=100
@@1: line 1.2- t=100 -> @@0

@firstpass
[]
@\par via @@0 b=0 p=-10000 d=100
@@1: line 1.2- t=100 -> @@0

@firstpass
[]\T1/ptm/m/n/12 iii|
@\par via @@0 b=0 p=-10000 d=100
@@1: line 1.2- t=100 -> @@0

[3]
@firstpass
[]
@\penalty via @@0 b=0 p=0 d=100
@@1: line 1.2 t=100 -> @@0
\T1/ptm/m/n/12 Bandung, 
@ via @@0 b=0 p=0 d=100
@ via @@1 b=0 p=0 d=100
@@2: line 1.2 t=100 -> @@0
April 
@ via @@0 b=0 p=0 d=100
@ via @@1 b=0 p=0 d=100
@ via @@2 b=0 p=0 d=100
@@3: line 1.2 t=100 -> @@0
2026
@\par via @@0 b=0 p=-10000 d=100
@\par via @@1 b=0 p=-10000 d=100
@\par via @@2 b=0 p=-10000 d=100
@\par via @@3 b=0 p=-10000 d=100
@@4: line 1.2- t=100 -> @@0

File: image/signature.png Graphic file (type png)
<use image/signature.png>
Package pdftex.def Info: image/signature.png  used on input line 140.
(pdftex.def)             Requested size: 63.79187pt x 42.67912pt.
@firstpass
[][]
@\par via @@0 b=0 p=-10000 d=100
@@1: line 1.2- t=100 -> @@0

@firstpass
[] 
@\par via @@0 b=0 p=-10000 d=100
@@1: line 1.2- t=100 -> @@0

File: image/Logo_Universitas_Telkom_Horizontal.png Graphic file (type png)
<use image/Logo_Universitas_Telkom_Horizontal.png>
Package pdftex.def Info: image/Logo_Universitas_Telkom_Horizontal.png  used on input line 148.
(pdftex.def)             Requested size: 77.11923pt x 34.14322pt.
@firstpass
[][] 
@ via @@0 b=0 p=0 d=100
@@1: line 1.2 t=100 -> @@0
|
@\par via @@0 b=0 p=-10000 d=100
@\par via @@1 b=0 p=-10000 d=100
@@2: line 1.2- t=100 -> @@0

@firstpass
[]
@\par via @@0 b=0 p=-10000 d=100
@@1: line 1.2- t=100 -> @@0

@firstpass
[] 
@\par via @@0 b=0 p=-10000 d=100
@@1: line 1.2- t=100 -> @@0

@firstpass
[]
@\par via @@0 b=0 p=-10000 d=100
@@1: line 1.2- t=100 -> @@0

@firstpass
[]\T1/ptm/m/n/12 iv|
@\par via @@0 b=0 p=-10000 d=100
@@1: line 1.2- t=100 -> @@0

 [4]
@firstpass
[]
@\penalty via @@0 b=0 p=0 d=100
@@1: line 1.2 t=100 -> @@0
\T1/ptm/b/n/14.4 PERNYATAAN
@\par via @@0 b=0 p=-10000 d=100
@\par via @@1 b=0 p=-10000 d=100
@@2: line 1.2- t=100 -> @@0

@firstpass
\T1/ptm/m/n/12 Dengan ini saya menyatakan bahwa: 
@\par via @@0 b=0 p=-10000 d=100
@@1: line 1.2- t=100 -> @@0

@firstpass
[]\T1/ptm/m/n/12 karya tulis ini adalah asli dan belum pernah diajukan untuk mendapatkan gelar 
@ via @@0 b=4 p=0 d=196
@@1: line 1.2 t=196 -> @@0
akademik (Ahli Madya, Sarjana, Magister dan Doktor), baik di Fakultas Ilmu 
@ via @@1 b=29 p=0 d=1521
@@2: line 2.1 t=1717 -> @@1
Terapan Universitas Telkom maupun di perguruan tinggi lainnya; 
@\par via @@2 b=0 p=-10000 d=100
@@3: line 3.2- t=1817 -> @@2

@firstpass
@secondpass
[]\T1/ptm/m/n/12 karya tu-lis ini me-ru-pak-an ba-gi-an da-ri Tu-gas Akhir yang di-ker-jak-an 
@ via @@0 b=5787 p=0 d=33615209
@@1: line 1.0 t=33615209 -> @@0
se-ca-ra 
@ via @@0 b=449 p=0 d=220681
@@2: line 1.0 t=220681 -> @@0
in-di-vi-du. 
@\par via @@1 b=0 p=-10000 d=10100
@\par via @@2 b=0 p=-10000 d=10100
@@3: line 2.2- t=230781 -> @@2

@firstpass
@secondpass
[]\T1/ptm/m/n/12 karya tu-lis ini mur-ni ga-gas-an, ru-mus-an, dan pe-ne-li-ti-an sa-ya sen-di-ri, 
@ via @@0 b=4556 p=0 d=20858356
@@1: line 1.0 t=20858356 -> @@0
tan-pa 
@ via @@0 b=454 p=0 d=225296
@@2: line 1.0 t=225296 -> @@0
ban-tu-an pi-hak la-in, ke-cu-a-li arah-an tim pem-bim-bing atau tim 
@ via @@1 b=6348 p=0 d=40424164
@@3: line 2.0 t=61282520 -> @@1
pro-mo-tor 
@ via @@1 b=105 p=0 d=13225
@ via @@2 b=2351 p=0 d=5574321
@@4: line 2.0 t=5799617 -> @@2
atau 
@ via @@1 b=16 p=0 d=10676
@ via @@2 b=240 p=0 d=62500
@@5: line 2.0 t=287796 -> @@2
pe-ngu-ji; 
@\par via @@3 b=0 p=-10000 d=10100
@\par via @@4 b=0 p=-10000 d=10100
@\par via @@5 b=0 p=-10000 d=10100
@@6: line 3.2- t=297896 -> @@5

@firstpass
@secondpass
[]\T1/ptm/m/n/12 dalam kar-ya tu-lis ini ti-dak ter-da-pat cu-plik-an kar-ya atau pen-da-pat yang 
@ via @@0 b=1852 p=0 d=3477044
@@1: line 1.0 t=3477044 -> @@0
te-lah 
@ via @@0 b=125 p=0 d=28225
@@2: line 1.0 t=28225 -> @@0
di-tu-lis atau di-pu-bli-ka-sik-an orang la-in, ke-cu-a-li se-ca-ra ter-tu-lis de-ngan 
@ via @@1 b=740 p=0 d=562500
@ via @@2 b=6204 p=0 d=38613796
@@3: line 2.0 t=4039544 -> @@1
je-las 
@ via @@1 b=7 p=0 d=10289
@ via @@2 b=836 p=0 d=715716
@@4: line 2.0 t=743941 -> @@2
di-can-tumk-an se-ba-gai acu-an da-lam nas-kah de-ngan me-nye-butk-an 
@ via @@3 b=7814 p=0 d=61214976
@@5: line 3.0 t=65254520 -> @@3
na-ma 
@ via @@3 b=515 p=0 d=275625
@ via @@4 b=6204 p=0 d=38613796
@@6: line 3.0 t=4315169 -> @@3
pe-nga-rang 
@ via @@4 b=14 p=0 d=10576
@@7: line 3.3 t=754517 -> @@4
dan di-can-tumk-an da-lam daf-tar pus-ta-ka; 
@\par via @@5 b=0 p=-10000 d=10100
@\par via @@6 b=0 p=-10000 d=10100
@\par via @@7 b=0 p=-10000 d=100
@@8: line 4.2- t=754617 -> @@7

@firstpass
@secondpass
[]\T1/ptm/m/n/12 saya meng-i-jink-an kar-ya tu-lis ini di-pu-bli-ka-sik-an oleh Fa-kul-tas Il-mu Ter-ap-an 
@ via @@0 b=285 p=0 d=97025
@@1: line 1.0 t=97025 -> @@0
Uni-ver-si-tas Tel-kom, de-ngan te-tap men-can-tumk-an sa-ya se-ba-gai pe-nu-lis; 
@ via @@1 b=3623 p=0 d=13198689
@@2: line 2.0 t=13295714 -> @@1
dan 
@\par via @@1 b=0 p=-10000 d=10100
@\par via @@2 b=0 p=-10000 d=10100
@@3: line 2.2- t=107125 -> @@1

@firstpass
\T1/ptm/m/n/12 Pernyataan ini saya buat dengan sesungguhnya dan apabila pada kemudian hari terdapat 
@ via @@0 b=1 p=0 d=121
@@1: line 1.2 t=121 -> @@0
penyimpangan dan ketidakbenaran dalam pernyataan ini maka saya bersedia menerima 
@ via @@1 b=18 p=0 d=784
@@2: line 2.1 t=905 -> @@1
sanksi akademik berupa pencabutan gelar yang telah diperoleh karena karya tulis ini, 
@ via @@2 b=92 p=0 d=10404
@@3: line 3.1 t=11309 -> @@2
serta 
@ via @@2 b=42 p=0 d=12704
@@4: line 3.3 t=13609 -> @@2
sanksi lainnya sesuai norma yang berlaku di Fakultas Ilmu Terapan Universitas Telkom. 
@\par via @@4 b=0 p=-10000 d=100
@@5: line 4.2- t=13709 -> @@4

@firstpass
[]
@\penalty via @@0 b=0 p=0 d=100
@@1: line 1.2 t=100 -> @@0
\T1/ptm/m/n/12 Bandung, 
@ via @@0 b=0 p=0 d=100
@ via @@1 b=0 p=0 d=100
@@2: line 1.2 t=100 -> @@0
April 
@ via @@0 b=0 p=0 d=100
@ via @@1 b=0 p=0 d=100
@ via @@2 b=0 p=0 d=100
@@3: line 1.2 t=100 -> @@0
2026 
@\par via @@0 b=0 p=-10000 d=100
@\par via @@1 b=0 p=-10000 d=100
@\par via @@2 b=0 p=-10000 d=100
@\par via @@3 b=0 p=-10000 d=100
@@4: line 1.2- t=100 -> @@0

File: image/signature.png Graphic file (type png)
<use image/signature.png>
Package pdftex.def Info: image/signature.png  used on input line 186.
(pdftex.def)             Requested size: 63.79187pt x 42.67912pt.
@firstpass
[][] 
@\par via @@0 b=0 p=-10000 d=100
@@1: line 1.2- t=100 -> @@0

@firstpass
[] 
@\par via @@0 b=0 p=-10000 d=100
@@1: line 1.2- t=100 -> @@0

File: image/Logo_Universitas_Telkom_Horizontal.png Graphic file (type png)
<use image/Logo_Universitas_Telkom_Horizontal.png>
Package pdftex.def Info: image/Logo_Universitas_Telkom_Horizontal.png  used on input line 215.
(pdftex.def)             Requested size: 77.11923pt x 34.14322pt.
@firstpass
[][] 
@ via @@0 b=0 p=0 d=100
@@1: line 1.2 t=100 -> @@0
|
@\par via @@0 b=0 p=-10000 d=100
@\par via @@1 b=0 p=-10000 d=100
@@2: line 1.2- t=100 -> @@0

@firstpass
[]
@\par via @@0 b=0 p=-10000 d=100
@@1: line 1.2- t=100 -> @@0

@firstpass
[] 
@\par via @@0 b=0 p=-10000 d=100
@@1: line 1.2- t=100 -> @@0

@firstpass
[]
@\par via @@0 b=0 p=-10000 d=100
@@1: line 1.2- t=100 -> @@0

@firstpass
[]\T1/ptm/m/n/12 v|
@\par via @@0 b=0 p=-10000 d=100
@@1: line 1.2- t=100 -> @@0

 [5]
@firstpass
[]
@\penalty via @@0 b=0 p=0 d=100
@@1: line 1.2 t=100 -> @@0
\T1/ptm/b/n/17.28 ABSTRAK
@\par via @@0 b=0 p=-10000 d=100
@\par via @@1 b=0 p=-10000 d=100
@@2: line 1.2- t=100 -> @@0

@firstpass
[]\T1/ptm/b/n/14.4 Food 
@ via @@0 b=0 p=0 d=100
@@1: line 1.2 t=100 -> @@0
AI 
@ via @@0 b=0 p=0 d=100
@ via @@1 b=0 p=0 d=100
@@2: line 1.2 t=100 -> @@0
Rescue
@\par via @@0 b=0 p=-10000 d=100
@\par via @@1 b=0 p=-10000 d=100
@\par via @@2 b=0 p=-10000 d=100
@@3: line 1.2- t=100 -> @@0

@firstpass
[]\T1/ptm/m/n/12 Oleh:
@\par via @@0 b=0 p=-10000 d=100
@@1: line 1.2- t=100 -> @@0

@firstpass
[]\T1/ptm/m/n/12 Shafnat 
@ via @@0 b=0 p=0 d=100
@@1: line 1.2 t=100 -> @@0
Fuaini 
@ via @@0 b=0 p=0 d=100
@ via @@1 b=0 p=0 d=100
@@2: line 1.2 t=100 -> @@0
Ramadhan
@\par via @@0 b=0 p=-10000 d=100
@\par via @@1 b=0 p=-10000 d=100
@\par via @@2 b=0 p=-10000 d=100
@@3: line 1.2- t=100 -> @@0

@firstpass
[]\T1/ptm/m/n/12 607012400075
@\par via @@0 b=0 p=-10000 d=100
@@1: line 1.2- t=100 -> @@0

@firstpass
\T1/ptm/m/n/12 Indonesia saat ini menghadapi paradoks krisis pangan yang signifikan, di mana tingginya 
@ via @@0 b=0 p=0 d=100
@@1: line 1.2 t=100 -> @@0
timbulan sampah makanan (\T1/ptm/m/it/12 food waste\T1/ptm/m/n/12 ) yang mencapai 23 hingga 48 juta ton per tahun 
@ via @@1 b=3 p=0 d=169
@@2: line 2.2 t=269 -> @@1
@secondpass
\T1/ptm/m/n/12 Indonesia sa-at ini meng-ha-da-pi pa-ra-doks kri-sis pa-ngan yang sig-ni-fik-an, di ma-na 
@ via @@0 b=1688 p=0 d=2893204
@@1: line 1.0 t=2893204 -> @@0
ting-gi-nya 
@ via @@0 b=0 p=0 d=100
@@2: line 1.2 t=100 -> @@0
tim-bul-an sam-pah ma-kan-an (\T1/ptm/m/it/12 fo-od was-te\T1/ptm/m/n/12 ) yang men-ca-pai 23 hing-ga 
@ via @@1 b=5548 p=0 d=30891364
@@3: line 2.0 t=33784568 -> @@1
48 
@ via @@1 b=1755 p=0 d=3115225
@@4: line 2.0 t=6008429 -> @@1
ju-ta 
@ via @@1 b=221 p=0 d=53361
@ via @@2 b=6927 p=0 d=48131969
@@5: line 2.0 t=2946565 -> @@1
ton 
@ via @@1 b=4 p=0 d=10196
@ via @@2 b=2213 p=0 d=4951729
@@6: line 2.2 t=2903400 -> @@1
per 
@ via @@2 b=512 p=0 d=282484
@@7: line 2.0 t=282584 -> @@2
ta-hun 
@ via @@2 b=3 p=0 d=169
@@8: line 2.2 t=269 -> @@2
ter-ja-di ber-dam-ping-an de-ngan an-cam-an ke-ra-wan-an pa-ngan 
@ via @@3 b=1776 p=0 d=3189796
@ via @@4 b=5592 p=0 d=31382404
@@9: line 3.0 t=36974364 -> @@3
dan 
@ via @@3 b=242 p=0 d=63504
@ via @@4 b=1237 p=0 d=1555009
@ via @@5 b=5771 p=0 d=33419961
@@10: line 3.0 t=7563438 -> @@4
ma-sa-lah 
@ via @@4 b=0 p=0 d=10100
@ via @@5 b=143 p=0 d=23409
@ via @@6 b=1354 p=0 d=1870496
@ via @@7 b=6188 p=0 d=38415204
@@11: line 3.0 t=2969974 -> @@5
\T1/ptm/m/it/12 stun-ting
@\kern via @@6 b=7 p=0 d=289
@\kern via @@7 b=84 p=0 d=8836
@\kern via @@8 b=3039 p=0 d=9306401
@@12: line 3.1 t=291420 -> @@7
 \T1/ptm/m/n/12 di 
@ via @@7 b=0 p=0 d=10100
@ via @@8 b=816 p=0 d=692276
@@13: line 3.2 t=292684 -> @@7
ber-ba-gai da-e-rah. Ke-ga-gal-an pe-man-fa-at-an sur-plus 
@ via @@9 b=7151 p=0 d=51279921
@@14: line 4.0 t=88254285 -> @@9
ma-kan-an 
@ via @@9 b=295 p=0 d=93025
@ via @@10 b=1983 p=0 d=3972049
@@15: line 4.0 t=11535487 -> @@10
ini 
@ via @@9 b=20 p=0 d=900
@ via @@10 b=465 p=0 d=225625
@ via @@11 b=7344 p=0 d=54081316
@@16: line 4.0 t=7789063 -> @@10
ti-dak 
@ via @@10 b=2 p=0 d=10144
@ via @@11 b=1460 p=0 d=2160900
@@17: line 4.0 t=5130874 -> @@11
ha-nya 
@ via @@11 b=48 p=0 d=3364
@ via @@12 b=2591 p=0 d=6765201
@ via @@13 b=6110 p=0 d=37464400
@@18: line 4.1 t=2973338 -> @@11
me-mi-cu 
@ via @@12 b=48 p=0 d=3364
@ via @@13 b=323 p=0 d=120889
@@19: line 4.1 t=294784 -> @@12
ke-ru-gi-an eko-no-mi, te-ta-pi ju-ga ber-dam-pak 
@ via @@14 b=6078 p=0 d=37063744
@@20: line 5.0 t=125318029 -> @@14
fa-tal 
@ via @@14 b=1117 p=0 d=1270129
@@21: line 5.0 t=89524414 -> @@14
ter-ha-dap 
@ via @@14 b=6 p=0 d=10256
@ via @@15 b=1286 p=0 d=1679616
@ via @@16 b=4429 p=0 d=19704721
@@22: line 5.0 t=13215103 -> @@15
ling-kung-an 
@ via @@16 b=0 p=0 d=10100
@ via @@17 b=527 p=0 d=288369
@ via @@18 b=6741 p=0 d=45576001
@@23: line 5.0 t=5419243 -> @@17
ka-re-na 
@ via @@17 b=60 p=0 d=14900
@ via @@18 b=359 p=0 d=136161
@@24: line 5.0 t=3109499 -> @@18
ma-kan-an 
@ via @@19 b=196 p=0 d=42436
@@25: line 5.0 t=337220 -> @@19
yang 
@ via @@19 b=46 p=0 d=13136
@@26: line 5.3 t=307920 -> @@19
mem-bu-suk di Tem-pat Pem-bu-ang-an 
@ via @@20 b=394 p=0 d=163216
@ via @@21 b=4132 p=0 d=17156164
@@27: line 6.0 t=106680578 -> @@21
Akhir 
@ via @@20 b=42 p=0 d=12704
@ via @@21 b=155 p=0 d=27225
@@28: line 6.0 t=89551639 -> @@21
(TPA) 
@ via @@22 b=670 p=0 d=462400
@@29: line 6.0 t=13677503 -> @@22
me-le-pask-an 
@ via @@23 b=506 p=0 d=266256
@@30: line 6.0 t=5685499 -> @@23
emi-si 
@ via @@23 b=0 p=0 d=10100
@ via @@24 b=909 p=0 d=844561
@@31: line 6.0 t=3954060 -> @@24
gas 
@ via @@24 b=56 p=0 d=4356
@ via @@25 b=5388 p=0 d=29138404
@@32: line 6.1 t=3113855 -> @@24
me-ta-na 
@ via @@25 b=223 p=0 d=54289
@ via @@26 b=2913 p=0 d=8553929
@@33: line 6.0 t=391509 -> @@25
yang 
@ via @@25 b=4 p=0 d=10196
@ via @@26 b=223 p=0 d=64289
@@34: line 6.2 t=347416 -> @@25
mem-per-bu-ruk je-jak kar-bon 
@ via @@27 b=5622 p=0 d=31719424
@@35: line 7.0 t=138400002 -> @@27
bu-mi. 
@ via @@27 b=543 p=0 d=305809
@ via @@28 b=5771 p=0 d=33419961
@@36: line 7.0 t=106986387 -> @@27
Di 
@ via @@27 b=31 p=0 d=1681
@ via @@28 b=1024 p=0 d=1069156
@ via @@29 b=6461 p=0 d=41873841
@@37: line 7.0 t=55551344 -> @@29
si-si 
@ via @@27 b=5 p=0 d=10225
@ via @@28 b=169 p=0 d=32041
@ via @@29 b=2189 p=0 d=4835601
@@38: line 7.0 t=18513104 -> @@29
la-in, 
@ via @@28 b=0 p=0 d=10100
@ via @@29 b=379 p=0 d=151321
@@39: line 7.0 t=13828824 -> @@29
ini-si-a-tif 
@ via @@29 b=6 p=0 d=10256
@ via @@30 b=1325 p=0 d=1782225
@ via @@31 b=5817 p=0 d=33953929
@@40: line 7.0 t=7467724 -> @@30
pe-nye-la-mat-an 
@ via @@31 b=30 p=0 d=1600
@ via @@32 b=396 p=0 d=164836
@ via @@33 b=4595 p=0 d=21206025
@@41: line 7.0 t=3278691 -> @@32
ma-kan-an 
@ via @@33 b=168 p=0 d=31684
@ via @@34 b=1748 p=0 d=3100564
@@42: line 7.0 t=423193 -> @@33
si-sa 
@ via @@33 b=1 p=0 d=10121
@ via @@34 b=293 p=0 d=101809
@@43: line 7.2 t=401630 -> @@33
se-ring 
@ via @@34 b=0 p=0 d=100
@@44: line 7.2 t=347516 -> @@34
ka-li ter-ham-bat 
@ via @@35 b=2012 p=0 d=4088484
@@45: line 8.0 t=142488486 -> @@35
oleh 
@ via @@35 b=352 p=0 d=131044
@ via @@36 b=4886 p=0 d=23970816
@@46: line 8.0 t=130957203 -> @@36
ine-fi-si-en-si 
@ via @@36 b=48 p=0 d=3364
@ via @@37 b=465 p=0 d=225625
@ via @@38 b=2680 p=0 d=7236100
@@47: line 8.0 t=25749204 -> @@38
lo-gis-tik 
@ via @@38 b=20 p=0 d=900
@ via @@39 b=991 p=0 d=1002001
@@48: line 8.0 t=14830825 -> @@39
dis-tri-bu-si 
@ via @@40 b=465 p=0 d=225625
@@49: line 8.0 t=7693349 -> @@40
ser-ta 
@ via @@40 b=0 p=0 d=10100
@@50: line 8.2 t=7477824 -> @@40
ke-ta-kut-an 
@ via @@41 b=166 p=0 d=30976
@ via @@42 b=7273 p=0 d=53042089
@@51: line 8.0 t=3309667 -> @@41
do-na-tur 
@ via @@42 b=376 p=0 d=148996
@ via @@43 b=2762 p=0 d=7693984
@@52: line 8.0 t=572189 -> @@42
ter-ha-dap 
@ via @@43 b=2 p=0 d=144
@ via @@44 b=1189 p=0 d=1447601
@@53: line 8.2 t=401774 -> @@43
ja-min-an 
@ via @@44 b=27 p=0 d=1369
@@54: line 8.3 t=348885 -> @@44
stan-dar 
@ via @@45 b=614 p=0 d=389376
@ via @@46 b=5077 p=0 d=25877569
@@55: line 9.0 t=142877862 -> @@45
hi-gi-e-ni-tas 
@ via @@46 b=1 p=0 d=10121
@ via @@47 b=5667 p=0 d=32228329
@@56: line 9.0 t=57977533 -> @@47
dan 
@ via @@47 b=1009 p=0 d=1038361
@@57: line 9.0 t=26787565 -> @@47
ke-a-man-an 
@ via @@48 b=267 p=0 d=76729
@@58: line 9.0 t=14907554 -> @@48
pa-ngan 
@ via @@49 b=795 p=0 d=648025
@ via @@50 b=6526 p=0 d=42729296
@@59: line 9.0 t=8341374 -> @@49
yang 
@ via @@49 b=4 p=0 d=10196
@ via @@50 b=744 p=0 d=578516
@@60: line 9.2 t=7703545 -> @@49
di-do-na-sik-an. 
@\par via @@51 b=0 p=-10000 d=10100
@\par via @@52 b=0 p=-10000 d=10100
@\par via @@53 b=0 p=-10000 d=100
@\par via @@54 b=0 p=-10000 d=100
@\par via @@55 b=0 p=-10000 d=10100
@\par via @@56 b=0 p=-10000 d=10100
@\par via @@57 b=0 p=-10000 d=10100
@\par via @@58 b=0 p=-10000 d=10100
@\par via @@59 b=0 p=-10000 d=10100
@\par via @@60 b=0 p=-10000 d=100
@@61: line 9.2- t=348985 -> @@54

@firstpass
[]\T1/ptm/m/n/12 Untuk mengatasi permasalahan tersebut, proyek ini mengembangkan Food AI Rescue 
@ via @@0 b=72 p=0 d=6724
@@1: line 1.1 t=6724 -> @@0
(FAR), sebuah platform agregator logistik digital berbasis \T1/ptm/m/it/12 Progressive Web App \T1/ptm/m/n/12 (PWA) 
@ via @@1 b=13 p=0 d=529
@@2: line 2.1 t=7253 -> @@1
yang menggunakan arsitektur keamanan \T1/ptm/m/it/12 Role-Based Access Control \T1/ptm/m/n/12 (RBAC) dengan 6 
@ via @@2 b=25 p=0 d=1225
@@3: line 3.1 t=8478 -> @@2
grup akses pengguna. Sistem ini mengintegrasikan \T1/ptm/m/it/12 Google Gemini Vision API \T1/ptm/m/n/12 sebagai 
@ via @@3 b=20 p=0 d=900
@@4: line 4.1 t=9378 -> @@3
@secondpass
[]\T1/ptm/m/n/12 Untuk meng-a-ta-si per-ma-sa-lah-an ter-se-but, pro-yek ini meng-em-bangk-an Fo-od AI 
@ via @@0 b=4441 p=0 d=19821401
@@1: line 1.0 t=19821401 -> @@0
Re-scue 
@ via @@0 b=72 p=0 d=6724
@@2: line 1.1 t=6724 -> @@0
(FAR), se-bu-ah pla-tform agre-ga-tor lo-gis-tik di-gi-tal ber-ba-sis \T1/ptm/m/it/12 Pro-gres-si-ve 
@ via @@1 b=5022 p=0 d=25321024
@@3: line 2.0 t=45142425 -> @@1
Web 
@ via @@1 b=628 p=0 d=407044
@@4: line 2.0 t=20228445 -> @@1
App
@\kern via @@1 b=7 p=0 d=10289
@\kern via @@2 b=2173 p=0 d=4765489
@@5: line 2.0 t=4772213 -> @@2
 \T1/ptm/m/n/12 (PWA) 
@ via @@2 b=13 p=0 d=529
@@6: line 2.1 t=7253 -> @@2
yang meng-gu-nak-an ar-si-tek-tur ke-a-man-an \T1/ptm/m/it/12 Role-Based Access 
@ via @@3 b=6428 p=0 d=41447844
@@7: line 3.0 t=86590269 -> @@3
Con-trol
@\kern via @@3 b=135 p=0 d=21025
@\kern via @@4 b=2326 p=0 d=5456896
@@8: line 3.0 t=25685341 -> @@4
 \T1/ptm/m/n/12 (RBAC) 
@ via @@4 b=2 p=0 d=10144
@ via @@5 b=295 p=0 d=93025
@@9: line 3.0 t=4865238 -> @@5
de-ngan 
@ via @@6 b=240 p=0 d=62500
@@10: line 3.0 t=69753 -> @@6
6 
@ via @@6 b=25 p=0 d=1225
@@11: line 3.1 t=8478 -> @@6
grup ak-ses peng-gu-na. Sis-tem ini meng-in-te-gra-sik-an 
@ via @@7 b=2012 p=0 d=4088484
@@12: line 4.0 t=90678753 -> @@7
\T1/ptm/m/it/12 Go-o-gle 
@ via @@7 b=38 p=0 d=2304
@ via @@8 b=2205 p=0 d=4906225
@@13: line 4.0 t=30591566 -> @@8
Ge-mi-ni 
@ via @@8 b=50 p=0 d=3600
@ via @@9 b=2772 p=0 d=7739524
@@14: line 4.0 t=12604762 -> @@9
Vi-sion 
@ via @@9 b=198 p=0 d=43264
@ via @@10 b=3492 p=0 d=12264004
@ via @@11 b=6876 p=0 d=47416996
@@15: line 4.0 t=4908502 -> @@9
API
@\kern via @@9 b=1 p=0 d=10121
@\kern via @@10 b=791 p=0 d=641601
@\kern via @@11 b=1817 p=0 d=3337929
@@16: line 4.0 t=711354 -> @@10
 \T1/ptm/m/n/12 se-ba-gai 
@ via @@10 b=0 p=0 d=10100
@ via @@11 b=20 p=0 d=900
@@17: line 4.1 t=9378 -> @@11
``Po-li-si Pa-ngan'' un-tuk me-mva-li-da-si ke-la-yak-an, 
@ via @@12 b=729 p=0 d=546121
@@18: line 5.0 t=91224874 -> @@12
ke-a-man-an, 
@ via @@13 b=74 p=0 d=7056
@ via @@14 b=4660 p=0 d=21808900
@@19: line 5.1 t=30598622 -> @@13
dan 
@ via @@13 b=42 p=0 d=12704
@ via @@14 b=725 p=0 d=540225
@ via @@15 b=7981 p=0 d=63856081
@@20: line 5.0 t=13144987 -> @@14
ke-hi-gi-e-nis-an 
@ via @@15 b=0 p=0 d=10100
@ via @@16 b=417 p=0 d=182329
@@21: line 5.0 t=893683 -> @@16
ma-kan-an 
@ via @@17 b=142 p=0 d=23104
@@22: line 5.0 t=32482 -> @@17
se-ca-ra vi-su-al dan oto-nom, yang di-ran-cang 
@ via @@18 b=1371 p=0 d=1907161
@@23: line 6.0 t=93132035 -> @@18
tang-guh 
@ via @@18 b=0 p=0 d=10100
@ via @@19 b=3364 p=0 d=11383876
@@24: line 6.0 t=41982498 -> @@19
un-tuk 
@ via @@19 b=204 p=0 d=45796
@ via @@20 b=1817 p=0 d=3337929
@@25: line 6.0 t=16482916 -> @@20
me-mi-ti-ga-si 
@ via @@21 b=2875 p=0 d=8323225
@@26: line 6.0 t=9216908 -> @@21
bi-as 
@ via @@21 b=376 p=0 d=148996
@@27: line 6.0 t=1042679 -> @@21
ke-ce-rdas-an 
@ via @@22 b=106 p=0 d=13456
@@28: line 6.0 t=45938 -> @@22
bu-at-an se-per-ti \T1/ptm/m/it/12 Cle-ver Hans effe-ct\T1/ptm/m/n/12 . 
@\par via @@23 b=0 p=-10000 d=10100
@\par via @@24 b=0 p=-10000 d=10100
@\par via @@25 b=0 p=-10000 d=10100
@\par via @@26 b=0 p=-10000 d=10100
@\par via @@27 b=0 p=-10000 d=10100
@\par via @@28 b=0 p=-10000 d=10100
@@29: line 7.2- t=56038 -> @@28

@firstpass
@secondpass
[]\T1/ptm/m/n/12 Sebagai ino-va-si ope-ra-sio-nal, FAR men-da-ya-gu-nak-an sis-tem pen-jem-put-an lo-gis-tik 
@ via @@0 b=2961 p=0 d=8836841
@@1: line 1.0 t=8836841 -> @@0
oleh 
@ via @@0 b=143 p=0 d=33409
@@2: line 1.0 t=33409 -> @@0
ar-ma-da Re-la-w-an yang di-do-rong oleh me-sin al-go-ri-tma Ga-mi-fi-ka-si (\T1/ptm/m/it/12 Le-a-der-bo-a-rd 
@ via @@1 b=230 p=0 d=57600
@ via @@2 b=3058 p=0 d=9412624
@@3: line 2.0 t=8894441 -> @@1
Ran-king\T1/ptm/m/n/12 ), 
@ via @@2 b=43 p=0 d=12809
@@4: line 2.3 t=46218 -> @@2
ser-ta di-wa-jibk-an meng-gu-nak-an pe-min-da-i-an Ko-de QR nir-kon-tak se-ba-gai 
@ via @@3 b=1067 p=0 d=1159929
@@5: line 3.0 t=10054370 -> @@3
buk-ti 
@ via @@3 b=3 p=0 d=10169
@ via @@4 b=5652 p=0 d=32068244
@@6: line 3.2 t=8904610 -> @@3
se-rah 
@ via @@4 b=460 p=0 d=230900
@@7: line 3.0 t=277118 -> @@4
te-ri-ma 
@ via @@4 b=79 p=0 d=7921
@@8: line 3.3 t=54139 -> @@4
yang sah gu-na men-ce-gah pe-nya-la-hgu-na-an do-na-si. Khu-sus 
@ via @@5 b=2726 p=0 d=7485696
@@9: line 4.0 t=17540066 -> @@5
ba-gi 
@ via @@5 b=460 p=0 d=220900
@ via @@6 b=3281 p=0 d=10840681
@@10: line 4.0 t=10275270 -> @@5
do-na-tur 
@ via @@5 b=12 p=0 d=10484
@ via @@6 b=132 p=0 d=30164
@ via @@7 b=1810 p=0 d=3312400
@@11: line 4.0 t=3589518 -> @@7
kor-po-rat, 
@ via @@7 b=2 p=0 d=10144
@ via @@8 b=772 p=0 d=621524
@@12: line 4.2 t=287262 -> @@7
sis-tem 
@ via @@8 b=2 p=0 d=144
@@13: line 4.2 t=54283 -> @@8
ju-ga me-mfa-si-li-ta-si fi-tur AI Ge-ne-ra-tif (\T1/ptm/m/it/12 Eco Pac-ka-ging 
@ via @@9 b=414 p=0 d=179776
@ via @@10 b=3271 p=0 d=10764961
@@14: line 5.0 t=17719842 -> @@9
Edi-tor
@\kern via @@9 b=14 p=0 d=10576
@\kern via @@10 b=119 p=0 d=16641
@\kern via @@11 b=4505 p=0 d=20385225
@@15: line 5.0 t=10291911 -> @@10
 \T1/ptm/m/n/12 dan 
@ via @@10 b=0 p=0 d=10100
@ via @@11 b=918 p=0 d=861184
@@16: line 5.0 t=4450702 -> @@11
\T1/ptm/m/it/12 CSR 
@ via @@11 b=35 p=0 d=2025
@ via @@12 b=3861 p=0 d=14994641
@@17: line 5.1 t=3591543 -> @@11
Co-pywri-ter\T1/ptm/m/n/12 ) 
@ via @@12 b=0 p=0 d=100
@ via @@13 b=594 p=0 d=374816
@@18: line 5.2 t=287362 -> @@12
gu-na 
@ via @@13 b=3 p=0 d=169
@@19: line 5.2 t=54452 -> @@13
me-nun-jang ke-bu-tuh-an kam-pa-nye ke-ber-lan-jut-an 
@ via @@14 b=1286 p=0 d=1679616
@@20: line 6.0 t=19399458 -> @@14
per-u-sa-ha-an. 
@ via @@15 b=15 p=0 d=625
@ via @@16 b=1102 p=0 d=1236544
@@21: line 6.0 t=5687246 -> @@16
Se-lu-ruh 
@ via @@17 b=34 p=0 d=1936
@@22: line 6.1 t=3593479 -> @@17
ak-ti-vi-tas 
@ via @@18 b=628 p=0 d=417044
@ via @@19 b=5954 p=0 d=35579296
@@23: line 6.0 t=704406 -> @@18
pe-nya-lur-an 
@ via @@19 b=0 p=0 d=100
@@24: line 6.2 t=54552 -> @@19
pa-ngan ke-mu-di-an di-re-ka-pi-tu-la-si se-ca-ra 
@ via @@20 b=1540 p=0 d=2402500
@@25: line 7.0 t=21801958 -> @@20
\T1/ptm/m/it/12 real-time
@\kern via @@21 b=8056 p=0 d=65060356
@@26: line 7.0 t=70747602 -> @@21
 \T1/ptm/m/n/12 ke 
@ via @@21 b=2181 p=0 d=4800481
@@27: line 7.0 t=10487727 -> @@21
da-lam 
@ via @@21 b=12 p=0 d=10484
@ via @@22 b=3758 p=0 d=14197824
@@28: line 7.2 t=5697730 -> @@21
Das-bor 
@ via @@22 b=28 p=0 d=1444
@ via @@23 b=5260 p=0 d=27772900
@@29: line 7.1 t=3594923 -> @@22
Dam-pak 
@ via @@23 b=26 p=0 d=1296
@@30: line 7.1 t=705702 -> @@23
So-si-al 
@ via @@24 b=931 p=0 d=895481
@@31: line 7.0 t=950033 -> @@24
(SROI) 
@ via @@24 b=14 p=0 d=576
@@32: line 7.3 t=55128 -> @@24
yang meng-al-ku-la-si por-si 
@ via @@25 b=6477 p=0 d=42081169
@@33: line 8.0 t=63883127 -> @@25
ma-kan-an 
@ via @@25 b=114 p=0 d=15376
@ via @@26 b=6542 p=0 d=42928704
@@34: line 8.0 t=21817334 -> @@25
ter-se-la-matk-an, 
@ via @@27 b=8 p=0 d=10324
@ via @@28 b=2020 p=0 d=4130900
@@35: line 8.0 t=9828630 -> @@28
peng-he-mat-an 
@ via @@29 b=29 p=0 d=1521
@ via @@30 b=6893 p=0 d=47651409
@@36: line 8.1 t=3596444 -> @@29
air, 
@ via @@30 b=1348 p=0 d=1844164
@@37: line 8.0 t=2549866 -> @@30
ser-ta 
@ via @@30 b=18 p=0 d=784
@ via @@31 b=2073 p=0 d=4338889
@@38: line 8.1 t=706486 -> @@30
per-sen-ta-se 
@ via @@32 b=543 p=0 d=315809
@@39: line 8.0 t=370937 -> @@32
re-duk-si emi-si je-jak 
@ via @@33 b=4279 p=0 d=18395521
@@40: line 9.0 t=82278648 -> @@33
kar-bon. 
@ via @@33 b=57 p=0 d=4489
@ via @@34 b=6173 p=0 d=38229489
@@41: line 9.0 t=60046823 -> @@34
Im-ple-men-ta-si 
@ via @@35 b=4193 p=0 d=17665209
@@42: line 9.0 t=27493839 -> @@35
pla-tform 
@ via @@35 b=93 p=0 d=10609
@@43: line 9.1 t=9839239 -> @@35
ini 
@ via @@35 b=1 p=0 d=10121
@ via @@36 b=4316 p=0 d=18714276
@@44: line 9.2 t=9838751 -> @@35
di-ha-rapk-an 
@ via @@36 b=30 p=0 d=1600
@ via @@37 b=460 p=0 d=220900
@ via @@38 b=3449 p=0 d=11964681
@@45: line 9.0 t=2770766 -> @@37
mam-pu 
@ via @@37 b=72 p=0 d=16724
@ via @@38 b=97 p=0 d=11449
@ via @@39 b=6559 p=0 d=43151761
@@46: line 9.1 t=717935 -> @@38
men-cip-tak-an 
@ via @@39 b=7 p=0 d=10289
@@47: line 9.2 t=381226 -> @@39
eko-sis-tem 
@ via @@40 b=3128 p=0 d=9847044
@@48: line 10.0 t=92125692 -> @@40
ma-na-je-men 
@ via @@41 b=1755 p=0 d=3115225
@@49: line 10.0 t=63162048 -> @@41
do-na-si 
@ via @@41 b=2 p=0 d=10144
@@50: line 10.2 t=60056967 -> @@41
pa-ngan 
@ via @@42 b=832 p=0 d=708964
@@51: line 10.0 t=28202803 -> @@42
yang 
@ via @@42 b=1 p=0 d=10121
@ via @@43 b=3514 p=0 d=12418576
@@52: line 10.0 t=22257815 -> @@43
am-an, 
@ via @@43 b=82 p=0 d=8464
@ via @@44 b=981 p=0 d=992081
@@53: line 10.1 t=9847703 -> @@43
trans-par-an, 
@ via @@45 b=927 p=0 d=877969
@@54: line 10.0 t=3648735 -> @@45
dan 
@ via @@45 b=25 p=0 d=1225
@ via @@46 b=3460 p=0 d=12040900
@@55: line 10.1 t=2771991 -> @@45
ter-pa-du 
@ via @@46 b=26 p=0 d=1296
@@56: line 10.1 t=719231 -> @@46
un-tuk 
@ via @@47 b=1803 p=0 d=3296969
@@57: line 10.0 t=3678195 -> @@47
men-du-kung 
@ via @@48 b=936 p=0 d=894916
@@58: line 11.0 t=93020608 -> @@48
op-ti-ma-li-sa-si 
@ via @@49 b=744 p=0 d=568516
@@59: line 11.0 t=63730564 -> @@49
ke-ta-han-an 
@ via @@50 b=85 p=0 d=9025
@ via @@51 b=4341 p=0 d=18931201
@@60: line 11.0 t=47134004 -> @@51
pa-ngan 
@ via @@51 b=85 p=0 d=9025
@ via @@52 b=2142 p=0 d=4631104
@@61: line 11.0 t=26888919 -> @@52
na-sio-nal 
@ via @@52 b=0 p=0 d=10100
@ via @@53 b=954 p=0 d=929296
@@62: line 11.0 t=10776999 -> @@53
dan 
@ via @@53 b=30 p=0 d=1600
@@63: line 11.1 t=9849303 -> @@53
ke-les-ta-ri-an 
@ via @@54 b=43 p=0 d=2809
@ via @@55 b=1163 p=0 d=1375929
@@64: line 11.1 t=3651544 -> @@54
ling-kung-an. 
@\par via @@56 b=0 p=-10000 d=100
@\par via @@57 b=0 p=-10000 d=10100
@\par via @@58 b=0 p=-10000 d=10100
@\par via @@59 b=0 p=-10000 d=10100
@\par via @@60 b=0 p=-10000 d=10100
@\par via @@61 b=0 p=-10000 d=10100
@\par via @@62 b=0 p=-10000 d=10100
@\par via @@63 b=0 p=-10000 d=100
@\par via @@64 b=0 p=-10000 d=100
@@65: line 11.2- t=719331 -> @@56

@firstpass
\T1/ptm/b/n/12 Kata Kunci: \T1/ptm/m/it/12 Food Waste\T1/ptm/m/n/12 , Kecerdasan Buatan, Ketahanan Pangan, Jejak Karbon. 
@\par via @@0 b=0 p=-10000 d=100
@@1: line 1.2- t=100 -> @@0

@firstpass
[] 
@\par via @@0 b=0 p=-10000 d=100
@@1: line 1.2- t=100 -> @@0

File: image/Logo_Universitas_Telkom_Horizontal.png Graphic file (type png)
<use image/Logo_Universitas_Telkom_Horizontal.png>
Package pdftex.def Info: image/Logo_Universitas_Telkom_Horizontal.png  used on input line 237.
(pdftex.def)             Requested size: 77.11923pt x 34.14322pt.
@firstpass
[][] 
@ via @@0 b=0 p=0 d=100
@@1: line 1.2 t=100 -> @@0
|
@\par via @@0 b=0 p=-10000 d=100
@\par via @@1 b=0 p=-10000 d=100
@@2: line 1.2- t=100 -> @@0

@firstpass
[]
@\par via @@0 b=0 p=-10000 d=100
@@1: line 1.2- t=100 -> @@0

@firstpass
[] 
@\par via @@0 b=0 p=-10000 d=100
@@1: line 1.2- t=100 -> @@0

@firstpass
[]
@\par via @@0 b=0 p=-10000 d=100
@@1: line 1.2- t=100 -> @@0

@firstpass
[]\T1/ptm/m/n/12 vi|
@\par via @@0 b=0 p=-10000 d=100
@@1: line 1.2- t=100 -> @@0

 [6]
@firstpass
[]
@\penalty via @@0 b=0 p=0 d=100
@@1: line 1.2 t=100 -> @@0
\T1/ptm/b/n/17.28 ABSTRACT
@\par via @@0 b=0 p=-10000 d=100
@\par via @@1 b=0 p=-10000 d=100
@@2: line 1.2- t=100 -> @@0

@firstpass
[]\T1/ptm/b/it/14.4 Food 
@ via @@0 b=0 p=0 d=100
@@1: line 1.2 t=100 -> @@0
AI 
@ via @@0 b=0 p=0 d=100
@ via @@1 b=0 p=0 d=100
@@2: line 1.2 t=100 -> @@0
Rescue
@\par via @@0 b=0 p=-10000 d=100
@\par via @@1 b=0 p=-10000 d=100
@\par via @@2 b=0 p=-10000 d=100
@@3: line 1.2- t=100 -> @@0

@firstpass
[]\T1/ptm/m/n/12 By:
@\par via @@0 b=0 p=-10000 d=100
@@1: line 1.2- t=100 -> @@0

@firstpass
[]\T1/ptm/m/n/12 Shafnat 
@ via @@0 b=0 p=0 d=100
@@1: line 1.2 t=100 -> @@0
Fuaini 
@ via @@0 b=0 p=0 d=100
@ via @@1 b=0 p=0 d=100
@@2: line 1.2 t=100 -> @@0
Ramadhan
@\par via @@0 b=0 p=-10000 d=100
@\par via @@1 b=0 p=-10000 d=100
@\par via @@2 b=0 p=-10000 d=100
@@3: line 1.2- t=100 -> @@0

@firstpass
[]\T1/ptm/m/n/12 607012400075
@\par via @@0 b=0 p=-10000 d=100
@@1: line 1.2- t=100 -> @@0

@firstpass
\T1/ptm/m/it/12 Indonesia is currently facing a significant food crisis paradox, in which high levels of 
@ via @@0 b=38 p=0 d=2304
@@1: line 1.1 t=2304 -> @@0
food 
@ via @@0 b=36 p=0 d=2116
@@2: line 1.3 t=2116 -> @@0
waste (ranging from 23 to 48 million tons per year) coexist with the threat of food 
@ via @@1 b=5 p=0 d=225
@@3: line 2.2 t=2529 -> @@1
insecurity and stunting in various regions. The failure to utilize this food surplus not 
@ via @@3 b=55 p=0 d=4225
@@4: line 3.1 t=6754 -> @@3
only 
@ via @@3 b=0 p=0 d=100
@@5: line 3.2 t=2629 -> @@3
causes economic losses but also has a devastating impact on the environment, as 
@ via @@4 b=29 p=0 d=1521
@@6: line 4.1 t=8275 -> @@4
rotting 
@ via @@5 b=1 p=0 d=121
@@7: line 4.2 t=2750 -> @@5
food in landfills releases methane emissions that worsen the Earth's carbon footprint. 
@ via @@7 b=52 p=0 d=3844
@@8: line 5.1 t=6594 -> @@7
On 
@ via @@7 b=3 p=0 d=169
@@9: line 5.2 t=2919 -> @@7
the other hand, food rescue initiatives are often hindered by inefficient distribution 
@ via @@8 b=24 p=0 d=1156
@@10: line 6.1 t=7750 -> @@8
logistics as well as donors' concerns regarding the hygiene and food safety standards 
@ via @@10 b=43 p=0 d=2809
@@11: line 7.1 t=10559 -> @@10
of 
@ via @@10 b=0 p=0 d=100
@@12: line 7.2 t=7850 -> @@10
donated food. 
@\par via @@11 b=0 p=-10000 d=100
@\par via @@12 b=0 p=-10000 d=100
@@13: line 8.2- t=7950 -> @@12

@firstpass
@secondpass
[]\T1/ptm/m/it/12 To address the-se is-su-es, this pro-je-ct has de-ve-lo-ped Fo-od AI Re-scue (FAR), 
@ via @@0 b=4531 p=0 d=20630681
@@1: line 1.0 t=20630681 -> @@0
a 
@ via @@0 b=2351 p=0 d=5584321
@@2: line 1.0 t=5584321 -> @@0
di-gi-tal 
@ via @@0 b=176 p=0 d=44596
@@3: line 1.0 t=44596 -> @@0
lo-gis-ti-cs ag-gre-ga-tor pla-tform ba-sed on a Pro-gres-si-ve Web App (PWA) 
@ via @@1 b=1496 p=0 d=2268036
@ via @@2 b=3312 p=0 d=11035684
@@4: line 2.0 t=16620005 -> @@2
that 
@ via @@1 b=198 p=0 d=43264
@ via @@2 b=607 p=0 d=380689
@ via @@3 b=6001 p=0 d=36132121
@@5: line 2.0 t=5965010 -> @@2
uti-li-zes 
@ via @@2 b=0 p=0 d=10100
@ via @@3 b=483 p=0 d=243049
@@6: line 2.0 t=287645 -> @@3
a 
@ via @@3 b=146 p=0 d=24336
@@7: line 2.0 t=68932 -> @@3
Role-Based Access Con-trol (RBAC) se-cu-ri-ty ar-chi-te-ctu-re wi-th 
@ via @@4 b=5847 p=0 d=34304449
@@8: line 3.0 t=50924454 -> @@4
6 
@ via @@4 b=2680 p=0 d=7236100
@@9: line 3.0 t=23856105 -> @@4
user 
@ via @@4 b=355 p=0 d=133225
@ via @@5 b=2393 p=0 d=5774409
@@10: line 3.0 t=11739419 -> @@5
access 
@ via @@4 b=10 p=0 d=10400
@ via @@5 b=70 p=0 d=6400
@ via @@6 b=2790 p=0 d=7840000
@ via @@7 b=6047 p=0 d=36687249
@@11: line 3.1 t=5971410 -> @@5
gro-u-ps. 
@ via @@6 b=51 p=0 d=3721
@ via @@7 b=261 p=0 d=73441
@@12: line 3.0 t=142373 -> @@7
This 
@ via @@7 b=0 p=0 d=10100
@@13: line 3.2 t=79032 -> @@7
sys-tem in-te-gra-tes the Go-o-gle Ge-mi-ni Vi-sion 
@ via @@8 b=6625 p=0 d=44023225
@@14: line 4.0 t=94947679 -> @@8
API 
@ via @@8 b=2221 p=0 d=4977361
@ via @@9 b=4144 p=0 d=17255716
@@15: line 4.0 t=41111821 -> @@9
as 
@ via @@8 b=883 p=0 d=797449
@ via @@9 b=1783 p=0 d=3214849
@ via @@10 b=6047 p=0 d=36687249
@@16: line 4.0 t=27070954 -> @@9
a 
@ via @@8 b=406 p=0 d=173056
@ via @@9 b=883 p=0 d=797449
@ via @@10 b=3396 p=0 d=11600836
@@17: line 4.0 t=23340255 -> @@10
``Fo-od 
@ via @@8 b=3 p=0 d=10169
@ via @@9 b=31 p=0 d=1681
@ via @@10 b=463 p=0 d=223729
@ via @@11 b=3471 p=0 d=12117361
@@18: line 4.0 t=11963148 -> @@10
Po-li-ce'' 
@ via @@10 b=0 p=0 d=10100
@ via @@11 b=316 p=0 d=106276
@ via @@12 b=5756 p=0 d=33246756
@@19: line 4.0 t=6077686 -> @@11
to 
@ via @@11 b=76 p=0 d=7396
@ via @@12 b=2617 p=0 d=6901129
@@20: line 4.1 t=5978806 -> @@11
vi-su-a-lly 
@ via @@12 b=105 p=0 d=13225
@ via @@13 b=1062 p=0 d=1159184
@@21: line 4.0 t=155598 -> @@12
and 
@ via @@12 b=0 p=0 d=10100
@ via @@13 b=145 p=0 d=34025
@@22: line 4.0 t=113057 -> @@13
au-to-no-mo-us-ly va-li-da-te the su-i-ta-bi-li-ty, 
@ via @@14 b=2237 p=0 d=5049009
@ via @@15 b=7963 p=0 d=63568729
@@23: line 5.0 t=99996688 -> @@14
sa-fe-ty, 
@ via @@14 b=106 p=0 d=13456
@ via @@15 b=1033 p=0 d=1087849
@ via @@16 b=3068 p=0 d=9474084
@ via @@17 b=6445 p=0 d=41667025
@@24: line 5.0 t=36545038 -> @@16
and 
@ via @@14 b=0 p=0 d=10100
@ via @@15 b=108 p=0 d=13924
@ via @@16 b=562 p=0 d=327184
@ via @@17 b=1424 p=0 d=2056356
@@25: line 5.0 t=25396611 -> @@17
hygi-e-ne 
@ via @@16 b=7 p=0 d=10289
@ via @@17 b=2 p=0 d=10144
@ via @@18 b=892 p=0 d=813604
@@26: line 5.0 t=12776752 -> @@18
of 
@ via @@17 b=54 p=0 d=14096
@ via @@18 b=219 p=0 d=52441
@ via @@19 b=4303 p=0 d=18601969
@@27: line 5.0 t=12015589 -> @@18
fo-od, 
@ via @@18 b=0 p=0 d=10100
@ via @@19 b=663 p=0 d=452929
@ via @@20 b=1990 p=0 d=4000000
@@28: line 5.0 t=6530615 -> @@19
de-sig-ned 
@ via @@19 b=54 p=0 d=14096
@ via @@20 b=2 p=0 d=144
@ via @@21 b=1337 p=0 d=1814409
@ via @@22 b=5548 p=0 d=30891364
@@29: line 5.0 t=1970007 -> @@21
to 
@ via @@20 b=54 p=0 d=14096
@ via @@21 b=401 p=0 d=168921
@ via @@22 b=2245 p=0 d=5085025
@@30: line 5.0 t=324519 -> @@21
be 
@ via @@21 b=59 p=0 d=4761
@ via @@22 b=688 p=0 d=487204
@@31: line 5.1 t=160359 -> @@21
ro-bust 
@ via @@22 b=3 p=0 d=10169
@@32: line 5.2 t=123226 -> @@22
to 
@ via @@22 b=17 p=0 d=10729
@@33: line 5.3 t=123786 -> @@22
mi-ti-ga-te AI bi-a-ses 
@ via @@23 b=6063 p=0 d=36881329
@@34: line 6.0 t=136878017 -> @@23
su-ch 
@ via @@23 b=1789 p=0 d=3236401
@@35: line 6.0 t=103233089 -> @@23
as 
@ via @@23 b=699 p=0 d=502681
@ via @@24 b=4242 p=0 d=18079504
@@36: line 6.0 t=54624542 -> @@24
the 
@ via @@23 b=154 p=0 d=26896
@ via @@24 b=1668 p=0 d=2815684
@ via @@25 b=4779 p=0 d=22934521
@@37: line 6.0 t=39360722 -> @@24
Cle-ver 
@ via @@23 b=1 p=0 d=10121
@ via @@24 b=141 p=0 d=22801
@ via @@25 b=820 p=0 d=688900
@ via @@26 b=5756 p=0 d=33246756
@@38: line 6.0 t=26085511 -> @@25
Hans 
@ via @@24 b=0 p=0 d=10100
@ via @@25 b=62 p=0 d=5184
@ via @@26 b=1533 p=0 d=2380849
@ via @@27 b=3240 p=0 d=10562500
@@39: line 6.0 t=15157601 -> @@26
effe-ct. 
@\par via @@25 b=39 p=-10000 d=12401
@\par via @@26 b=0 p=-10000 d=10100
@\par via @@27 b=0 p=-10000 d=10100
@\par via @@28 b=0 p=-10000 d=10100
@\par via @@29 b=0 p=-10000 d=10100
@\par via @@30 b=0 p=-10000 d=10100
@\par via @@31 b=0 p=-10000 d=100
@\par via @@32 b=0 p=-10000 d=100
@\par via @@33 b=0 p=-10000 d=100
@\par via @@34 b=0 p=-10000 d=10100
@\par via @@35 b=0 p=-10000 d=10100
@\par via @@36 b=0 p=-10000 d=10100
@\par via @@37 b=0 p=-10000 d=10100
@\par via @@38 b=0 p=-10000 d=10100
@\par via @@39 b=0 p=-10000 d=10100
@@40: line 6.2- t=123326 -> @@32

@firstpass
@secondpass
[]\T1/ptm/m/it/12 As an ope-ra-tio-nal in-no-va-tion, FAR uti-li-zes a lo-gis-ti-cs pic-kup sys-tem ope-ra-ted 
@ via @@0 b=2818 p=0 d=8007584
@@1: line 1.0 t=8007584 -> @@0
by 
@ via @@0 b=879 p=0 d=800321
@@2: line 1.0 t=800321 -> @@0
a 
@ via @@0 b=329 p=0 d=124921
@@3: line 1.0 t=124921 -> @@0
vo-lun-te-er fle-et dri-ven by ga-mi-fi-ca-tion al-go-ri-thms (Le-a-der-bo-a-rd Ran-king), 
@ via @@1 b=2951 p=0 d=8767521
@@4: line 2.0 t=16775105 -> @@1
and 
@ via @@1 b=391 p=0 d=160801
@ via @@2 b=1769 p=0 d=3164841
@ via @@3 b=4391 p=0 d=19368801
@@5: line 2.0 t=3965162 -> @@2
re-qu-i-res 
@ via @@2 b=0 p=0 d=10100
@ via @@3 b=24 p=0 d=1156
@@6: line 2.1 t=126077 -> @@3
the use of con-ta-ct-less QR co-de scan-ning as va-lid pro-of of 
@ via @@4 b=6995 p=0 d=49070025
@@7: line 3.0 t=65845130 -> @@4
de-li-very 
@ via @@4 b=828 p=0 d=702244
@ via @@5 b=3168 p=0 d=10099684
@@8: line 3.0 t=14064846 -> @@5
to 
@ via @@4 b=269 p=0 d=77841
@ via @@5 b=1371 p=0 d=1907161
@@9: line 3.0 t=5872323 -> @@5
pre-vent 
@ via @@4 b=3 p=0 d=10169
@ via @@5 b=34 p=0 d=1936
@ via @@6 b=1668 p=0 d=2815684
@@10: line 3.0 t=2941761 -> @@6
mi-su-se 
@ via @@6 b=87 p=0 d=9409
@@11: line 3.1 t=135486 -> @@6
of 
@ via @@6 b=8 p=0 d=324
@@12: line 3.2 t=126401 -> @@6
do-na-tions. Spe-ci-fi-ca-lly for cor-po-ra-te do-nors, 
@ via @@7 b=4569 p=0 d=20967241
@@13: line 4.0 t=86812371 -> @@7
the 
@ via @@7 b=1400 p=0 d=1988100
@@14: line 4.0 t=67833230 -> @@7
sys-tem 
@ via @@7 b=44 p=0 d=2916
@ via @@8 b=1997 p=0 d=4028049
@ via @@9 b=4518 p=0 d=20502784
@@15: line 4.0 t=18092895 -> @@8
al-so 
@ via @@7 b=21 p=0 d=10961
@ via @@8 b=366 p=0 d=141376
@ via @@9 b=1107 p=0 d=1247689
@ via @@10 b=8075 p=0 d=65367225
@@16: line 4.0 t=7120012 -> @@9
fa-ci-li-ta-tes 
@ via @@9 b=0 p=0 d=10100
@ via @@10 b=480 p=0 d=240100
@ via @@11 b=4647 p=0 d=21687649
@@17: line 4.0 t=3181861 -> @@10
Ge-ne-ra-ti-ve 
@ via @@11 b=43 p=0 d=2809
@ via @@12 b=295 p=0 d=103025
@@18: line 4.1 t=138295 -> @@11
AI 
@ via @@11 b=0 p=0 d=100
@ via @@12 b=30 p=0 d=1600
@@19: line 4.1 t=128001 -> @@12
@@20: line 4.2 t=135586 -> @@11
fe-a-tu-res (Eco Pac-ka-ging Edi-tor and 
@ via @@13 b=3503 p=0 d=12341169
@@21: line 5.0 t=99153540 -> @@13
CSR 
@ via @@13 b=533 p=0 d=294849
@ via @@14 b=2443 p=0 d=6017209
@@22: line 5.0 t=73850439 -> @@14
Co-pywri-ter) 
@ via @@15 b=287 p=0 d=88209
@ via @@16 b=2698 p=0 d=7333264
@@23: line 5.0 t=14453276 -> @@16
to 
@ via @@15 b=30 p=0 d=1600
@ via @@16 b=816 p=0 d=682276
@@24: line 5.0 t=7802288 -> @@16
sup-port 
@ via @@16 b=8 p=0 d=10324
@ via @@17 b=1769 p=0 d=3164841
@@25: line 5.0 t=6346702 -> @@17
cor-po-ra-te 
@ via @@17 b=7 p=0 d=10289
@ via @@18 b=2538 p=0 d=6492304
@ via @@19 b=7133 p=0 d=51022449
@ via @@20 b=7133 p=0 d=51032449
@@26: line 5.2 t=3192150 -> @@17
sus-ta-i-na-bi-li-ty 
@ via @@19 b=0 p=0 d=100
@ via @@20 b=0 p=0 d=100
@@27: line 5.2 t=128101 -> @@19
cam-pa-ign ne-e-ds. All 
@ via @@21 b=6592 p=0 d=43586404
@@28: line 6.0 t=142739944 -> @@21
fo-od 
@ via @@21 b=1460 p=0 d=2160900
@ via @@22 b=6592 p=0 d=43586404
@@29: line 6.0 t=101314440 -> @@21
dis-tri-bu-tion 
@ via @@22 b=35 p=0 d=2025
@ via @@23 b=7397 p=0 d=54863649
@@30: line 6.0 t=69316925 -> @@23
acti-vi-ti-es 
@ via @@23 b=323 p=0 d=110889
@ via @@24 b=1237 p=0 d=1555009
@@31: line 6.0 t=9357297 -> @@24
are 
@ via @@23 b=12 p=0 d=10484
@ via @@24 b=158 p=0 d=28224
@ via @@25 b=4229 p=0 d=17969121
@@32: line 6.0 t=7830512 -> @@24
then 
@ via @@24 b=0 p=0 d=10100
@ via @@25 b=768 p=0 d=605284
@@33: line 6.0 t=6951986 -> @@25
sum-ma-ri-zed 
@ via @@26 b=289 p=0 d=99401
@@34: line 6.0 t=3291551 -> @@26
in 
@ via @@26 b=40 p=0 d=2500
@ via @@27 b=7504 p=0 d=56470196
@@35: line 6.1 t=3194650 -> @@26
real-time 
@ via @@27 b=503 p=0 d=273169
@@36: line 6.0 t=401270 -> @@27
wi-thin 
@ via @@27 b=1 p=0 d=121
@@37: line 6.2 t=128222 -> @@27
the So-ci-al 
@ via @@28 b=2809 p=0 d=7946761
@@38: line 7.0 t=150686705 -> @@28
Im-pa-ct 
@ via @@28 b=80 p=0 d=8100
@ via @@29 b=1337 p=0 d=1814409
@@39: line 7.0 t=103128849 -> @@29
Da-shbo-a-rd 
@ via @@30 b=1558 p=0 d=2458624
@@40: line 7.0 t=71775549 -> @@30
(SROI), 
@ via @@30 b=2 p=0 d=10144
@ via @@31 b=2376 p=0 d=5692996
@ via @@32 b=8170 p=0 d=66912400
@@41: line 7.0 t=15050293 -> @@31
whi-ch 
@ via @@31 b=107 p=0 d=13689
@ via @@32 b=1005 p=0 d=1030225
@ via @@33 b=5741 p=0 d=33074001
@@42: line 7.0 t=8860737 -> @@32
ca-lcu-la-tes 
@ via @@33 b=22 p=0 d=1024
@@43: line 7.1 t=6953010 -> @@33
the 
@ via @@33 b=63 p=0 d=15329
@ via @@34 b=2726 p=0 d=7485696
@ via @@35 b=6910 p=0 d=47886400
@@44: line 7.3 t=6967315 -> @@33
amo-unt 
@ via @@34 b=45 p=0 d=3025
@ via @@35 b=357 p=0 d=134689
@@45: line 7.1 t=3294576 -> @@34
of 
@ via @@34 b=0 p=0 d=10100
@ via @@35 b=45 p=0 d=3025
@ via @@36 b=4024 p=0 d=16273156
@@46: line 7.1 t=3197675 -> @@35
fo-od 
@ via @@36 b=674 p=0 d=467856
@ via @@37 b=5970 p=0 d=35770400
@@47: line 7.0 t=869126 -> @@36
sa-ved, 
@ via @@36 b=1 p=0 d=10121
@ via @@37 b=656 p=0 d=453556
@@48: line 7.2 t=411391 -> @@36
wa-ter 
@ via @@37 b=3 p=0 d=169
@ via @@38 b=3009 p=0 d=9114361
@@49: line 7.2 t=128391 -> @@37
sa-vings, 
@ via @@38 b=44 p=0 d=2916
@ via @@39 b=2205 p=0 d=4906225
@@50: line 8.0 t=108035074 -> @@39
and 
@ via @@38 b=30 p=0 d=11600
@ via @@39 b=327 p=0 d=113569
@@51: line 8.0 t=103242418 -> @@39
the 
@ via @@39 b=19 p=0 d=841
@ via @@40 b=3803 p=0 d=14538969
@@52: line 8.0 t=86314518 -> @@40
per-cen-ta-ge 
@ via @@40 b=24 p=0 d=1156
@ via @@41 b=1721 p=0 d=2996361
@@53: line 8.0 t=18046654 -> @@41
re-du-ction 
@ via @@41 b=1 p=0 d=10121
@ via @@42 b=546 p=0 d=309136
@@54: line 8.0 t=9169873 -> @@42
in 
@ via @@41 b=53 p=0 d=13969
@ via @@42 b=123 p=0 d=17689
@ via @@43 b=4899 p=0 d=24098281
@@55: line 8.0 t=8878426 -> @@42
car-bon 
@ via @@43 b=509 p=0 d=269361
@ via @@44 b=2020 p=0 d=4130900
@@56: line 8.0 t=7222371 -> @@43
fo-o-tp-rint 
@ via @@43 b=32 p=0 d=11764
@ via @@44 b=13 p=0 d=10529
@ via @@45 b=1442 p=0 d=2108304
@ via @@46 b=3657 p=0 d=13446889
@@57: line 8.0 t=5402880 -> @@45
emis-sions. 
@ via @@45 b=2 p=0 d=144
@ via @@46 b=11 p=0 d=441
@ via @@47 b=604 p=0 d=376996
@ via @@48 b=6725 p=0 d=45370225
@@58: line 8.0 t=1246122 -> @@47
The 
@ via @@47 b=14 p=0 d=576
@ via @@48 b=909 p=0 d=854561
@ via @@49 b=5359 p=0 d=28836161
@@59: line 8.1 t=869702 -> @@47
im-ple-men-ta-tion 
@ via @@49 b=1 p=0 d=121
@ via @@50 b=866 p=0 d=767376
@ via @@51 b=4024 p=0 d=16273156
@@60: line 8.2 t=128512 -> @@49
of 
@ via @@50 b=226 p=0 d=55696
@ via @@51 b=1546 p=0 d=2421136
@ via @@52 b=5161 p=0 d=26739241
@@61: line 9.0 t=105663554 -> @@51
this 
@ via @@50 b=4 p=0 d=10196
@ via @@51 b=242 p=0 d=63504
@ via @@52 b=1308 p=0 d=1737124
@@62: line 9.0 t=88051642 -> @@52
pla-tform 
@ via @@52 b=0 p=0 d=10100
@ via @@53 b=2503 p=0 d=6315169
@@63: line 9.0 t=24361823 -> @@53
is 
@ via @@53 b=1028 p=0 d=1077444
@@64: line 9.0 t=19124098 -> @@53
expe-cted 
@ via @@53 b=0 p=0 d=10100
@ via @@54 b=1297 p=0 d=1708249
@ via @@55 b=3240 p=0 d=10562500
@@65: line 9.0 t=10878122 -> @@54
to 
@ via @@54 b=443 p=0 d=205209
@ via @@55 b=1297 p=0 d=1708249
@@66: line 9.0 t=9375082 -> @@54
cre-a-te 
@ via @@54 b=1 p=0 d=10121
@ via @@55 b=47 p=0 d=3249
@ via @@56 b=1668 p=0 d=2815684
@@67: line 9.1 t=8881675 -> @@55
a 
@ via @@54 b=4 p=0 d=10196
@ via @@55 b=5 p=0 d=10225
@ via @@56 b=772 p=0 d=611524
@ via @@57 b=7522 p=0 d=56731024
@@68: line 9.0 t=7833895 -> @@56
se-cu-re, 
@ via @@56 b=5 p=0 d=10225
@ via @@57 b=1259 p=0 d=1610361
@@69: line 9.0 t=7013241 -> @@57
trans-pa-rent, 
@ via @@57 b=63 p=0 d=15329
@ via @@58 b=1210 p=0 d=1488400
@ via @@59 b=4886 p=0 d=23970816
@@70: line 9.0 t=2734522 -> @@58
and 
@ via @@58 b=145 p=0 d=24025
@ via @@59 b=1132 p=0 d=1304164
@@71: line 9.0 t=1270147 -> @@58
in-te-gra-ted 
@ via @@59 b=23 p=0 d=11089
@ via @@60 b=4291 p=0 d=18508601
@@72: line 9.3 t=880791 -> @@59
fo-od 
@ via @@60 b=977 p=0 d=984169
@ via @@61 b=2495 p=0 d=6275025
@ via @@62 b=7814 p=0 d=61214976
@@73: line 9.0 t=1112681 -> @@60
do-na-tion 
@ via @@60 b=0 p=0 d=100
@ via @@61 b=28 p=0 d=1444
@ via @@62 b=488 p=0 d=248004
@ via @@63 b=7433 p=0 d=55398249
@@74: line 9.2 t=128612 -> @@60
ma-na-ge-ment 
@ via @@63 b=41 p=0 d=2601
@ via @@64 b=273 p=0 d=80089
@ via @@65 b=7203 p=0 d=52027369
@@75: line 10.0 t=19204187 -> @@64
eco-sys-tem 
@ via @@65 b=109 p=0 d=14161
@ via @@66 b=645 p=0 d=429025
@ via @@67 b=7451 p=0 d=55666521
@@76: line 10.0 t=9804107 -> @@66
to 
@ via @@65 b=4 p=0 d=10196
@ via @@66 b=109 p=0 d=14161
@ via @@67 b=2818 p=0 d=7997584
@ via @@68 b=6348 p=0 d=40424164
@@77: line 10.0 t=9389243 -> @@66
sup-port 
@ via @@67 b=28 p=0 d=1444
@ via @@68 b=195 p=0 d=42025
@ via @@69 b=6001 p=0 d=36132121
@@78: line 10.0 t=7875920 -> @@68
the 
@ via @@67 b=32 p=0 d=11764
@ via @@68 b=1 p=0 d=10121
@ via @@69 b=1436 p=0 d=2090916
@@79: line 10.2 t=7844016 -> @@68
op-ti-mi-za-tion 
@ via @@70 b=1377 p=0 d=1923769
@ via @@71 b=7168 p=0 d=51523684
@@80: line 10.0 t=4658291 -> @@70
of 
@ via @@70 b=318 p=0 d=107584
@ via @@71 b=2521 p=0 d=6405961
@@81: line 10.0 t=2842106 -> @@70
na-tio-nal 
@ via @@71 b=2 p=0 d=10144
@ via @@72 b=4168 p=0 d=17465684
@@82: line 10.2 t=1280291 -> @@71
fo-od 
@ via @@72 b=552 p=0 d=325844
@ via @@73 b=4168 p=0 d=17455684
@@83: line 10.0 t=1206635 -> @@72
se-cu-ri-ty 
@ via @@73 b=60 p=0 d=4900
@ via @@74 b=5288 p=0 d=28078804
@@84: line 10.1 t=1117581 -> @@73
and 
@ via @@73 b=39 p=0 d=12401
@ via @@74 b=1082 p=0 d=1202464
@@85: line 10.3 t=1125082 -> @@73
en-vi-ro-nmen-tal 
@ via @@75 b=594 p=0 d=364816
@@86: line 11.0 t=19569003 -> @@75
sus-ta-i-na-bi-li-ty. 
@\par via @@76 b=0 p=-10000 d=10100
@\par via @@77 b=0 p=-10000 d=10100
@\par via @@78 b=0 p=-10000 d=10100
@\par via @@79 b=0 p=-10000 d=100
@\par via @@80 b=0 p=-10000 d=10100
@\par via @@81 b=0 p=-10000 d=10100
@\par via @@82 b=0 p=-10000 d=100
@\par via @@83 b=0 p=-10000 d=10100
@\par via @@84 b=0 p=-10000 d=100
@\par via @@85 b=0 p=-10000 d=100
@\par via @@86 b=0 p=-10000 d=10100
@@87: line 11.2- t=1117681 -> @@84

@firstpass
\T1/ptm/b/n/12 Keywords: \T1/ptm/m/it/12 Food Waste, Artificial Intelligence, Food Security, Carbon Footprint. 
@\par via @@0 b=0 p=-10000 d=100
@@1: line 1.2- t=100 -> @@0

@firstpass
[] 
@\par via @@0 b=0 p=-10000 d=100
@@1: line 1.2- t=100 -> @@0

File: image/Logo_Universitas_Telkom_Horizontal.png Graphic file (type png)
<use image/Logo_Universitas_Telkom_Horizontal.png>
Package pdftex.def Info: image/Logo_Universitas_Telkom_Horizontal.png  used on input line 258.
(pdftex.def)             Requested size: 77.11923pt x 34.14322pt.
@firstpass
[][] 
@ via @@0 b=0 p=0 d=100
@@1: line 1.2 t=100 -> @@0
|
@\par via @@0 b=0 p=-10000 d=100
@\par via @@1 b=0 p=-10000 d=100
@@2: line 1.2- t=100 -> @@0

@firstpass
[]
@\par via @@0 b=0 p=-10000 d=100
@@1: line 1.2- t=100 -> @@0

@firstpass
[] 
@\par via @@0 b=0 p=-10000 d=100
@@1: line 1.2- t=100 -> @@0

@firstpass
[]
@\par via @@0 b=0 p=-10000 d=100
@@1: line 1.2- t=100 -> @@0

@firstpass
[]\T1/ptm/m/n/12 vii|
@\par via @@0 b=0 p=-10000 d=100
@@1: line 1.2- t=100 -> @@0

 [7]
@firstpass
[]\T1/ptm/b/n/24.88 Daftar Isi[][][][] 
@\par via @@0 b=0 p=-10000 d=100
@@1: line 1.2- t=100 -> @@0

 (./main.toc
@firstpass
[][] [][]\T1/ptm/m/n/12 LEMBAR PENGESAHAN[][] [] 
@\par via @@0 b=0 p=-10000 d=100
@@1: line 1.2- t=100 -> @@0

@firstpass
[][] [][]\T1/ptm/m/n/12 KATA PENGANTAR[][] [] 
@\par via @@0 b=0 p=-10000 d=100
@@1: line 1.2- t=100 -> @@0

@firstpass
[][] [][]\T1/ptm/m/n/12 PERNYATAAN[][] [] 
@\par via @@0 b=0 p=-10000 d=100
@@1: line 1.2- t=100 -> @@0

@firstpass
[][] [][]\T1/ptm/m/n/12 ABSTRAK[][] [] 
@\par via @@0 b=0 p=-10000 d=100
@@1: line 1.2- t=100 -> @@0

@firstpass
[][] [][]\T1/ptm/m/n/12 ABSTRACT[][] [] 
@\par via @@0 b=0 p=-10000 d=100
@@1: line 1.2- t=100 -> @@0

@firstpass
[][] [][][]\T1/ptm/b/n/12 Pendahuluan[][] [] 
@\par via @@0 b=0 p=-10000 d=100
@@1: line 1.2- t=100 -> @@0

@firstpass
[][] [][][]\T1/ptm/m/n/12 Latar Belakang[][] [] 
@\par via @@0 b=0 p=-10000 d=100
@@1: line 1.2- t=100 -> @@0

@firstpass
[][] [][][]\T1/ptm/m/n/12 Rumusan Masalah[][] [] 
@\par via @@0 b=0 p=-10000 d=100
@@1: line 1.2- t=100 -> @@0

@firstpass
[][] [][][]\T1/ptm/m/n/12 Tujuan[][] [] 
@\par via @@0 b=0 p=-10000 d=100
@@1: line 1.2- t=100 -> @@0

@firstpass
[][] [][][]\T1/ptm/m/n/12 Tahapan Pengerjaan[][] [] 
@\par via @@0 b=0 p=-10000 d=100
@@1: line 1.2- t=100 -> @@0

@firstpass
[][] [][][]\T1/ptm/m/n/12 Produk Backlog[][] [] 
@\par via @@0 b=0 p=-10000 d=100
@@1: line 1.2- t=100 -> @@0

@firstpass
[][] [][][]\T1/ptm/m/n/12 Pelaksanaan Sprint[][] [] 
@\par via @@0 b=0 p=-10000 d=100
@@1: line 1.2- t=100 -> @@0

@firstpass
[][] [][][]\T1/ptm/m/n/12 Daily Standup[][] [] 
@\par via @@0 b=0 p=-10000 d=100
@@1: line 1.2- t=100 -> @@0

@firstpass
[][] [][][]\T1/ptm/m/n/12 Scrum Events[][] [] 
@\par via @@0 b=0 p=-10000 d=100
@@1: line 1.2- t=100 -> @@0

@firstpass
[][] [][][]\T1/ptm/b/n/12 PERSYARATAN SISTEM [][] [] 
@\par via @@0 b=0 p=-10000 d=100
@@1: line 1.2- t=100 -> @@0

@firstpass
[][] [][][]\T1/ptm/m/n/12 Deskripsi Pengguna[][] [] 
@\par via @@0 b=0 p=-10000 d=100
@@1: line 1.2- t=100 -> @@0

@firstpass
[][] [][][]\T1/ptm/m/n/12 Gambaran Sistem Saat Ini[][] [] 
@\par via @@0 b=0 p=-10000 d=100
@@1: line 1.2- t=100 -> @@0

@firstpass
[][] [][][]\T1/ptm/m/n/12 Analisis Proses Bisnis[][] [] 
@\par via @@0 b=0 p=-10000 d=100
@@1: line 1.2- t=100 -> @@0

@firstpass
[][] [][][]\T1/ptm/m/n/12 Gambaran Umum[][] [] 
@\par via @@0 b=0 p=-10000 d=100
@@1: line 1.2- t=100 -> @@0

@firstpass
[][] [][][]\T1/ptm/m/n/12 Partisipan (Aktor) yang Terlibat[][] [] 
@\par via @@0 b=0 p=-10000 d=100
@@1: line 1.2- t=100 -> @@0

@firstpass
[][] [][][]\T1/ptm/m/n/12 Alur Proses (\T1/ptm/m/it/12 Process Flow\T1/ptm/m/n/12 )[][] [] 
@\par via @@0 b=0 p=-10000 d=100
@@1: line 1.2- t=100 -> @@0

@firstpass
[][] [][][]\T1/ptm/m/n/12 Pertukaran Pesan (\T1/ptm/m/it/12 Message Flow\T1/ptm/m/n/12 )[][] [] 
@\par via @@0 b=0 p=-10000 d=100
@@1: line 1.2- t=100 -> @@0

@firstpass
[][] [][][]\T1/ptm/m/n/12 Analisis Kelemahan Sistem As-Is (\T1/ptm/m/it/12 Pain Points\T1/ptm/m/n/12 )[][] [] 
@\par via @@0 b=0 p=-10000 d=100
@@1: line 1.2- t=100 -> @@0

@firstpass
[][] [][][]\T1/ptm/m/n/12 Gambaran Umum[][] [] 
@\par via @@0 b=0 p=-10000 d=100
@@1: line 1.2- t=100 -> @@0

@firstpass
[][] [][][]\T1/ptm/m/n/12 Partisipan (Aktor) yang Terlibat[][] [] 
@\par via @@0 b=0 p=-10000 d=100
@@1: line 1.2- t=100 -> @@0

@firstpass
[][] [][][]\T1/ptm/m/n/12 Alur Proses Utama (\T1/ptm/m/it/12 Process Flow\T1/ptm/m/n/12 )[][] [] 
@\par via @@0 b=0 p=-10000 d=100
@@1: line 1.2- t=100 -> @@0

@firstpass
[][] [][][]\T1/ptm/m/n/12 Solusi yang Ditawarkan (Perbaikan dari Sistem As-Is)[][] [] 
@\par via @@0 b=0 p=-10000 d=100
@@1: line 1.2- t=100 -> @@0

@firstpass
[][] [][][]\T1/ptm/m/n/12 Pengalaman Pengguna[][] [] 
@\par via @@0 b=0 p=-10000 d=100
@@1: line 1.2- t=100 -> @@0

@firstpass
[] 
@\par via @@0 b=0 p=-10000 d=100
@@1: line 1.2- t=100 -> @@0

File: image/Logo_Universitas_Telkom_Horizontal.png Graphic file (type png)
<use image/Logo_Universitas_Telkom_Horizontal.png>
Package pdftex.def Info: image/Logo_Universitas_Telkom_Horizontal.png  used on input line 30.
(pdftex.def)             Requested size: 77.11923pt x 34.14322pt.
@firstpass
[][] 
@ via @@0 b=0 p=0 d=100
@@1: line 1.2 t=100 -> @@0
|
@\par via @@0 b=0 p=-10000 d=100
@\par via @@1 b=0 p=-10000 d=100
@@2: line 1.2- t=100 -> @@0

@firstpass
[]
@\par via @@0 b=0 p=-10000 d=100
@@1: line 1.2- t=100 -> @@0

@firstpass
[] 
@\par via @@0 b=0 p=-10000 d=100
@@1: line 1.2- t=100 -> @@0

@firstpass
[]
@\par via @@0 b=0 p=-10000 d=100
@@1: line 1.2- t=100 -> @@0

@firstpass
[]\T1/ptm/m/n/12 viii|
@\par via @@0 b=0 p=-10000 d=100
@@1: line 1.2- t=100 -> @@0

 [8]
@firstpass
[][] [][][]\T1/ptm/m/n/12 Identifikasi Aplikasi Sejenis[][] [] 
@\par via @@0 b=0 p=-10000 d=100
@@1: line 1.2- t=100 -> @@0

@firstpass
[][] [][][]\T1/ptm/m/n/12 Analisis Kebutuhan Sistem[][] [] 
@\par via @@0 b=0 p=-10000 d=100
@@1: line 1.2- t=100 -> @@0

@firstpass
[][] [][][]\T1/ptm/m/n/12 Analisis Grup Akses[][] [] 
@\par via @@0 b=0 p=-10000 d=100
@@1: line 1.2- t=100 -> @@0

@firstpass
[][] [][][]\T1/ptm/m/n/12 Analisis Kebutuhan Fungsional[][] [] 
@\par via @@0 b=0 p=-10000 d=100
@@1: line 1.2- t=100 -> @@0

@firstpass
[][] [][][]\T1/ptm/m/n/12 Analisis Kebutuhan Dukungan Sistem[][] [] 
@\par via @@0 b=0 p=-10000 d=100
@@1: line 1.2- t=100 -> @@0

@firstpass
[][] [][][]\T1/ptm/m/n/12 Analisis Kinerja Sistem[][] [] 
@\par via @@0 b=0 p=-10000 d=100
@@1: line 1.2- t=100 -> @@0

)
\tf@toc=\write6
\openout6 = `main.toc'.

@firstpass
[] 
@\par via @@0 b=0 p=-10000 d=100
@@1: line 1.2- t=100 -> @@0

File: image/Logo_Universitas_Telkom_Horizontal.png Graphic file (type png)
<use image/Logo_Universitas_Telkom_Horizontal.png>
Package pdftex.def Info: image/Logo_Universitas_Telkom_Horizontal.png  used on input line 260.
(pdftex.def)             Requested size: 77.11923pt x 34.14322pt.
@firstpass
[][] 
@ via @@0 b=0 p=0 d=100
@@1: line 1.2 t=100 -> @@0
|
@\par via @@0 b=0 p=-10000 d=100
@\par via @@1 b=0 p=-10000 d=100
@@2: line 1.2- t=100 -> @@0

@firstpass
[]
@\par via @@0 b=0 p=-10000 d=100
@@1: line 1.2- t=100 -> @@0

@firstpass
[] 
@\par via @@0 b=0 p=-10000 d=100
@@1: line 1.2- t=100 -> @@0

@firstpass
[]
@\par via @@0 b=0 p=-10000 d=100
@@1: line 1.2- t=100 -> @@0

@firstpass
[]\T1/ptm/m/n/12 ix|
@\par via @@0 b=0 p=-10000 d=100
@@1: line 1.2- t=100 -> @@0

 [9]
@firstpass
[]\T1/ptm/b/n/24.88 Daftar Gambar [][][][] 
@\par via @@0 b=0 p=-10000 d=100
@@1: line 1.2- t=100 -> @@0

 (./main.lof
@firstpass
[][] [][][]\T1/ptm/m/n/12 Metode Scrum Menggunakan TorMonitorPYanto x Ko+Lab[][] [] 
@\par via @@0 b=0 p=-10000 d=100
@@1: line 1.2- t=100 -> @@0

@firstpass
[][] [][][]\T1/ptm/m/n/12 Segmentasi Pengguna Food AI Rescue[][] [] 
@\par via @@0 b=0 p=-10000 d=100
@@1: line 1.2- t=100 -> @@0

@firstpass
[][] [][][]\T1/ptm/m/n/12 Proses Bisnis Sistem Saat Ini (BPMN As-Is)[][] [] 
@\par via @@0 b=0 p=-10000 d=100
@@1: line 1.2- t=100 -> @@0

@firstpass
[][] [][][]\T1/ptm/m/n/12 Proses Bisnis Sistem Usulan (BPMN To-Be)[][] [] 
@\par via @@0 b=0 p=-10000 d=100
@@1: line 1.2- t=100 -> @@0

@firstpass
[][] [][][]\T1/ptm/m/n/12 User Persona Donatur Individu[][] [] 
@\par via @@0 b=0 p=-10000 d=100
@@1: line 1.2- t=100 -> @@0

@firstpass
[][] [][][]\T1/ptm/m/n/12 Empathy Map Donatur Individu[][] [] 
@\par via @@0 b=0 p=-10000 d=100
@@1: line 1.2- t=100 -> @@0

@firstpass
[][] [][][]\T1/ptm/m/n/12 Customer Journey Map Donatur Individu[][] [] 
@\par via @@0 b=0 p=-10000 d=100
@@1: line 1.2- t=100 -> @@0

@firstpass
[][] [][][]\T1/ptm/m/n/12 User Persona Donatur Korporat[][] [] 
@\par via @@0 b=0 p=-10000 d=100
@@1: line 1.2- t=100 -> @@0

@firstpass
[][] [][][]\T1/ptm/m/n/12 Empathy Map Donatur Korporat[][] [] 
@\par via @@0 b=0 p=-10000 d=100
@@1: line 1.2- t=100 -> @@0

@firstpass
[][] [][][]\T1/ptm/m/n/12 Customer Journey Map Donatur Korporat[][] [] 
@\par via @@0 b=0 p=-10000 d=100
@@1: line 1.2- t=100 -> @@0

@firstpass
[][] [][][]\T1/ptm/m/n/12 User Persona Penerima[][] [] 
@\par via @@0 b=0 p=-10000 d=100
@@1: line 1.2- t=100 -> @@0

@firstpass
[][] [][][]\T1/ptm/m/n/12 Empathy Map Penerima[][] [] 
@\par via @@0 b=0 p=-10000 d=100
@@1: line 1.2- t=100 -> @@0

@firstpass
[][] [][][]\T1/ptm/m/n/12 Customer Journey Map Penerima[][] [] 
@\par via @@0 b=0 p=-10000 d=100
@@1: line 1.2- t=100 -> @@0

@firstpass
[][] [][][]\T1/ptm/m/n/12 User Persona Relawan[][] [] 
@\par via @@0 b=0 p=-10000 d=100
@@1: line 1.2- t=100 -> @@0

@firstpass
[][] [][][]\T1/ptm/m/n/12 Empathy Map Relawan[][] [] 
@\par via @@0 b=0 p=-10000 d=100
@@1: line 1.2- t=100 -> @@0

@firstpass
[][] [][][]\T1/ptm/m/n/12 Customer Journey Map Relawan[][] [] 
@\par via @@0 b=0 p=-10000 d=100
@@1: line 1.2- t=100 -> @@0

)
\tf@lof=\write7
\openout7 = `main.lof'.

@firstpass
[] 
@\par via @@0 b=0 p=-10000 d=100
@@1: line 1.2- t=100 -> @@0

File: image/Logo_Universitas_Telkom_Horizontal.png Graphic file (type png)
<use image/Logo_Universitas_Telkom_Horizontal.png>
Package pdftex.def Info: image/Logo_Universitas_Telkom_Horizontal.png  used on input line 262.
(pdftex.def)             Requested size: 77.11923pt x 34.14322pt.
@firstpass
[][] 
@ via @@0 b=0 p=0 d=100
@@1: line 1.2 t=100 -> @@0
|
@\par via @@0 b=0 p=-10000 d=100
@\par via @@1 b=0 p=-10000 d=100
@@2: line 1.2- t=100 -> @@0

@firstpass
[]
@\par via @@0 b=0 p=-10000 d=100
@@1: line 1.2- t=100 -> @@0

@firstpass
[] 
@\par via @@0 b=0 p=-10000 d=100
@@1: line 1.2- t=100 -> @@0

@firstpass
[]
@\par via @@0 b=0 p=-10000 d=100
@@1: line 1.2- t=100 -> @@0

@firstpass
[]\T1/ptm/m/n/12 x|
@\par via @@0 b=0 p=-10000 d=100
@@1: line 1.2- t=100 -> @@0

 [10]
@firstpass
[]\T1/ptm/b/n/24.88 Daftar Tabel [][][][] 
@\par via @@0 b=0 p=-10000 d=100
@@1: line 1.2- t=100 -> @@0

 (./main.lot
@firstpass
[][] [][][]\T1/ptm/m/n/12 Perbandingan Fitur dan Kapabilitas Layanan Platform Food Rescue[][] [] 
@\par via @@0 b=0 p=-10000 d=100
@@1: line 1.2- t=100 -> @@0

)
\tf@lot=\write8
\openout8 = `main.lot'.

@firstpass
[] 
@\par via @@0 b=0 p=-10000 d=100
@@1: line 1.2- t=100 -> @@0

File: image/Logo_Universitas_Telkom_Horizontal.png Graphic file (type png)
<use image/Logo_Universitas_Telkom_Horizontal.png>
Package pdftex.def Info: image/Logo_Universitas_Telkom_Horizontal.png  used on input line 264.
(pdftex.def)             Requested size: 77.11923pt x 34.14322pt.
@firstpass
[][] 
@ via @@0 b=0 p=0 d=100
@@1: line 1.2 t=100 -> @@0
|
@\par via @@0 b=0 p=-10000 d=100
@\par via @@1 b=0 p=-10000 d=100
@@2: line 1.2- t=100 -> @@0

@firstpass
[]
@\par via @@0 b=0 p=-10000 d=100
@@1: line 1.2- t=100 -> @@0

@firstpass
[] 
@\par via @@0 b=0 p=-10000 d=100
@@1: line 1.2- t=100 -> @@0

@firstpass
[]
@\par via @@0 b=0 p=-10000 d=100
@@1: line 1.2- t=100 -> @@0

@firstpass
[]\T1/ptm/m/n/12 xi|
@\par via @@0 b=0 p=-10000 d=100
@@1: line 1.2- t=100 -> @@0

 [11]) (./bab/bab1.tex
Bab 1.
@firstpass
|\T1/ptm/b/n/17.28 BAB 
@ via @@0 b=0 p=0 d=100
@@1: line 1.2 t=100 -> @@0
I|
@\par via @@0 b=0 p=-10000 d=100
@\par via @@1 b=0 p=-10000 d=100
@@2: line 1.2- t=100 -> @@0

@firstpass
|\T1/ptm/b/n/24.88 PENDAHULUAN|
@\par via @@0 b=0 p=-10000 d=100
@@1: line 1.2- t=100 -> @@0

@firstpass
|[]\T1/ptm/b/n/17.28 Latar Belakang| 
@\par via @@0 b=0 p=-10000 d=100
@@1: line 1.2- t=100 -> @@0

@firstpass
\T1/ptm/m/n/12 Paradoks pangan global saat ini ditandai oleh kontradiksi tajam antara tingginya surplus 
@ via @@0 b=2 p=0 d=144
@@1: line 1.2 t=144 -> @@0
@secondpass
\T1/ptm/m/n/12 Paradoks pa-ngan glo-bal sa-at ini di-tan-dai oleh kon-tra-dik-si ta-jam an-ta-ra ting-gi-nya 
@ via @@0 b=1348 p=0 d=1854164
@@1: line 1.0 t=1854164 -> @@0
sur-plus 
@ via @@0 b=2 p=0 d=144
@@2: line 1.2 t=144 -> @@0
pro-duk-si yang ber-u-jung pa-da lim-bah ma-sif de-ngan kri-sis ke-ta-han-an 
@ via @@1 b=6608 p=0 d=43797924
@@3: line 2.0 t=45652088 -> @@1
pa-ngan. 
@ via @@1 b=265 p=0 d=75625
@ via @@2 b=5756 p=0 d=33256756
@@4: line 2.0 t=1929789 -> @@1
Hal 
@ via @@1 b=0 p=0 d=10100
@ via @@2 b=710 p=0 d=528400
@@5: line 2.0 t=528544 -> @@2
ini 
@ via @@2 b=135 p=0 d=31025
@@6: line 2.0 t=31169 -> @@2
se-jal-an de-ngan ur-gen-si glo-bal un-tuk meng-u-ra-ngi dan me-man-fa-atk-an 
@ via @@3 b=122 p=0 d=17424
@ via @@4 b=6268 p=0 d=39413284
@@7: line 3.0 t=41343073 -> @@4
kem-ba-li 
@ via @@4 b=204 p=0 d=45796
@ via @@5 b=1888 p=0 d=3602404
@ via @@6 b=6825 p=0 d=46717225
@@8: line 3.0 t=1975585 -> @@4
lim-bah 
@ via @@5 b=6 p=0 d=10256
@ via @@6 b=269 p=0 d=77841
@@9: line 3.0 t=109010 -> @@6
ma-kan-an se-ca-ra esen-si-al de-mi men-ja-ga ke-ber-lan-jut-an ling-kung-an 
@ via @@7 b=1565 p=0 d=2480625
@@10: line 4.0 t=43823698 -> @@7
[[][]1[][]]. 
@ via @@7 b=97 p=0 d=11449
@ via @@8 b=6396 p=0 d=41036836
@@11: line 4.1 t=41354522 -> @@7
Di 
@ via @@7 b=0 p=0 d=10100
@ via @@8 b=945 p=0 d=912025
@ via @@9 b=8189 p=0 d=67223601
@@12: line 4.0 t=2887610 -> @@8
In-do-ne-sia, 
@ via @@9 b=214 p=0 d=50176
@@13: line 4.0 t=159186 -> @@9
tim-bul-an sam-pah ma-kan-an (\T1/ptm/m/it/12 fo-od was-te\T1/ptm/m/n/12 ) me-mi-li-ki per-ma-sa-lah-an 
@ via @@10 b=401 p=0 d=168921
@ via @@11 b=4518 p=0 d=20502784
@@14: line 5.0 t=43992619 -> @@10
yang 
@ via @@10 b=2 p=0 d=10144
@ via @@11 b=406 p=0 d=173056
@ via @@12 b=2189 p=0 d=4835601
@@15: line 5.0 t=7723211 -> @@12
sa-ngat 
@ via @@11 b=98 p=0 d=21664
@ via @@12 b=11 p=0 d=10441
@ via @@13 b=7451 p=0 d=55666521
@@16: line 5.2 t=2898051 -> @@12
ma-sif, 
@ via @@13 b=512 p=0 d=272484
@@17: line 5.0 t=431670 -> @@13
di-per-ki-rak-an men-ca-pai 23 hing-ga 48 ju-ta ton se-ti-ap ta-hun-nya 
@ via @@14 b=887 p=0 d=804609
@ via @@15 b=5064 p=0 d=25745476
@@18: line 6.0 t=33468687 -> @@15
yang 
@ via @@14 b=35 p=0 d=2025
@ via @@15 b=887 p=0 d=804609
@ via @@16 b=6859 p=0 d=47193161
@@19: line 6.0 t=8527820 -> @@15
tu-rut 
@ via @@15 b=40 p=0 d=2500
@ via @@16 b=1496 p=0 d=2278036
@@20: line 6.0 t=5176087 -> @@16
me-mi-cu 
@ via @@16 b=5 p=0 d=225
@ via @@17 b=879 p=0 d=790321
@@21: line 6.0 t=1221991 -> @@17
ke-ru-gi-an 
@ via @@17 b=9 p=0 d=10361
@@22: line 6.2 t=442031 -> @@17
eko-no-mi [[][]2[][]]. Iro-nis-nya, pem-bo-ros-an ini ter-ja-di 
@ via @@18 b=3108 p=0 d=9721924
@@23: line 7.0 t=43190611 -> @@18
ber-dam-ping-an 
@ via @@19 b=75 p=0 d=7225
@ via @@20 b=1365 p=0 d=1890625
@@24: line 7.0 t=7066712 -> @@20
de-ngan 
@ via @@20 b=3 p=0 d=10169
@ via @@21 b=1776 p=0 d=3189796
@@25: line 7.0 t=4411787 -> @@21
ting-gi-nya 
@ via @@21 b=0 p=0 d=10100
@ via @@22 b=1436 p=0 d=2100916
@@26: line 7.2 t=1232091 -> @@21
an-cam-an 
@ via @@22 b=0 p=0 d=100
@@27: line 7.2 t=442131 -> @@22
ke-ra-wan-an pa-ngan dan pre-va-len-si \T1/ptm/m/it/12 stun-ting
@\kern via @@23 b=312 p=0 d=103684
@@28: line 8.0 t=43294295 -> @@23
 \T1/ptm/m/n/12 (gi-zi 
@ via @@23 b=22 p=0 d=11024
@@29: line 8.3 t=43201635 -> @@23
bu-ruk 
@ via @@24 b=1184 p=0 d=1425636
@@30: line 8.0 t=8492348 -> @@24
kro-nis) 
@ via @@24 b=0 p=0 d=10100
@ via @@25 b=1242 p=0 d=1567504
@@31: line 8.0 t=5979291 -> @@25
yang 
@ via @@25 b=24 p=0 d=1156
@ via @@26 b=4913 p=0 d=24245929
@@32: line 8.1 t=4412943 -> @@25
ma-sih 
@ via @@26 b=362 p=0 d=148384
@@33: line 8.0 t=1380475 -> @@26
me-nyen-tuh 
@ via @@27 b=86 p=0 d=9216
@@34: line 8.1 t=451347 -> @@27
ang-ka 32,1% di ber-ba-gai wi-la-yah 
@ via @@28 b=3668 p=0 d=13527684
@@35: line 9.0 t=56821979 -> @@28
agra-ris 
@ via @@28 b=181 p=0 d=36481
@ via @@29 b=2035 p=0 d=4192025
@@36: line 9.0 t=43330776 -> @@28
se-per-ti 
@ via @@29 b=36 p=0 d=12116
@ via @@30 b=1552 p=0 d=2439844
@@37: line 9.0 t=10932192 -> @@30
di 
@ via @@29 b=0 p=0 d=100
@ via @@30 b=443 p=0 d=205209
@ via @@31 b=5771 p=0 d=33419961
@@38: line 9.0 t=8697557 -> @@30
Ka-bu-pa-ten 
@ via @@31 b=42 p=0 d=2704
@ via @@32 b=1194 p=0 d=1449616
@@39: line 9.0 t=5862559 -> @@32
Bon-do-wo-so 
@ via @@33 b=37 p=0 d=2209
@ via @@34 b=7740 p=0 d=60062500
@@40: line 9.1 t=1382684 -> @@33
[[][]3[][]]. 
@ via @@33 b=70 p=0 d=16400
@ via @@34 b=2020 p=0 d=4120900
@@41: line 9.3 t=1396875 -> @@33
Kri-sis 
@ via @@34 b=36 p=0 d=2116
@@42: line 9.1 t=453463 -> @@34
ini 
@ via @@34 b=0 p=0 d=100
@@43: line 9.2 t=451447 -> @@34
me-nun-tut ada-nya 
@ via @@35 b=6364 p=0 d=40627876
@@44: line 10.0 t=97449855 -> @@35
in-te-rven-si 
@ via @@35 b=240 p=0 d=62500
@ via @@36 b=3471 p=0 d=12117361
@@45: line 10.0 t=55448137 -> @@36
stra-te-gi 
@ via @@36 b=184 p=0 d=37636
@ via @@37 b=2990 p=0 d=9000000
@ via @@38 b=6876 p=0 d=47416996
@@46: line 10.0 t=19932192 -> @@37
ke-ta-han-an 
@ via @@37 b=10 p=0 d=10400
@ via @@38 b=142 p=0 d=23104
@ via @@39 b=7814 p=0 d=61214976
@@47: line 10.0 t=8720661 -> @@38
pa-ngan 
@ via @@39 b=787 p=0 d=635209
@@48: line 10.0 t=6497768 -> @@39
yang 
@ via @@39 b=22 p=0 d=1024
@ via @@40 b=5008 p=0 d=25180324
@@49: line 10.1 t=5863583 -> @@39
ber-ke-lan-jut-an, 
@ via @@40 b=0 p=0 d=100
@ via @@41 b=269 p=0 d=87841
@ via @@42 b=5316 p=0 d=28366276
@@50: line 10.2 t=1382784 -> @@40
se-ba-gai-ma-na 
@ via @@43 b=4 p=0 d=196
@@51: line 10.2 t=451643 -> @@43
yang men-de-sak 
@ via @@44 b=63 p=0 d=5329
@@52: line 11.1 t=97455184 -> @@44
un-tuk 
@ via @@45 b=1052 p=0 d=1127844
@@53: line 11.0 t=56575981 -> @@45
di-u-pa-yak-an 
@ via @@46 b=58 p=0 d=4624
@@54: line 11.1 t=19936816 -> @@46
di 
@ via @@46 b=0 p=0 d=10100
@ via @@47 b=4193 p=0 d=17665209
@@55: line 11.2 t=19942292 -> @@46
ber-ba-gai 
@ via @@47 b=9 p=0 d=10361
@ via @@48 b=2762 p=0 d=7683984
@@56: line 11.2 t=8731022 -> @@47
wi-la-yah 
@ via @@48 b=1 p=0 d=10121
@ via @@49 b=845 p=0 d=731025
@@57: line 11.2 t=6507889 -> @@48
se-per-ti 
@ via @@49 b=41 p=0 d=12601
@@58: line 11.3 t=5876184 -> @@49
Ja-wa 
@ via @@50 b=1478 p=0 d=2224144
@@59: line 11.0 t=3606928 -> @@50
Te-ngah 
@ via @@50 b=0 p=0 d=100
@ via @@51 b=6944 p=0 d=48368116
@@60: line 11.2 t=1382884 -> @@50
gu-na 
@ via @@51 b=1117 p=0 d=1280129
@@61: line 11.0 t=1731772 -> @@51
me-na-nga-ni 
@ via @@52 b=5607 p=0 d=31550689
@@62: line 12.0 t=129005873 -> @@52
ma-sa-lah 
@ via @@52 b=131 p=0 d=19881
@ via @@53 b=2941 p=0 d=8708401
@@63: line 12.0 t=65284382 -> @@53
in-fla-si, 
@ via @@53 b=54 p=0 d=4096
@@64: line 12.1 t=56580077 -> @@53
ke-mis-kin-an, 
@ via @@54 b=26 p=0 d=1296
@ via @@55 b=303 p=0 d=107969
@@65: line 12.1 t=19938112 -> @@54
ser-ta 
@ via @@55 b=1 p=0 d=121
@ via @@56 b=1558 p=0 d=2468624
@@66: line 12.0 t=11199646 -> @@56
ke-ku-rang-an 
@ via @@57 b=310 p=0 d=112400
@ via @@58 b=6001 p=0 d=36142121
@@67: line 12.0 t=6620289 -> @@57
gi-zi 
@ via @@57 b=1 p=0 d=121
@ via @@58 b=1178 p=0 d=1421344
@ via @@59 b=7869 p=0 d=62078641
@@68: line 12.2 t=6508010 -> @@57
se-ca-ra 
@ via @@58 b=3 p=0 d=169
@ via @@59 b=692 p=0 d=492804
@@69: line 12.0 t=4099732 -> @@59
komp-re-hen-sif 
@ via @@60 b=0 p=0 d=100
@ via @@61 b=624 p=0 d=401956
@@70: line 12.2 t=1382984 -> @@60
[[][]4[][]]. 
@ via @@61 b=11 p=0 d=10441
@ via @@62 b=7238 p=0 d=52533504
@@71: line 12.2 t=1742213 -> @@61
Oleh 
@ via @@62 b=558 p=0 d=322624
@ via @@63 b=7308 p=0 d=53553124
@@72: line 13.0 t=118837506 -> @@63
ka-re-na 
@ via @@62 b=0 p=0 d=10100
@ via @@63 b=963 p=0 d=946729
@ via @@64 b=7963 p=0 d=63568729
@@73: line 13.0 t=66231111 -> @@63
itu, 
@ via @@63 b=143 p=0 d=23409
@ via @@64 b=2698 p=0 d=7333264
@@74: line 13.0 t=63913341 -> @@64
me-nek-an 
@ via @@64 b=26 p=0 d=1296
@ via @@65 b=5203 p=0 d=27175369
@@75: line 13.0 t=47113481 -> @@65
ang-ka 
@ via @@65 b=791 p=0 d=641601
@ via @@66 b=4060 p=0 d=16564900
@@76: line 13.0 t=20579713 -> @@65
pem-bo-ros-an 
@ via @@66 b=5 p=0 d=10225
@ via @@67 b=3579 p=0 d=12880921
@@77: line 13.2 t=11209871 -> @@66
ma-kan-an 
@ via @@67 b=79 p=0 d=7921
@ via @@68 b=857 p=0 d=761689
@ via @@69 b=6559 p=0 d=43151761
@@78: line 13.1 t=6628210 -> @@67
pa-da 
@ via @@67 b=36 p=0 d=12116
@ via @@68 b=36 p=0 d=2116
@ via @@69 b=1394 p=0 d=1971216
@@79: line 13.0 t=6070948 -> @@69
ting-kat 
@ via @@69 b=18 p=0 d=784
@ via @@70 b=6461 p=0 d=41883841
@@80: line 13.1 t=4100516 -> @@69
kon-sum-si, 
@ via @@70 b=237 p=0 d=71009
@ via @@71 b=2726 p=0 d=7495696
@@81: line 13.0 t=1453993 -> @@70
khu-sus-nya 
@ via @@71 b=11 p=0 d=441
@ via @@72 b=242 p=0 d=63504
@ via @@73 b=5431 p=0 d=29604481
@@82: line 13.2 t=1742654 -> @@71
di 
@ via @@72 b=18 p=0 d=784
@ via @@73 b=1895 p=0 d=3629025
@ via @@74 b=8113 p=0 d=65983129
@@83: line 14.0 t=69860136 -> @@73
sek-tor 
@ via @@73 b=35 p=0 d=2025
@ via @@74 b=706 p=0 d=512656
@@84: line 14.0 t=64425997 -> @@74
ru-mah 
@ via @@74 b=1 p=0 d=10121
@ via @@75 b=1924 p=0 d=3740356
@@85: line 14.0 t=50853837 -> @@75
tang-ga, 
@ via @@75 b=5 p=0 d=10225
@ via @@76 b=1221 p=0 d=1515361
@@86: line 14.0 t=22095074 -> @@76
men-ja-di 
@ via @@76 b=11 p=0 d=10441
@ via @@77 b=3965 p=0 d=15810625
@@87: line 14.2 t=20590154 -> @@76
stra-te-gi 
@ via @@77 b=122 p=0 d=27424
@ via @@78 b=5878 p=0 d=34668544
@@88: line 14.0 t=11237295 -> @@77
mi-ti-ga-si 
@ via @@78 b=228 p=0 d=56644
@ via @@79 b=2582 p=0 d=6718464
@@89: line 14.0 t=6684854 -> @@78
yang 
@ via @@78 b=1 p=0 d=121
@ via @@79 b=209 p=0 d=47961
@ via @@80 b=4441 p=0 d=19811401
@@90: line 14.0 t=6118909 -> @@79
sa-ngat 
@ via @@80 b=289 p=0 d=89401
@@91: line 14.0 t=4189917 -> @@80
kru-si-al 
@ via @@81 b=1281 p=0 d=1666681
@@92: line 14.0 t=3120674 -> @@81
un-tuk 
@ via @@81 b=25 p=0 d=1225
@ via @@82 b=4634 p=0 d=21576736
@@93: line 14.1 t=1455218 -> @@81
men-ja-ga 
@ via @@82 b=141 p=0 d=32801
@ via @@83 b=684 p=0 d=481636
@ via @@84 b=6625 p=0 d=44023225
@@94: line 14.0 t=1775455 -> @@82
ke-les-ta-ri-an 
@ via @@84 b=31 p=0 d=1681
@ via @@85 b=2134 p=0 d=4596736
@@95: line 15.0 t=55450573 -> @@85
ling-kung-an 
@ via @@86 b=471 p=0 d=231361
@@96: line 15.0 t=22326435 -> @@86
dan 
@ via @@86 b=6 p=0 d=10256
@ via @@87 b=2680 p=0 d=7246100
@@97: line 15.2 t=22105330 -> @@86
me-nek-an 
@ via @@87 b=0 p=0 d=100
@ via @@88 b=1540 p=0 d=2402500
@@98: line 15.0 t=13639795 -> @@88
je-jak 
@ via @@88 b=47 p=0 d=3249
@ via @@89 b=4048 p=0 d=16467364
@@99: line 15.1 t=11240544 -> @@88
kar-bon 
@ via @@89 b=123 p=0 d=17689
@ via @@90 b=2237 p=0 d=5049009
@@100: line 15.0 t=6702543 -> @@89
[[][]5[][]]. 
@\par via @@89 b=0 p=-10000 d=10100
@\par via @@90 b=0 p=-10000 d=10100
@\par via @@91 b=0 p=-10000 d=10100
@\par via @@92 b=0 p=-10000 d=10100
@\par via @@93 b=0 p=-10000 d=100
@\par via @@94 b=0 p=-10000 d=10100
@\par via @@95 b=0 p=-10000 d=10100
@\par via @@96 b=0 p=-10000 d=10100
@\par via @@97 b=0 p=-10000 d=100
@\par via @@98 b=0 p=-10000 d=10100
@\par via @@99 b=0 p=-10000 d=100
@\par via @@100 b=0 p=-10000 d=10100
@@101: line 15.2- t=1455318 -> @@93

@firstpass
[]\T1/ptm/m/n/12 Meskipun inisiatif pembagian surplus makanan memiliki potensi besar, pelaksanaannya 
@ via @@0 b=6 p=0 d=256
@@1: line 1.2 t=256 -> @@0
di lapangan masih terhambat oleh inefisiensi logistik dan kendala operasional. Makanan 
@ via @@1 b=1 p=0 d=121
@@2: line 2.2 t=377 -> @@1
sisa yang gagal disalurkan dan dibiarkan membusuk di Tempat Pembuangan Akhir (TPA) 
@ via @@2 b=4 p=0 d=196
@@3: line 3.2 t=573 -> @@2
@secondpass
[]\T1/ptm/m/n/12 Meskipun ini-si-a-tif pem-ba-gi-an sur-plus ma-kan-an me-mi-li-ki po-ten-si be-sar, pe-lak-sa-na-an-nya 
@ via @@0 b=6 p=0 d=256
@@1: line 1.2 t=256 -> @@0
di la-pang-an ma-sih ter-ham-bat oleh ine-fi-si-en-si lo-gis-tik dan ken-da-la ope-ra-sio-nal. 
@ via @@1 b=3396 p=0 d=11610836
@@2: line 2.0 t=11611092 -> @@1
Ma-kan-an 
@ via @@1 b=1 p=0 d=121
@@3: line 2.2 t=377 -> @@1
si-sa yang ga-gal di-sa-lurk-an dan di-bi-ark-an mem-bu-suk di Tem-pat Pem-bu-ang-an 
@ via @@2 b=39 p=0 d=2401
@ via @@3 b=5288 p=0 d=28078804
@@4: line 3.1 t=11613493 -> @@2
Akhir 
@ via @@3 b=454 p=0 d=225296
@@5: line 3.0 t=225673 -> @@3
(TPA) 
@ via @@3 b=4 p=0 d=196
@@6: line 3.2 t=573 -> @@3
ter-buk-ti me-le-pask-an emi-si gas me-ta-na (CH$[]$) yang ber-po-ten-si 
@ via @@4 b=7740 p=0 d=60062500
@@7: line 4.0 t=71675993 -> @@4
mem-per-ce-pat 
@ via @@4 b=0 p=0 d=100
@ via @@5 b=800 p=0 d=656100
@@8: line 4.0 t=881773 -> @@5
la-ju 
@ via @@5 b=25 p=0 d=1225
@ via @@6 b=1997 p=0 d=4038049
@@9: line 4.1 t=226898 -> @@5
pe-ma-nas-an glo-bal berkali-lipat le-bih ting-gi di-ban-dingk-an kar-bon 
@ via @@7 b=706 p=0 d=512656
@@10: line 5.0 t=72188649 -> @@7
di-ok-si-da 
@ via @@8 b=4608 p=0 d=21325924
@@11: line 5.0 t=22207697 -> @@8
[[][]6[][]]. 
@ via @@8 b=744 p=0 d=568516
@ via @@9 b=4886 p=0 d=23970816
@@12: line 5.0 t=1450289 -> @@8
Fak-ta 
@ via @@8 b=0 p=0 d=10100
@ via @@9 b=145 p=0 d=24025
@@13: line 5.0 t=250923 -> @@9
ini 
@ via @@9 b=3 p=0 d=169
@@14: line 5.2 t=227067 -> @@9
ju-ga di-va-li-da-si oleh ana-li-sis pa-da sek-tor ru-mah 
@ via @@10 b=8075 p=0 d=65367225
@@15: line 6.0 t=137555874 -> @@10
mak-an 
@ via @@10 b=1552 p=0 d=2439844
@@16: line 6.0 t=74628493 -> @@10
di 
@ via @@10 b=611 p=0 d=385641
@ via @@11 b=5637 p=0 d=31888609
@@17: line 6.0 t=54096306 -> @@11
Ko-ta 
@ via @@10 b=42 p=0 d=2704
@ via @@11 b=1622 p=0 d=2663424
@ via @@12 b=7777 p=0 d=60637369
@@18: line 6.0 t=24871121 -> @@11
Bo-gor, 
@ via @@11 b=115 p=0 d=15625
@ via @@12 b=1168 p=0 d=1387684
@ via @@13 b=6236 p=0 d=39012516
@@19: line 6.0 t=2837973 -> @@12
di 
@ via @@11 b=16 p=0 d=676
@ via @@12 b=364 p=0 d=139876
@ via @@13 b=2698 p=0 d=7333264
@ via @@14 b=6592 p=0 d=43596404
@@20: line 6.0 t=1590165 -> @@12
ma-na 
@ via @@12 b=3 p=0 d=10169
@ via @@13 b=379 p=0 d=151321
@ via @@14 b=1377 p=0 d=1933769
@@21: line 6.0 t=402244 -> @@13
ting-gi-nya 
@ via @@14 b=1 p=0 d=121
@@22: line 6.2 t=227188 -> @@14
vo-lu-me si-sa ma-kan-an ko-mer-si-al 
@ via @@15 b=6825 p=0 d=46717225
@@23: line 7.0 t=184273099 -> @@15
ber-ban-ding 
@ via @@15 b=75 p=0 d=7225
@ via @@16 b=2426 p=0 d=5934096
@ via @@17 b=6157 p=0 d=38031889
@@24: line 7.0 t=80562589 -> @@16
lu-rus 
@ via @@16 b=221 p=0 d=53361
@ via @@17 b=927 p=0 d=877969
@ via @@18 b=5847 p=0 d=34304449
@@25: line 7.0 t=54974275 -> @@17
de-ngan 
@ via @@17 b=0 p=0 d=10100
@ via @@18 b=314 p=0 d=104976
@ via @@19 b=5756 p=0 d=33246756
@@26: line 7.0 t=24976097 -> @@18
be-sar-nya 
@ via @@19 b=86 p=0 d=9216
@ via @@20 b=601 p=0 d=373321
@ via @@21 b=6675 p=0 d=44689225
@@27: line 7.0 t=1963486 -> @@20
pe-le-pas-an 
@ via @@21 b=13 p=0 d=529
@ via @@22 b=5970 p=0 d=35770400
@@28: line 7.1 t=402773 -> @@21
je-jak 
@ via @@22 b=631 p=0 d=420881
@@29: line 7.0 t=648069 -> @@22
emi-si 
@ via @@22 b=0 p=0 d=100
@@30: line 7.2 t=227288 -> @@22
gas bu-ang [[][]7[][]]. Di 
@ via @@23 b=3471 p=0 d=12117361
@@31: line 8.0 t=196390460 -> @@23
si-si 
@ via @@23 b=1062 p=0 d=1149184
@@32: line 8.0 t=185422283 -> @@23
la-in, 
@ via @@23 b=130 p=0 d=19600
@ via @@24 b=4699 p=0 d=22174681
@@33: line 8.0 t=102737270 -> @@24
ke-bi-jak-an 
@ via @@24 b=252 p=0 d=68644
@ via @@25 b=1748 p=0 d=3090564
@@34: line 8.0 t=58064839 -> @@25
pe-nge-lo-la-an 
@ via @@25 b=0 p=0 d=10100
@ via @@26 b=422 p=0 d=186624
@ via @@27 b=5533 p=0 d=30724849
@@35: line 8.0 t=25162721 -> @@26
sam-pah 
@ via @@26 b=0 p=0 d=10100
@ via @@27 b=642 p=0 d=425104
@ via @@28 b=7907 p=0 d=62678889
@@36: line 8.0 t=2388590 -> @@27
na-sio-nal 
@ via @@27 b=0 p=0 d=10100
@ via @@28 b=1014 p=0 d=1048576
@ via @@29 b=4429 p=0 d=19704721
@@37: line 8.0 t=1451349 -> @@28
se-ring 
@ via @@28 b=43 p=0 d=2809
@ via @@29 b=703 p=0 d=508369
@ via @@30 b=3884 p=0 d=15173236
@@38: line 8.1 t=405582 -> @@28
ka-li 
@ via @@28 b=1 p=0 d=121
@ via @@29 b=89 p=0 d=9801
@ via @@30 b=1137 p=0 d=1325609
@@39: line 8.2 t=402894 -> @@28
ter-ken-da-la 
@ via @@30 b=0 p=0 d=100
@@40: line 8.2 t=227388 -> @@30
oleh 
@ via @@31 b=5652 p=0 d=32058244
@@41: line 9.0 t=228448704 -> @@31
per-i-la-ku 
@ via @@31 b=159 p=0 d=28561
@ via @@32 b=1448 p=0 d=2125764
@@42: line 9.0 t=187548047 -> @@32
dan 
@ via @@31 b=0 p=0 d=10100
@ via @@32 b=132 p=0 d=20164
@ via @@33 b=2035 p=0 d=4182025
@@43: line 9.0 t=106919295 -> @@33
mi-nim-nya 
@ via @@34 b=1776 p=0 d=3189796
@@44: line 9.0 t=61254635 -> @@34
ke-sa-dar-an 
@ via @@35 b=3386 p=0 d=11532816
@@45: line 9.0 t=36695537 -> @@35
kon-su-men 
@ via @@35 b=0 p=0 d=10100
@ via @@36 b=1490 p=0 d=2250000
@@46: line 9.0 t=4638590 -> @@36
yang 
@ via @@36 b=42 p=0 d=2704
@ via @@37 b=4242 p=0 d=18079504
@@47: line 9.1 t=2391294 -> @@36
jus-tru 
@ via @@37 b=308 p=0 d=101124
@ via @@38 b=4713 p=0 d=22306729
@@48: line 9.0 t=1552473 -> @@37
men-ja-di 
@ via @@38 b=82 p=0 d=8464
@ via @@39 b=1275 p=0 d=1661225
@@49: line 9.1 t=414046 -> @@38
pen-do-rong 
@ via @@40 b=1132 p=0 d=1314164
@ via @@41 b=7256 p=0 d=52794756
@@50: line 9.0 t=1541552 -> @@40
uta-ma 
@ via @@40 b=1 p=0 d=121
@ via @@41 b=500 p=0 d=260100
@@51: line 9.2 t=227509 -> @@40
\T1/ptm/m/it/12 fo-od 
@ via @@41 b=1 p=0 d=10121
@ via @@42 b=2245 p=0 d=5085025
@@52: line 10.0 t=192633072 -> @@42
was-te
@\kern via @@42 b=63 p=0 d=5329
@\kern via @@43 b=1072 p=0 d=1170724
@@53: line 10.0 t=108090019 -> @@43
 \T1/ptm/m/n/12 di 
@ via @@42 b=0 p=0 d=10100
@ via @@43 b=219 p=0 d=52441
@@54: line 10.0 t=106971736 -> @@43
ting-kat 
@ via @@44 b=981 p=0 d=982081
@@55: line 10.0 t=62236716 -> @@44
ru-mah 
@ via @@44 b=1 p=0 d=10121
@ via @@45 b=2970 p=0 d=8880400
@@56: line 10.0 t=45575937 -> @@45
tang-ga 
@ via @@45 b=116 p=0 d=15876
@ via @@46 b=6675 p=0 d=44689225
@@57: line 10.0 t=36711413 -> @@45
[[][]8[][]]. 
@ via @@45 b=0 p=0 d=10100
@ via @@46 b=1917 p=0 d=3713329
@@58: line 10.0 t=8351919 -> @@46
Ke-si-ap-an 
@ via @@46 b=1 p=0 d=10121
@ via @@47 b=239 p=0 d=62001
@ via @@48 b=2318 p=0 d=5419584
@@59: line 10.0 t=2453295 -> @@47
eko-sis-tem 
@ via @@48 b=10 p=0 d=10400
@ via @@49 b=1424 p=0 d=2056356
@@60: line 10.2 t=1562873 -> @@48
di 
@ via @@48 b=1 p=0 d=10121
@ via @@49 b=500 p=0 d=260100
@@61: line 10.0 t=674146 -> @@49
In-do-ne-sia 
@ via @@50 b=699 p=0 d=502681
@ via @@51 b=4531 p=0 d=20630681
@@62: line 10.0 t=2044233 -> @@50
da-lam 
@ via @@50 b=12 p=0 d=10484
@ via @@51 b=699 p=0 d=512681
@ via @@52 b=3271 p=0 d=10764961
@@63: line 10.0 t=740190 -> @@51
me-la-kuk-an 
@ via @@52 b=19 p=0 d=841
@ via @@53 b=828 p=0 d=702244
@ via @@54 b=2269 p=0 d=5193841
@@64: line 11.0 t=108792263 -> @@53
pe-man-fa-at-an 
@ via @@55 b=289 p=0 d=89401
@ via @@56 b=4060 p=0 d=16564900
@@65: line 11.0 t=62140837 -> @@56
kem-ba-li 
@ via @@56 b=108 p=0 d=13924
@ via @@57 b=2894 p=0 d=8433216
@@66: line 11.0 t=45144629 -> @@57
(\T1/ptm/m/it/12 va-lo-ri-za-tion\T1/ptm/m/n/12 ) 
@ via @@58 b=11 p=0 d=10441
@ via @@59 b=8019 p=0 d=64464841
@@67: line 11.2 t=8362360 -> @@58
lim-bah 
@ via @@59 b=195 p=0 d=42025
@@68: line 11.0 t=2495320 -> @@59
pa-ngan 
@ via @@60 b=1024 p=0 d=1079156
@ via @@61 b=4144 p=0 d=17255716
@@69: line 11.0 t=2642029 -> @@60
pun 
@ via @@60 b=26 p=0 d=1296
@ via @@61 b=389 p=0 d=159201
@@70: line 11.0 t=833347 -> @@61
ma-sih 
@ via @@62 b=2245 p=0 d=5085025
@@71: line 11.0 t=7129258 -> @@62
ter-ham-bat 
@ via @@63 b=355 p=0 d=133225
@@72: line 11.0 t=873415 -> @@63
oleh 
@ via @@63 b=2 p=0 d=10144
@ via @@64 b=5260 p=0 d=27772900
@@73: line 11.2 t=750334 -> @@63
ke-ter-ba-tas-an 
@ via @@65 b=5652 p=0 d=32058244
@@74: line 12.0 t=94199081 -> @@65
tek-no-lo-gi, 
@ via @@65 b=1 p=0 d=10121
@ via @@66 b=3148 p=0 d=9972964
@@75: line 12.0 t=55117593 -> @@66
ting-gi-nya 
@ via @@66 b=7 p=0 d=10289
@@76: line 12.2 t=45154918 -> @@66
bi-a-ya, 
@ via @@67 b=874 p=0 d=791456
@@77: line 12.0 t=9153816 -> @@67
dan 
@ via @@67 b=41 p=0 d=2601
@ via @@68 b=2547 p=0 d=6538249
@@78: line 12.1 t=8364961 -> @@67
ke-ce-mas-an 
@ via @@68 b=41 p=0 d=12601
@ via @@69 b=681 p=0 d=477481
@ via @@70 b=4254 p=0 d=18181696
@@79: line 12.3 t=2507921 -> @@68
ma-sya-ra-kat 
@ via @@70 b=31 p=0 d=11681
@ via @@71 b=578 p=0 d=345744
@@80: line 12.3 t=845028 -> @@70
ter-ha-dap 
@ via @@72 b=1107 p=0 d=1247689
@ via @@73 b=7832 p=0 d=61506964
@@81: line 12.0 t=2121104 -> @@72
ja-min-an 
@ via @@73 b=117 p=0 d=26129
@@82: line 12.0 t=776463 -> @@73
stan-dar 
@ via @@74 b=1968 p=0 d=3912484
@@83: line 13.0 t=98111565 -> @@74
ke-a-man-an 
@ via @@75 b=2119 p=0 d=4532641
@@84: line 13.0 t=59650234 -> @@75
pro-duk 
@ via @@75 b=1 p=0 d=10121
@ via @@76 b=4366 p=0 d=19159376
@@85: line 13.2 t=55127714 -> @@75
tu-ru-nan-nya 
@ via @@76 b=36 p=0 d=2116
@ via @@77 b=692 p=0 d=492804
@ via @@78 b=5460 p=0 d=29920900
@@86: line 13.0 t=9646620 -> @@77
[[][]9[][]]. 
@ via @@77 b=10 p=0 d=10400
@ via @@78 b=718 p=0 d=529984
@@87: line 13.0 t=8894945 -> @@78
Pa-da-hal, 
@ via @@79 b=1000 p=0 d=1030100
@@88: line 13.0 t=3538021 -> @@79
edu-ka-si 
@ via @@79 b=0 p=0 d=100
@ via @@80 b=2913 p=0 d=8553929
@@89: line 13.2 t=2508021 -> @@79
dan 
@ via @@80 b=581 p=0 d=359281
@@90: line 13.0 t=1204309 -> @@80
in-te-rven-si 
@ via @@81 b=345 p=0 d=126025
@ via @@82 b=6001 p=0 d=36132121
@@91: line 13.0 t=2247129 -> @@81
ke-sa-dar-an 
@ via @@82 b=118 p=0 d=16384
@ via @@83 b=3281 p=0 d=10830681
@@92: line 13.0 t=792847 -> @@82
ling-kung-an 
@ via @@83 b=0 p=0 d=10100
@ via @@84 b=2460 p=0 d=6100900
@@93: line 14.0 t=65751134 -> @@84
ter-buk-ti 
@ via @@84 b=30 p=0 d=1600
@ via @@85 b=2057 p=0 d=4282489
@@94: line 14.0 t=59410203 -> @@85
sa-ngat 
@ via @@85 b=59 p=0 d=4761
@ via @@86 b=6396 p=0 d=41036836
@@95: line 14.0 t=50683456 -> @@86
efek-tif 
@ via @@86 b=740 p=0 d=562500
@ via @@87 b=6641 p=0 d=44235801
@@96: line 14.0 t=10209120 -> @@86
un-tuk 
@ via @@86 b=7 p=0 d=10289
@ via @@87 b=574 p=0 d=341056
@@97: line 14.0 t=9236001 -> @@87
me-mi-ti-ga-si 
@ via @@88 b=123 p=0 d=17689
@ via @@89 b=6204 p=0 d=38623796
@@98: line 14.0 t=3555710 -> @@88
je-jak 
@ via @@89 b=681 p=0 d=487481
@ via @@90 b=4454 p=0 d=19927296
@@99: line 14.0 t=2995502 -> @@89
kar-bon 
@ via @@89 b=46 p=0 d=3136
@ via @@90 b=75 p=0 d=7225
@@100: line 14.1 t=1211534 -> @@90
se-ca-ra 
@ via @@91 b=760 p=0 d=592900
@@101: line 14.0 t=2840029 -> @@91
sig-ni-fik-an, 
@ via @@92 b=597 p=0 d=368449
@@102: line 14.0 t=1161296 -> @@92
se-ba-gai-ma-na 
@ via @@93 b=213 p=0 d=49729
@ via @@94 b=7099 p=0 d=50537881
@@103: line 15.0 t=65800863 -> @@93
yang 
@ via @@93 b=33 p=0 d=11849
@ via @@94 b=940 p=0 d=902500
@@104: line 15.0 t=60312703 -> @@94
di-tun-jukk-an 
@ via @@95 b=13 p=0 d=529
@ via @@96 b=2384 p=0 d=5731236
@@105: line 15.0 t=15940356 -> @@96
me-la-lui 
@ via @@96 b=1 p=0 d=10121
@ via @@97 b=1210 p=0 d=1488400
@@106: line 15.2 t=10219241 -> @@96
stu-di 
@ via @@97 b=10 p=0 d=10400
@ via @@98 b=8019 p=0 d=64464841
@@107: line 15.2 t=9246401 -> @@97
eva-lu-a-si 
@ via @@98 b=240 p=0 d=62500
@ via @@99 b=3514 p=0 d=12418576
@@108: line 15.0 t=3618210 -> @@98
pa-da 
@ via @@98 b=10 p=0 d=10400
@ via @@99 b=263 p=0 d=74529
@ via @@100 b=6364 p=0 d=40627876
@@109: line 15.0 t=3070031 -> @@99
ke-lom-pok 
@ via @@100 b=13 p=0 d=529
@ via @@101 b=2165 p=0 d=4730625
@@110: line 15.1 t=1212063 -> @@100
in-sti-tu-si 
@ via @@101 b=0 p=0 d=10100
@ via @@102 b=5189 p=0 d=27029601
@@111: line 15.2 t=2850129 -> @@101
pen-di-dik-an 
@ via @@102 b=6 p=0 d=10256
@ via @@103 b=8094 p=0 d=65674816
@@112: line 15.2 t=1171552 -> @@102
[[][]10[][]]. 
@\par via @@103 b=0 p=-10000 d=10100
@\par via @@104 b=0 p=-10000 d=10100
@\par via @@105 b=0 p=-10000 d=10100
@\par via @@106 b=0 p=-10000 d=100
@\par via @@107 b=0 p=-10000 d=100
@\par via @@108 b=0 p=-10000 d=10100
@\par via @@109 b=0 p=-10000 d=10100
@\par via @@110 b=0 p=-10000 d=100
@\par via @@111 b=0 p=-10000 d=100
@\par via @@112 b=0 p=-10000 d=100
@@113: line 16.2- t=1171652 -> @@112

@firstpass
[] 
@\par via @@0 b=0 p=-10000 d=100
@@1: line 1.2- t=100 -> @@0

File: image/Logo_Universitas_Telkom_Horizontal.png Graphic file (type png)
<use image/Logo_Universitas_Telkom_Horizontal.png>
Package pdftex.def Info: image/Logo_Universitas_Telkom_Horizontal.png  used on input line 11.
(pdftex.def)             Requested size: 77.11923pt x 34.14322pt.
@firstpass
[][] 
@ via @@0 b=0 p=0 d=100
@@1: line 1.2 t=100 -> @@0
|
@\par via @@0 b=0 p=-10000 d=100
@\par via @@1 b=0 p=-10000 d=100
@@2: line 1.2- t=100 -> @@0

@firstpass
[]
@\par via @@0 b=0 p=-10000 d=100
@@1: line 1.2- t=100 -> @@0

@firstpass
[] 
@\par via @@0 b=0 p=-10000 d=100
@@1: line 1.2- t=100 -> @@0

@firstpass
[]
@\par via @@0 b=0 p=-10000 d=100
@@1: line 1.2- t=100 -> @@0

@firstpass
[]\T1/ptm/m/n/12 1|
@\par via @@0 b=0 p=-10000 d=100
@@1: line 1.2- t=100 -> @@0

[1


]
@firstpass
@secondpass
[]\T1/ptm/m/n/12 Untuk me-nam-bal ce-lah ine-fi-si-en-si lo-gis-tik dan ting-gi-nya an-cam-an ke-a-man-an 
@ via @@0 b=6978 p=0 d=48842144
@@1: line 1.0 t=48842144 -> @@0
pa-ngan 
@ via @@0 b=239 p=0 d=72001
@@2: line 1.0 t=72001 -> @@0
ter-se-but, \T1/ptm/m/it/12 star-tup \T1/ptm/m/n/12 Ja-go-AI ha-dir me-na-wark-an pla-tform agre-ga-tor lo-gis-tik 
@ via @@1 b=4013 p=0 d=16184529
@@3: line 2.0 t=65026673 -> @@1
di-gi-tal 
@ via @@1 b=109 p=0 d=14161
@ via @@2 b=5008 p=0 d=25180324
@@4: line 2.0 t=25252325 -> @@2
ber-na-ma 
@ via @@2 b=25 p=0 d=1225
@@5: line 2.1 t=73226 -> @@2
Fo-od AI Re-scue. Apli-ka-si ini di-ran-cang se-ca-ra khu-sus un-tuk 
@ via @@3 b=1946 p=0 d=3825936
@@6: line 3.0 t=68852609 -> @@3
men-jem-ba-ta-ni 
@ via @@4 b=89 p=0 d=9801
@ via @@5 b=3557 p=0 d=12723489
@@7: line 3.0 t=12796715 -> @@5
pa-ra 
@ via @@4 b=6 p=0 d=10256
@ via @@5 b=706 p=0 d=512656
@@8: line 3.0 t=585882 -> @@5
pe-nyum-bang ma-kan-an ber-le-bih de-ngan fa-si-li-tas so-si-al se-ca-ra 
@ via @@6 b=2261 p=0 d=5157441
@@9: line 4.0 t=74010050 -> @@6
\T1/ptm/m/it/12 real-time
@\kern via @@6 b=72 p=0 d=16724
@@10: line 4.3 t=68869333 -> @@6
 \T1/ptm/m/n/12 me-la-lui 
@ via @@7 b=419 p=0 d=184041
@ via @@8 b=4132 p=0 d=17156164
@@11: line 4.0 t=12980756 -> @@7
pe-man-fa-at-an Ke-ce-rdas-an Bu-at-an (AI). Da-lam sis-tem pe-nge-nal-an 
@ via @@9 b=1052 p=0 d=1127844
@@12: line 5.0 t=75137894 -> @@9
vi-su-al-nya, 
@ via @@10 b=607 p=0 d=390689
@@13: line 5.0 t=69260022 -> @@10
pe-man-fa-at-an 
@ via @@11 b=0 p=0 d=10100
@@14: line 5.2 t=12990856 -> @@11
fi-tur kon-teks-tu-al pa-da \T1/ptm/m/it/12 Com-pu-ter Vi-sion \T1/ptm/m/n/12 ter-buk-ti sa-ngat 
@ via @@12 b=3724 p=0 d=13942756
@@15: line 6.0 t=89080650 -> @@12
efek-tif 
@ via @@12 b=77 p=0 d=7569
@@16: line 6.1 t=75145463 -> @@12
un-tuk 
@ via @@13 b=1168 p=0 d=1387684
@@17: line 6.0 t=70647706 -> @@13
meng-a-na-li-sis 
@ via @@14 b=1038 p=0 d=1108304
@@18: line 6.0 t=14099160 -> @@14
da-ta 
@ via @@14 b=32 p=0 d=1764
@@19: line 6.1 t=12992620 -> @@14
vi-su-al dan me-mi-ni-malk-an mis-kla-si-fi-ka-si sa-at 
@ via @@15 b=6876 p=0 d=47416996
@@20: line 7.0 t=136497646 -> @@15
men-de-tek-si 
@ via @@15 b=0 p=0 d=10100
@ via @@16 b=1521 p=0 d=2343961
@@21: line 7.0 t=77489424 -> @@16
ob-jek 
@ via @@16 b=5 p=0 d=225
@ via @@17 b=1609 p=0 d=2621161
@@22: line 7.0 t=73268867 -> @@17
[[][]11[][]]. 
@ via @@17 b=26 p=0 d=1296
@@23: line 7.1 t=70649002 -> @@17
Mes-ki-pun 
@ via @@18 b=182 p=0 d=36864
@ via @@19 b=1803 p=0 d=3286969
@@24: line 7.0 t=14136024 -> @@18
de-mi-ki-an, 
@ via @@19 b=18 p=0 d=10784
@@25: line 7.3 t=13003404 -> @@19
mo-del AI ini di-ran-cang de-ngan 
@ via @@20 b=2865 p=0 d=8265625
@@26: line 8.0 t=144763271 -> @@20
sa-ngat 
@ via @@20 b=213 p=0 d=49729
@ via @@21 b=7667 p=0 d=58936329
@@27: line 8.0 t=136425753 -> @@21
tang-guh 
@ via @@21 b=816 p=0 d=682276
@ via @@22 b=4886 p=0 d=23970816
@@28: line 8.0 t=78171700 -> @@21
gu-na 
@ via @@21 b=43 p=0 d=2809
@ via @@22 b=1014 p=0 d=1048576
@@29: line 8.0 t=74317443 -> @@22
meng-hin-da-ri 
@ via @@23 b=20 p=0 d=900
@ via @@24 b=5105 p=0 d=26163225
@@30: line 8.0 t=40299249 -> @@24
fe-no-me-na 
@ via @@24 b=24 p=0 d=1156
@ via @@25 b=5637 p=0 d=31898609
@@31: line 8.1 t=14137180 -> @@24
bi-as 
@ via @@25 b=1077 p=0 d=1191569
@@32: line 8.0 t=14194973 -> @@25
\T1/ptm/m/it/12 Cle-ver 
@ via @@25 b=2 p=0 d=144
@@33: line 8.2 t=13003548 -> @@25
Hans effe-ct\T1/ptm/m/n/12 , ya-i-tu 
@ via @@26 b=7468 p=0 d=55920484
@@34: line 9.0 t=200683755 -> @@26
``jal-an 
@ via @@26 b=905 p=0 d=837225
@ via @@27 b=8094 p=0 d=65674816
@@35: line 9.0 t=145600496 -> @@26
pin-tas'' 
@ via @@26 b=0 p=0 d=10100
@ via @@27 b=684 p=0 d=481636
@@36: line 9.0 t=136907389 -> @@27
pem-be-la-jar-an 
@ via @@28 b=12 p=0 d=10484
@ via @@29 b=963 p=0 d=946729
@@37: line 9.0 t=75264172 -> @@29
(\T1/ptm/m/it/12 shor-tcut 
@ via @@30 b=3179 p=0 d=10169721
@@38: line 9.0 t=50468970 -> @@30
le-ar-ning\T1/ptm/m/n/12 ) 
@ via @@30 b=2 p=0 d=10144
@ via @@31 b=3679 p=0 d=13608721
@@39: line 9.0 t=27745901 -> @@31
di 
@ via @@30 b=80 p=0 d=18100
@ via @@31 b=1270 p=0 d=1638400
@ via @@32 b=6047 p=0 d=36687249
@@40: line 9.0 t=15775580 -> @@31
ma-na 
@ via @@31 b=33 p=0 d=1849
@ via @@32 b=768 p=0 d=605284
@ via @@33 b=7814 p=0 d=61224976
@@41: line 9.1 t=14139029 -> @@31
AI 
@ via @@31 b=1 p=0 d=121
@ via @@32 b=107 p=0 d=13689
@ via @@33 b=2726 p=0 d=7495696
@@42: line 9.2 t=14137301 -> @@31
da-pat 
@ via @@32 b=90 p=0 d=20000
@ via @@33 b=225 p=0 d=65225
@@43: line 9.0 t=13068773 -> @@33
ke-li-ru 
@ via @@33 b=13 p=0 d=529
@@44: line 9.3 t=13004077 -> @@33
meng-am-bil 
@ via @@34 b=295 p=0 d=93025
@ via @@35 b=4467 p=0 d=20043529
@@45: line 10.0 t=165644025 -> @@35
ke-pu-tus-an 
@ via @@35 b=4 p=0 d=10196
@ via @@36 b=1867 p=0 d=3523129
@@46: line 10.0 t=140430518 -> @@36
aki-bat 
@ via @@36 b=20 p=0 d=900
@@47: line 10.1 t=136908289 -> @@36
ko-re-la-si 
@ via @@37 b=896 p=0 d=820836
@@48: line 10.0 t=76085008 -> @@37
pal-su 
@ via @@37 b=10 p=0 d=10400
@ via @@38 b=2913 p=0 d=8543929
@@49: line 10.0 t=59012899 -> @@38
pa-da 
@ via @@38 b=338 p=0 d=121104
@ via @@39 b=7944 p=0 d=63266116
@@50: line 10.0 t=50590074 -> @@38
la-tar 
@ via @@38 b=2 p=0 d=10144
@ via @@39 b=1924 p=0 d=3740356
@ via @@40 b=4792 p=0 d=23059204
@@51: line 10.0 t=31486257 -> @@39
be-la-kang 
@ via @@39 b=3 p=0 d=10169
@ via @@40 b=89 p=0 d=9801
@ via @@41 b=1902 p=0 d=3655744
@ via @@42 b=6094 p=0 d=37268816
@@52: line 10.1 t=15785381 -> @@40
gam-bar-nya 
@ via @@42 b=8 p=0 d=324
@ via @@43 b=1158 p=0 d=1364224
@@53: line 10.2 t=14137625 -> @@42
[[][]12[][]]. 
@ via @@43 b=21 p=0 d=961
@ via @@44 b=1688 p=0 d=2893204
@@54: line 10.1 t=13069734 -> @@43
Se-la-in 
@ via @@44 b=5 p=0 d=225
@ via @@45 b=3492 p=0 d=12264004
@@55: line 10.2 t=13004302 -> @@44
itu, 
@ via @@45 b=972 p=0 d=964324
@@56: line 11.0 t=166608349 -> @@45
ar-si-tek-tur 
@ via @@45 b=3 p=0 d=10169
@ via @@46 b=1117 p=0 d=1270129
@ via @@47 b=6542 p=0 d=42928704
@@57: line 11.0 t=141700647 -> @@46
\T1/ptm/m/it/12 prompt
@\kern via @@46 b=13 p=0 d=529
@\kern via @@47 b=820 p=0 d=688900
@\kern via @@48 b=7486 p=0 d=56190016
@@58: line 11.0 t=132275024 -> @@48
 \T1/ptm/m/n/12 pa-da 
@ via @@47 b=48 p=0 d=3364
@ via @@48 b=1960 p=0 d=3880900
@ via @@49 b=8151 p=0 d=66601921
@@59: line 11.0 t=79965908 -> @@48
sis-tem 
@ via @@48 b=127 p=0 d=18769
@ via @@49 b=1484 p=0 d=2232036
@ via @@50 b=6125 p=0 d=37638225
@@60: line 11.0 t=61244935 -> @@49
pen-de-tek-si 
@ via @@49 b=0 p=0 d=10100
@ via @@50 b=154 p=0 d=26896
@ via @@51 b=1490 p=0 d=2250000
@@61: line 11.0 t=33736257 -> @@51
ob-jek 
@ via @@50 b=18 p=0 d=10784
@ via @@51 b=76 p=0 d=7396
@ via @@52 b=3536 p=0 d=12574116
@@62: line 11.0 t=28359497 -> @@52
ini 
@ via @@51 b=1 p=0 d=10121
@ via @@52 b=1221 p=0 d=1515361
@@63: line 11.0 t=17300742 -> @@52
ju-ga 
@ via @@52 b=149 p=0 d=25281
@ via @@53 b=5388 p=0 d=29148404
@@64: line 11.0 t=15810662 -> @@52
di-mi-ti-ga-si 
@ via @@53 b=248 p=0 d=76564
@ via @@54 b=3271 p=0 d=10764961
@@65: line 11.0 t=14214189 -> @@53
se-ca-ra 
@ via @@53 b=0 p=0 d=100
@ via @@54 b=213 p=0 d=49729
@ via @@55 b=3281 p=0 d=10840681
@@66: line 11.0 t=13119463 -> @@54
pre-si-si 
@ via @@54 b=90 p=0 d=20000
@ via @@55 b=182 p=0 d=46864
@ via @@56 b=1400 p=0 d=1988100
@@67: line 11.0 t=13051166 -> @@55
agar 
@ via @@55 b=0 p=0 d=100
@ via @@56 b=100 p=0 d=12100
@ via @@57 b=5417 p=0 d=29452329
@@68: line 11.2 t=13004402 -> @@55
ti-dak 
@ via @@56 b=56 p=0 d=14356
@ via @@57 b=896 p=0 d=820836
@@69: line 12.0 t=142521483 -> @@57
mu-dah 
@ via @@57 b=2 p=0 d=10144
@ via @@58 b=1009 p=0 d=1038361
@ via @@59 b=5504 p=0 d=30404196
@@70: line 12.0 t=110370104 -> @@59
di-ke-coh 
@ via @@58 b=0 p=0 d=10100
@ via @@59 b=271 p=0 d=78961
@ via @@60 b=3942 p=0 d=15618304
@@71: line 12.0 t=76863239 -> @@60
oleh 
@ via @@59 b=1 p=0 d=10121
@ via @@60 b=684 p=0 d=481636
@@72: line 12.0 t=61726571 -> @@60
ma-ni-pu-la-si 
@ via @@61 b=614 p=0 d=389376
@ via @@62 b=4913 p=0 d=24235929
@@73: line 12.0 t=34125633 -> @@61
vi-su-al 
@ via @@61 b=1 p=0 d=10121
@ via @@62 b=518 p=0 d=278784
@ via @@63 b=2134 p=0 d=4596736
@@74: line 12.0 t=21897478 -> @@63
ke-cil 
@ via @@62 b=5 p=0 d=10225
@ via @@63 b=172 p=0 d=33124
@ via @@64 b=1817 p=0 d=3337929
@@75: line 12.0 t=17333866 -> @@63
atau 
@ via @@63 b=0 p=0 d=10100
@ via @@64 b=185 p=0 d=38025
@ via @@65 b=7308 p=0 d=53553124
@@76: line 12.0 t=15848687 -> @@64
\T1/ptm/m/it/12 adver-sa-ri-al 
@ via @@65 b=64 p=0 d=5476
@ via @@66 b=2150 p=0 d=4665600
@@77: line 12.1 t=14219665 -> @@65
pa-tches
@\kern via @@66 b=15 p=0 d=625
@\kern via @@67 b=1552 p=0 d=2439844
@\kern via @@68 b=7558 p=0 d=57284624
@@78: line 12.1 t=13120088 -> @@66
 \T1/ptm/m/n/12 [[][]13[][]]. 
@ via @@67 b=87 p=0 d=9409
@ via @@68 b=1314 p=0 d=1762976
@ via @@69 b=7888 p=0 d=62378404
@@79: line 12.1 t=13060575 -> @@67
De-ngan 
@ via @@68 b=0 p=0 d=100
@ via @@69 b=230 p=0 d=57600
@ via @@70 b=3407 p=0 d=11675889
@@80: line 12.2 t=13004502 -> @@68
pon-da-si 
@ via @@70 b=135 p=0 d=21025
@ via @@71 b=3492 p=0 d=12264004
@@81: line 13.0 t=89127243 -> @@71
in-te-li-jen-si 
@ via @@71 b=30 p=0 d=1600
@ via @@72 b=710 p=0 d=518400
@@82: line 13.0 t=62244971 -> @@72
yang 
@ via @@72 b=16 p=0 d=676
@ via @@73 b=3942 p=0 d=15618304
@@83: line 13.0 t=49743937 -> @@73
tang-guh, 
@ via @@73 b=116 p=0 d=15876
@ via @@74 b=2073 p=0 d=4338889
@@84: line 13.0 t=26236367 -> @@74
fi-tur 
@ via @@73 b=0 p=0 d=10100
@ via @@74 b=289 p=0 d=89401
@ via @@75 b=2302 p=0 d=5345344
@@85: line 13.0 t=21986879 -> @@74
AI 
@ via @@74 b=29 p=0 d=1521
@ via @@75 b=688 p=0 d=487204
@ via @@76 b=3291 p=0 d=10896601
@@86: line 13.0 t=17821070 -> @@75
pa-da 
@ via @@75 b=32 p=0 d=1764
@ via @@76 b=565 p=0 d=330625
@@87: line 13.0 t=16179312 -> @@76
pla-tform 
@ via @@76 b=32 p=0 d=11764
@ via @@77 b=1400 p=0 d=1988100
@@88: line 13.3 t=15860451 -> @@76
Fo-od 
@ via @@77 b=125 p=0 d=18225
@ via @@78 b=2573 p=0 d=6671889
@@89: line 13.0 t=14237890 -> @@77
AI 
@ via @@77 b=6 p=0 d=256
@ via @@78 b=892 p=0 d=813604
@ via @@79 b=7047 p=0 d=49801249
@@90: line 13.0 t=13933692 -> @@78
Re-scue 
@ via @@78 b=10 p=0 d=400
@ via @@79 b=688 p=0 d=487204
@ via @@80 b=7796 p=0 d=60943636
@@91: line 13.2 t=13120488 -> @@78
men-ja-di 
@ via @@79 b=5 p=0 d=225
@ via @@80 b=618 p=0 d=404384
@ via @@81 b=7397 p=0 d=54863649
@@92: line 13.2 t=13060800 -> @@79
in-stru-men 
@ via @@81 b=223 p=0 d=54289
@ via @@82 b=7221 p=0 d=52287361
@@93: line 14.0 t=89181532 -> @@81
oto-nom 
@ via @@82 b=618 p=0 d=394384
@ via @@83 b=4072 p=0 d=16662724
@@94: line 14.0 t=62639355 -> @@82
yang 
@ via @@82 b=12 p=0 d=10484
@ via @@83 b=618 p=0 d=394384
@@95: line 14.0 t=50138321 -> @@83
sa-ngat 
@ via @@83 b=0 p=0 d=10100
@ via @@84 b=1442 p=0 d=2108304
@ via @@85 b=6188 p=0 d=38415204
@@96: line 14.0 t=28344671 -> @@84
ide-al 
@ via @@84 b=104 p=0 d=12996
@ via @@85 b=1163 p=0 d=1375929
@ via @@86 b=3803 p=0 d=14538969
@@97: line 14.0 t=23362808 -> @@85
un-tuk 
@ via @@84 b=73 p=0 d=16889
@ via @@85 b=31 p=0 d=1681
@ via @@86 b=355 p=0 d=133225
@ via @@87 b=2990 p=0 d=9000000
@@98: line 14.0 t=17954295 -> @@86
me-mva-li-da-si 
@ via @@88 b=812 p=0 d=685684
@ via @@89 b=6063 p=0 d=36881329
@@99: line 14.0 t=16546135 -> @@88
ke-la-yak-an 
@ via @@89 b=31 p=0 d=1681
@ via @@90 b=503 p=0 d=263169
@@100: line 14.0 t=14196861 -> @@90
ma-kan-an 
@ via @@91 b=165 p=0 d=40625
@ via @@92 b=7522 p=0 d=56741024
@@101: line 14.0 t=13161113 -> @@91
se-ca-ra 
@ via @@92 b=506 p=0 d=276256
@@102: line 14.0 t=13337056 -> @@92
man-di-ri. 
@\par via @@93 b=0 p=-10000 d=10100
@\par via @@94 b=0 p=-10000 d=10100
@\par via @@95 b=0 p=-10000 d=10100
@\par via @@96 b=0 p=-10000 d=10100
@\par via @@97 b=0 p=-10000 d=10100
@\par via @@98 b=0 p=-10000 d=10100
@\par via @@99 b=0 p=-10000 d=10100
@\par via @@100 b=0 p=-10000 d=10100
@\par via @@101 b=0 p=-10000 d=10100
@\par via @@102 b=0 p=-10000 d=10100
@@103: line 15.2- t=13171213 -> @@101


Underfull \hbox (badness 3557) in paragraph at lines 12--13
\T1/ptm/m/n/12 Fo-od AI Re-scue. Apli-ka-si ini di-ran-cang se-ca-ra khu-sus un-tuk men-jem-ba-ta-ni
 []

@firstpass
[]\T1/ptm/m/n/12 Guna memastikan seluruh proses distribusi berjalan aman dan transparan, aplikasi Food 
@ via @@0 b=3 p=0 d=169
@@1: line 1.2 t=169 -> @@0
@secondpass
[]\T1/ptm/m/n/12 Guna me-mas-tik-an se-lu-ruh pro-ses dis-tri-bu-si ber-jal-an am-an dan trans-par-an, apli-ka-si 
@ via @@0 b=795 p=0 d=658025
@@1: line 1.0 t=658025 -> @@0
Fo-od 
@ via @@0 b=3 p=0 d=169
@@2: line 1.2 t=169 -> @@0
AI Re-scue di-be-ka-li de-ngan ber-ba-gai fi-tur ce-rdas yang ter-in-te-gra-si. Pla-tform 
@ via @@1 b=506 p=0 d=266256
@ via @@2 b=3471 p=0 d=12127361
@@3: line 2.0 t=924281 -> @@1
ini 
@ via @@1 b=77 p=0 d=7569
@ via @@2 b=1163 p=0 d=1385929
@@4: line 2.1 t=665594 -> @@1
meng-gu-nak-an la-yan-an \T1/ptm/m/it/12 Go-o-gle Ge-mi-ni Vi-sion API \T1/ptm/m/n/12 se-ba-gai ``Po-li-si Pa-ngan'' 
@ via @@3 b=3701 p=0 d=13771521
@@5: line 3.0 t=14695802 -> @@3
un-tuk 
@ via @@3 b=228 p=0 d=56644
@ via @@4 b=1430 p=0 d=2073600
@@6: line 3.0 t=980925 -> @@3
me-mve-ri-fi-ka-si ke-a-man-an, hi-gi-e-ni-tas vi-su-al, dan ke-ha-lal-an ma-kan-an do-na-si 
@ via @@5 b=1708 p=0 d=2951524
@@7: line 4.0 t=17647326 -> @@5
se-ca-ra 
@ via @@5 b=5 p=0 d=10225
@ via @@6 b=1389 p=0 d=1957201
@@8: line 4.0 t=2938126 -> @@6
oto-ma-tis se-be-lum di-pu-bli-ka-sik-an ke-pa-da pu-blik. Khu-sus ba-gi peng-gu-na 
@ via @@7 b=2065 p=0 d=4305625
@@9: line 5.0 t=21952951 -> @@7
do-na-tur 
@ via @@7 b=12 p=0 d=10484
@ via @@8 b=1331 p=0 d=1798281
@@10: line 5.0 t=4736407 -> @@8
kor-po-rat, 
@ via @@8 b=26 p=0 d=11296
@@11: line 5.3 t=2949422 -> @@8
ter-se-dia pu-la fi-tur AI ge-ne-ra-tif eks-klu-sif se-per-ti \T1/ptm/m/it/12 Eco Pac-ka-ging 
@ via @@9 b=977 p=0 d=974169
@@12: line 6.0 t=22927120 -> @@9
Edi-tor
@\kern via @@9 b=2 p=0 d=10144
@\kern via @@10 b=1490 p=0 d=2250000
@@13: line 6.0 t=6986407 -> @@10
 \T1/ptm/m/n/12 un-tuk 
@ via @@10 b=39 p=0 d=2401
@ via @@11 b=3965 p=0 d=15810625
@@14: line 6.1 t=4738808 -> @@10
me-ran-cang 
@ via @@11 b=2 p=0 d=144
@@15: line 6.2 t=2949566 -> @@11
de-sa-in ke-mas-an ra-mah ling-kung-an, ser-ta \T1/ptm/m/it/12 CSR Co-pywri-ter
@\kern via @@12 b=638 p=0 d=419904
@@16: line 7.0 t=23347024 -> @@12
 \T1/ptm/m/n/12 un-tuk 
@ via @@12 b=0 p=0 d=10100
@ via @@13 b=866 p=0 d=767376
@@17: line 7.0 t=7753783 -> @@13
oto-ma-ti-sa-si 
@ via @@14 b=7 p=0 d=289
@ via @@15 b=7468 p=0 d=55930484
@@18: line 7.2 t=4739097 -> @@14
pem-bu-at-an 
@ via @@15 b=8 p=0 d=324
@@19: line 7.2 t=2949890 -> @@15
nas-kah kam-pa-nye so-si-al. Di la-pang-an, pro-ses 
@ via @@16 b=4582 p=0 d=21086464
@@20: line 8.0 t=44433488 -> @@16
pen-jem-put-an 
@ via @@16 b=0 p=0 d=10100
@ via @@17 b=494 p=0 d=254016
@@21: line 8.0 t=8007799 -> @@17
ma-kan-an 
@ via @@18 b=1242 p=0 d=1577504
@@22: line 8.0 t=6316601 -> @@18
di-ge-rakk-an 
@ via @@19 b=1168 p=0 d=1397684
@@23: line 8.0 t=4347574 -> @@19
oleh 
@ via @@19 b=73 p=0 d=6889
@@24: line 8.1 t=2956779 -> @@19
ar-ma-da re-la-w-an ku-rir yang di-mo-ti-va-si 
@ via @@20 b=5245 p=0 d=27615025
@@25: line 9.0 t=72048513 -> @@20
oleh 
@ via @@20 b=649 p=0 d=434281
@@26: line 9.0 t=44867769 -> @@20
sis-tem 
@ via @@20 b=10 p=0 d=10400
@ via @@21 b=5490 p=0 d=30250000
@@27: line 9.0 t=38257799 -> @@21
ga-mi-fi-ka-si 
@ via @@21 b=11 p=0 d=10441
@ via @@22 b=3895 p=0 d=15249025
@@28: line 9.2 t=8018240 -> @@21
ber-ba-sis 
@ via @@22 b=34 p=0 d=1936
@ via @@23 b=7704 p=0 d=59505796
@@29: line 9.1 t=6318537 -> @@22
pap-an 
@ via @@23 b=887 p=0 d=804609
@ via @@24 b=5316 p=0 d=28366276
@@30: line 9.0 t=5152183 -> @@23
per-ing-kat 
@ via @@24 b=34 p=0 d=1936
@@31: line 9.1 t=2958715 -> @@24
(\T1/ptm/m/it/12 le-a-der-bo-a-rd\T1/ptm/m/n/12 ). Se-lu-ruh pro-ses 
@ via @@25 b=2073 p=0 d=4338889
@@32: line 10.0 t=76387402 -> @@25
se-rah 
@ via @@25 b=122 p=0 d=17424
@ via @@26 b=1540 p=0 d=2402500
@@33: line 10.0 t=47270269 -> @@26
te-ri-ma 
@ via @@26 b=18 p=0 d=784
@ via @@27 b=1540 p=0 d=2402500
@@34: line 10.0 t=40660299 -> @@27
ini 
@ via @@26 b=31 p=0 d=11681
@ via @@27 b=318 p=0 d=107584
@@35: line 10.0 t=38365383 -> @@27
di-wa-jibk-an 
@ via @@28 b=223 p=0 d=64289
@ via @@29 b=5431 p=0 d=29604481
@@36: line 10.0 t=8082529 -> @@28
meng-gu-nak-an 
@ via @@29 b=4 p=0 d=196
@ via @@30 b=441 p=0 d=203401
@@37: line 10.0 t=5355584 -> @@30
pe-min-da-i-an 
@ via @@31 b=115 p=0 d=15625
@@38: line 10.0 t=2974340 -> @@31
ko-de QR se-ca-ra nir-kon-tak 
@ via @@32 b=1400 p=0 d=1988100
@@39: line 11.0 t=78375502 -> @@32
(\T1/ptm/m/it/12 con-ta-ct-less\T1/ptm/m/n/12 ) 
@ via @@33 b=1 p=0 d=10121
@ via @@34 b=1655 p=0 d=2772225
@ via @@35 b=7186 p=0 d=51782416
@@40: line 11.0 t=43432524 -> @@34
gu-na 
@ via @@34 b=26 p=0 d=1296
@ via @@35 b=591 p=0 d=361201
@@41: line 11.0 t=38726584 -> @@35
men-ce-gah 
@ via @@36 b=981 p=0 d=982081
@@42: line 11.0 t=9064610 -> @@36
ter-ja-di-nya 
@ via @@37 b=4279 p=0 d=18395521
@@43: line 11.0 t=23751105 -> @@37
kla-im 
@ via @@37 b=189 p=0 d=39601
@@44: line 11.0 t=5395185 -> @@37
gan-da. 
@ via @@38 b=2057 p=0 d=4272489
@@45: line 11.0 t=7246829 -> @@38
Akhir-nya, se-ti-ap ak-ti-vi-tas 
@ via @@39 b=1540 p=0 d=2402500
@@46: line 12.0 t=80778002 -> @@39
do-na-si 
@ via @@39 b=19 p=0 d=841
@ via @@40 b=6961 p=0 d=48594841
@@47: line 12.1 t=78376343 -> @@39
yang 
@ via @@40 b=1466 p=0 d=2178576
@ via @@41 b=6961 p=0 d=48594841
@@48: line 12.0 t=45611100 -> @@40
ber-ha-sil 
@ via @@40 b=6 p=0 d=10256
@ via @@41 b=512 p=0 d=272484
@@49: line 12.0 t=38999068 -> @@41
di-sa-lurk-an 
@ via @@42 b=446 p=0 d=207936
@@50: line 12.0 t=9272546 -> @@42
ak-an 
@ via @@42 b=4 p=0 d=10196
@ via @@43 b=2401 p=0 d=5812921
@@51: line 12.2 t=9074806 -> @@42
di-re-ka-pi-tu-la-si 
@ via @@44 b=103 p=0 d=12769
@ via @@45 b=5302 p=0 d=28217344
@@52: line 12.0 t=5407954 -> @@44
se-ca-ra 
@ via @@45 b=257 p=0 d=71289
@@53: line 12.0 t=7318118 -> @@45
komp-re-hen-sif ke da-lam 
@ via @@46 b=841 p=0 d=724201
@@54: line 13.0 t=81502203 -> @@46
Das-bor 
@ via @@46 b=28 p=0 d=11444
@ via @@47 b=611 p=0 d=385641
@ via @@48 b=5862 p=0 d=34480384
@@55: line 13.0 t=78761984 -> @@47
Dam-pak 
@ via @@48 b=43 p=0 d=2809
@ via @@49 b=5064 p=0 d=25745476
@@56: line 13.1 t=45613909 -> @@48
So-si-al 
@ via @@49 b=216 p=0 d=51076
@@57: line 13.0 t=39050144 -> @@49
(SROI), 
@ via @@50 b=849 p=0 d=737881
@ via @@51 b=6775 p=0 d=46046225
@@58: line 13.0 t=10010427 -> @@50
yang 
@ via @@50 b=5 p=0 d=10225
@ via @@51 b=800 p=0 d=666100
@@59: line 13.2 t=9282771 -> @@50
se-ca-ra 
@ via @@51 b=0 p=0 d=100
@ via @@52 b=7308 p=0 d=53553124
@@60: line 13.2 t=9074906 -> @@51
wak-tu 
@ via @@52 b=768 p=0 d=605284
@ via @@53 b=7558 p=0 d=57274624
@@61: line 13.0 t=6013238 -> @@52
nya-ta 
@ via @@52 b=4 p=0 d=10196
@ via @@53 b=1072 p=0 d=1170724
@@62: line 13.2 t=5418150 -> @@52
me-la-cak 
@ via @@53 b=7 p=0 d=10289
@@63: line 13.2 t=7328407 -> @@53
ku-an-ti-tas 
@ via @@54 b=6691 p=0 d=44903401
@@64: line 14.0 t=126405604 -> @@54
por-si 
@ via @@54 b=1000 p=0 d=1020100
@@65: line 14.0 t=82522303 -> @@54
ma-kan-an 
@ via @@54 b=85 p=0 d=19025
@ via @@55 b=468 p=0 d=228484
@@66: line 14.0 t=78990468 -> @@55
ter-se-la-matk-an 
@ via @@56 b=1 p=0 d=121
@ via @@57 b=1142 p=0 d=1327104
@@67: line 14.0 t=40377248 -> @@57
se-ka-li-gus 
@ via @@58 b=614 p=0 d=389376
@ via @@59 b=5878 p=0 d=34678544
@@68: line 14.0 t=10399803 -> @@58
meng-al-ku-la-si 
@ via @@60 b=357 p=0 d=144689
@ via @@61 b=7963 p=0 d=63568729
@@69: line 14.0 t=9219595 -> @@60
pen-ca-pa-i-an 
@ via @@61 b=10 p=0 d=10400
@ via @@62 b=887 p=0 d=814609
@@70: line 14.2 t=6023638 -> @@61
pe-ngu-rang-an 
@ via @@63 b=4 p=0 d=196
@@71: line 14.2 t=7328603 -> @@63
emi-si 
@ via @@64 b=494 p=0 d=254016
@@72: line 15.0 t=126659620 -> @@64
je-jak 
@ via @@64 b=59 p=0 d=14761
@ via @@65 b=543 p=0 d=305809
@@73: line 15.0 t=82828112 -> @@65
kar-bon 
@ via @@66 b=1655 p=0 d=2772225
@@74: line 15.0 t=81762693 -> @@66
bu-mi. 
@\par via @@66 b=0 p=-10000 d=10100
@\par via @@67 b=0 p=-10000 d=10100
@\par via @@68 b=0 p=-10000 d=10100
@\par via @@69 b=0 p=-10000 d=10100
@\par via @@70 b=0 p=-10000 d=100
@\par via @@71 b=0 p=-10000 d=100
@\par via @@72 b=0 p=-10000 d=10100
@\par via @@73 b=0 p=-10000 d=10100
@\par via @@74 b=0 p=-10000 d=10100
@@75: line 15.2- t=6023738 -> @@70


Underfull \hbox (badness 1389) in paragraph at lines 14--15
\T1/ptm/m/n/12 me-mve-ri-fi-ka-si ke-a-man-an, hi-gi-e-ni-tas vi-su-al, dan ke-ha-lal-an ma-kan-an do-na-si se-ca-ra
 []


Underfull \hbox (badness 1168) in paragraph at lines 14--15
\T1/ptm/m/n/12 nas-kah kam-pa-nye so-si-al. Di la-pang-an, pro-ses pen-jem-put-an ma-kan-an di-ge-rakk-an
 []

@firstpass
|[]\T1/ptm/b/n/17.28 Rumusan Masalah| 
@\par via @@0 b=0 p=-10000 d=100
@@1: line 1.2- t=100 -> @@0

@firstpass
@secondpass
\T1/ptm/m/n/12 Berdasarkan la-tar be-la-kang se-ba-gai-ma-na di-u-ra-ik-an di atas, ma-ka da-pat di-i-den-ti-fi-ka-si 
@ via @@0 b=244 p=0 d=74516
@@1: line 1.0 t=74516 -> @@0
per-ma-sa-lah-an se-ba-gai ber-i-kut: 
@\par via @@1 b=0 p=-10000 d=10100
@@2: line 2.2- t=84616 -> @@1

@firstpass
[] 
@\par via @@0 b=0 p=-10000 d=100
@@1: line 1.2- t=100 -> @@0

File: image/Logo_Universitas_Telkom_Horizontal.png Graphic file (type png)
<use image/Logo_Universitas_Telkom_Horizontal.png>
Package pdftex.def Info: image/Logo_Universitas_Telkom_Horizontal.png  used on input line 20.
(pdftex.def)             Requested size: 77.11923pt x 34.14322pt.
@firstpass
[][] 
@ via @@0 b=0 p=0 d=100
@@1: line 1.2 t=100 -> @@0
|
@\par via @@0 b=0 p=-10000 d=100
@\par via @@1 b=0 p=-10000 d=100
@@2: line 1.2- t=100 -> @@0

@firstpass
[]
@\par via @@0 b=0 p=-10000 d=100
@@1: line 1.2- t=100 -> @@0

@firstpass
[] 
@\par via @@0 b=0 p=-10000 d=100
@@1: line 1.2- t=100 -> @@0

@firstpass
[]
@\par via @@0 b=0 p=-10000 d=100
@@1: line 1.2- t=100 -> @@0

@firstpass
[]\T1/ptm/m/n/12 2|
@\par via @@0 b=0 p=-10000 d=100
@@1: line 1.2- t=100 -> @@0

[2]
@firstpass
[]\T1/ptm/m/n/12 Bagaimana cara membangun platform logistik digital untuk menyalurkan surplus 
@ via @@0 b=84 p=0 d=8836
@@1: line 1.3 t=8836 -> @@0
pangan dari penyedia kepada masyarakat rentan? 
@\par via @@1 b=0 p=-10000 d=100
@@2: line 2.2- t=8936 -> @@1

@firstpass
[]\T1/ptm/m/n/12 Bagaimana mengimplementasikan teknologi yang dapat memvalidasi kelayakan 
@ via @@0 b=0 p=0 d=100
@@1: line 1.2 t=100 -> @@0
makanan secara visual? 
@\par via @@1 b=0 p=-10000 d=100
@@2: line 2.2- t=200 -> @@1

@firstpass
@secondpass
[]\T1/ptm/m/n/12 Bagaimana mem-ba-ngun sis-tem ma-na-je-men pe-la-por-an dan va-li-da-si dis-tri-bu-si 
@ via @@0 b=287 p=0 d=98209
@@1: line 1.0 t=98209 -> @@0
yang trans-par-an un-tuk men-ce-gah pe-nya-la-hgu-na-an do-na-si? 
@\par via @@1 b=0 p=-10000 d=10100
@@2: line 2.2- t=108309 -> @@1

@firstpass
|[]\T1/ptm/b/n/17.28 Tujuan| 
@\par via @@0 b=0 p=-10000 d=100
@@1: line 1.2- t=100 -> @@0

@firstpass
\T1/ptm/m/n/12 Berdasarkan identifikasi masalah diatas, maka dapat dirumuskan tujuan dari penulisan 
@ via @@0 b=48 p=0 d=3364
@@1: line 1.1 t=3364 -> @@0
proyek akhir ini adalah sebagai berikut: 
@\par via @@1 b=0 p=-10000 d=100
@@2: line 2.2- t=3464 -> @@1

@firstpass
[]\T1/ptm/m/n/12 Merancang platform agregator logistik digital (Food AI Rescue) berbasis PWA 
@ via @@0 b=5 p=0 d=225
@@1: line 1.2 t=225 -> @@0
dengan 6 peran pengguna untuk memfasilitasi distribusi donasi pangan secara 
@ via @@1 b=32 p=0 d=1764
@@2: line 2.1 t=1989 -> @@1
\T1/ptm/m/it/12 real-time\T1/ptm/m/n/12 . 
@\par via @@2 b=0 p=-10000 d=100
@@3: line 3.2- t=2089 -> @@2

@firstpass
[]\T1/ptm/m/n/12 Mengimplementasikan 4 fungsi AI (\T1/ptm/m/it/12 Computer Vision \T1/ptm/m/n/12 dan AI Generatif) guna 
@ via @@0 b=67 p=0 d=5929
@@1: line 1.1 t=5929 -> @@0
memverifikasi kelayakan visual makanan. 
@\par via @@1 b=0 p=-10000 d=100
@@2: line 2.2- t=6029 -> @@1

@firstpass
[]\T1/ptm/m/n/12 Membangun dasbor analitik dampak yang transparan untuk melacak distribusi, 
@ via @@0 b=6 p=0 d=256
@@1: line 1.2 t=256 -> @@0
mencegah penyalahgunaan, serta mengkalkulasi pencapaian metrik SROI dan 
@ via @@1 b=76 p=0 d=7396
@@2: line 2.1 t=7652 -> @@1
reduksi jejak karbon. 
@\par via @@2 b=0 p=-10000 d=100
@@3: line 3.2- t=7752 -> @@2

@firstpass
|[]\T1/ptm/b/n/17.28 Tahapan Pengerjaan| 
@\par via @@0 b=0 p=-10000 d=100
@@1: line 1.2- t=100 -> @@0

@firstpass
\T1/ptm/m/n/12 Dalam pengembangan platform Food AI Rescue, metode rekayasa perangkat lunak yang 
@ via @@0 b=0 p=0 d=100
@@1: line 1.2 t=100 -> @@0
digunakan adalah pendekatan Agile dengan kerangka kerja (framework) Scrum. Metode 
@ via @@1 b=0 p=0 d=100
@@2: line 2.2 t=200 -> @@1
ini dipilih karena sifatnya yang iteratif dan fleksibel, sehingga sangat adaptif terhadap 
@ via @@2 b=50 p=0 d=3600
@@3: line 3.1 t=3800 -> @@2
perubahan kebutuhan sistem yang dinamis, terutama dalam hal pengintegrasian teknologi 
@ via @@3 b=2 p=0 d=144
@@4: line 4.2 t=3944 -> @@3
@secondpass
\T1/ptm/m/n/12 Dalam pe-ngem-bang-an pla-tform Fo-od AI Re-scue, me-to-de re-ka-ya-sa per-ang-kat 
@ via @@0 b=5832 p=0 d=34138964
@@1: line 1.0 t=34138964 -> @@0
lu-nak 
@ via @@0 b=471 p=0 d=241361
@@2: line 1.0 t=241361 -> @@0
yang 
@ via @@0 b=0 p=0 d=100
@@3: line 1.2 t=100 -> @@0
di-gu-nak-an ada-lah pen-de-kat-an Agi-le de-ngan ke-rang-ka ker-ja (fra-me-work) 
@ via @@1 b=357 p=0 d=134689
@ via @@2 b=5403 p=0 d=29300569
@@4: line 2.0 t=29541930 -> @@2
Scrum. 
@ via @@2 b=118 p=0 d=16384
@ via @@3 b=2744 p=0 d=7594516
@@5: line 2.0 t=257745 -> @@2
Me-to-de 
@ via @@3 b=0 p=0 d=100
@@6: line 2.2 t=200 -> @@3
ini di-pi-lih ka-re-na si-fat-nya yang ite-ra-tif dan flek-si-bel, se-hing-ga 
@ via @@4 b=1360 p=0 d=1876900
@@7: line 3.0 t=31418830 -> @@4
sa-ngat 
@ via @@4 b=51 p=0 d=3721
@ via @@5 b=2961 p=0 d=8826841
@@8: line 3.0 t=9084586 -> @@5
adap-tif 
@ via @@5 b=107 p=0 d=13689
@ via @@6 b=3503 p=0 d=12351169
@@9: line 3.0 t=271434 -> @@5
ter-ha-dap 
@ via @@6 b=50 p=0 d=3600
@@10: line 3.1 t=3800 -> @@6
per-u-bah-an ke-bu-tuh-an sis-tem yang di-na-mis, ter-u-ta-ma 
@ via @@7 b=6961 p=0 d=48594841
@@11: line 4.0 t=80013671 -> @@7
da-lam 
@ via @@7 b=515 p=0 d=275625
@ via @@8 b=7397 p=0 d=54863649
@@12: line 4.0 t=31694455 -> @@7
hal 
@ via @@7 b=22 p=0 d=1024
@ via @@8 b=1931 p=0 d=3767481
@@13: line 4.0 t=12852067 -> @@8
pe-ngin-te-gra-si-an 
@ via @@9 b=0 p=0 d=10100
@ via @@10 b=3078 p=0 d=9535744
@@14: line 4.2 t=281534 -> @@9
tek-no-lo-gi 
@ via @@10 b=2 p=0 d=144
@@15: line 4.2 t=3944 -> @@10
ke-ce-rdas-an bu-at-an (Ar-ti-fi-ci-al In-te-lli-gen-ce) 
@ via @@11 b=5490 p=0 d=30250000
@@16: line 5.0 t=110263671 -> @@11
se-ca-ra 
@ via @@11 b=111 p=0 d=14641
@ via @@12 b=5274 p=0 d=27920656
@@17: line 5.0 t=59615111 -> @@12
real-time 
@ via @@12 b=0 p=0 d=10100
@ via @@13 b=321 p=0 d=109561
@@18: line 5.0 t=12961628 -> @@13
ke 
@ via @@13 b=3 p=0 d=10169
@@19: line 5.2 t=12862236 -> @@13
da-lam 
@ via @@14 b=4403 p=0 d=19484569
@@20: line 5.0 t=19766103 -> @@14
apli-ka-si. 
@ via @@14 b=10 p=0 d=400
@ via @@15 b=5832 p=0 d=34138964
@@21: line 5.2 t=281934 -> @@14
Pro-ses 
@ via @@15 b=116 p=0 d=25876
@@22: line 5.0 t=29820 -> @@15
pe-ngem-bang-an di-ba-gi ke da-lam 
@ via @@16 b=4531 p=0 d=20620681
@@23: line 6.0 t=130884352 -> @@16
siklus-siklus 
@ via @@16 b=4 p=0 d=10196
@ via @@17 b=857 p=0 d=751689
@@24: line 6.0 t=60366800 -> @@17
ke-cil 
@ via @@17 b=29 p=0 d=1521
@ via @@18 b=2875 p=0 d=8323225
@ via @@19 b=7186 p=0 d=51792416
@@25: line 6.0 t=21284853 -> @@18
yang 
@ via @@18 b=401 p=0 d=168921
@ via @@19 b=1472 p=0 d=2206324
@@26: line 6.0 t=13130549 -> @@18
ber-u-lang 
@ via @@19 b=0 p=0 d=100
@ via @@20 b=594 p=0 d=364816
@@27: line 6.2 t=12862336 -> @@19
un-tuk 
@ via @@20 b=2 p=0 d=10144
@ via @@21 b=2865 p=0 d=8275625
@@28: line 6.0 t=8557559 -> @@21
me-mas-tik-an 
@ via @@22 b=285 p=0 d=87025
@@29: line 6.0 t=116845 -> @@22
se-ti-ap mo-dul da-pat di-ri-lis, 
@ via @@23 b=3009 p=0 d=9114361
@@30: line 7.0 t=139998713 -> @@23
di-e-va-lu-a-si, 
@ via @@23 b=14 p=0 d=10576
@ via @@24 b=4531 p=0 d=20620681
@@31: line 7.0 t=80987481 -> @@24
dan 
@ via @@24 b=879 p=0 d=790321
@ via @@25 b=5548 p=0 d=30891364
@@32: line 7.0 t=52176217 -> @@25
di-sem-pur-nak-an 
@ via @@26 b=71 p=0 d=6561
@ via @@27 b=6094 p=0 d=37268816
@@33: line 7.1 t=13137110 -> @@26
se-ca-ra 
@ via @@27 b=404 p=0 d=181396
@ via @@28 b=5331 p=0 d=28526281
@@34: line 7.0 t=13043732 -> @@27
ber-ta-hap. 
@\par via @@28 b=0 p=-10000 d=10100
@\par via @@29 b=0 p=-10000 d=10100
@\par via @@30 b=0 p=-10000 d=10100
@\par via @@31 b=0 p=-10000 d=10100
@\par via @@32 b=0 p=-10000 d=10100
@\par via @@33 b=0 p=-10000 d=100
@\par via @@34 b=0 p=-10000 d=10100
@@35: line 7.2- t=126945 -> @@29

@firstpass
|[]\T1/ptm/b/n/14.4 Produk Backlog| 
@\par via @@0 b=0 p=-10000 d=100
@@1: line 1.2- t=100 -> @@0

@firstpass
@secondpass
\T1/ptm/m/it/12 Product Bac-klog \T1/ptm/m/n/12 me-ru-pak-an daf-tar pri-o-ri-tas uta-ma yang ber-i-si se-lu-ruh fi-tur, 
@ via @@0 b=6268 p=0 d=39423284
@@1: line 1.0 t=39423284 -> @@0
fung-si, 
@ via @@0 b=364 p=0 d=149876
@@2: line 1.0 t=149876 -> @@0
per-ba-ik-an, dan ke-bu-tuh-an sis-tem yang ha-rus di-ba-ngun da-lam pla-tform 
@ via @@1 b=3209 p=0 d=10361961
@@3: line 2.0 t=49785245 -> @@1
Fo-od 
@ via @@1 b=287 p=0 d=88209
@ via @@2 b=5374 p=0 d=28987456
@@4: line 2.0 t=29137332 -> @@2
AI 
@ via @@1 b=16 p=0 d=676
@ via @@2 b=1675 p=0 d=2839225
@@5: line 2.0 t=2989101 -> @@2
Re-scue. 
@ via @@2 b=3 p=0 d=10169
@@6: line 2.2 t=160045 -> @@2
Daf-tar ini di-ke-lo-la se-ca-ra di-na-mis un-tuk me-mas-tik-an pe-ngem-bang-an 
@ via @@3 b=25 p=0 d=1225
@ via @@4 b=896 p=0 d=820836
@ via @@5 b=3138 p=0 d=9909904
@@7: line 3.0 t=12899005 -> @@5
ter-a-rah 
@ via @@4 b=1 p=0 d=10121
@ via @@5 b=110 p=0 d=14400
@ via @@6 b=7925 p=0 d=62974225
@@8: line 3.0 t=3003501 -> @@5
pa-da 
@ via @@5 b=45 p=0 d=13025
@ via @@6 b=1117 p=0 d=1280129
@@9: line 3.0 t=1440174 -> @@6
ni-lai 
@ via @@6 b=29 p=0 d=1521
@@10: line 3.1 t=161566 -> @@6
man-fa-at apli-ka-si. Be-be-ra-pa item uta-ma da-lam \T1/ptm/m/it/12 Pro-du-ct 
@ via @@7 b=6493 p=0 d=42289009
@@11: line 4.0 t=55188014 -> @@7
Bac-klog
@\kern via @@7 b=530 p=0 d=291600
@\kern via @@8 b=5203 p=0 d=27175369
@@12: line 4.0 t=13190605 -> @@7
 \T1/ptm/m/n/12 pa-da 
@ via @@7 b=13 p=0 d=529
@ via @@8 b=1117 p=0 d=1270129
@ via @@9 b=5203 p=0 d=27175369
@@13: line 4.0 t=4273630 -> @@8
pro-yek 
@ via @@8 b=14 p=0 d=576
@ via @@9 b=533 p=0 d=294849
@ via @@10 b=3078 p=0 d=9535744
@@14: line 4.0 t=1735023 -> @@9
ini 
@ via @@8 b=8 p=0 d=10324
@ via @@9 b=84 p=0 d=8836
@ via @@10 b=991 p=0 d=1002001
@@15: line 4.0 t=1163567 -> @@10
me-li-pu-ti: 
@\par via @@10 b=0 p=-10000 d=100
@\par via @@11 b=0 p=-10000 d=10100
@\par via @@12 b=0 p=-10000 d=10100
@\par via @@13 b=0 p=-10000 d=10100
@\par via @@14 b=0 p=-10000 d=10100
@\par via @@15 b=0 p=-10000 d=10100
@@16: line 4.2- t=161666 -> @@10

@firstpass
[] 
@\par via @@0 b=0 p=-10000 d=100
@@1: line 1.2- t=100 -> @@0

File: image/Logo_Universitas_Telkom_Horizontal.png Graphic file (type png)
<use image/Logo_Universitas_Telkom_Horizontal.png>
Package pdftex.def Info: image/Logo_Universitas_Telkom_Horizontal.png  used on input line 62.
(pdftex.def)             Requested size: 77.11923pt x 34.14322pt.
@firstpass
[][] 
@ via @@0 b=0 p=0 d=100
@@1: line 1.2 t=100 -> @@0
|
@\par via @@0 b=0 p=-10000 d=100
@\par via @@1 b=0 p=-10000 d=100
@@2: line 1.2- t=100 -> @@0

@firstpass
[]
@\par via @@0 b=0 p=-10000 d=100
@@1: line 1.2- t=100 -> @@0

@firstpass
[] 
@\par via @@0 b=0 p=-10000 d=100
@@1: line 1.2- t=100 -> @@0

@firstpass
[]
@\par via @@0 b=0 p=-10000 d=100
@@1: line 1.2- t=100 -> @@0

@firstpass
[]\T1/ptm/m/n/12 3|
@\par via @@0 b=0 p=-10000 d=100
@@1: line 1.2- t=100 -> @@0

 [3]
@firstpass
@secondpass
[]\T1/ptm/b/n/12 Rancang ulang da-ta-ba-se: \T1/ptm/m/it/12 Bac-klog \T1/ptm/m/n/12 ini ber-fo-kus pa-da pem-ba-ru-an struk-tur 
@ via @@0 b=587 p=0 d=366409
@@1: line 1.0 t=366409 -> @@0
pe-nyim-pan-an da-ta apli-ka-si da-ri awal hing-ga si-ap ber-o-pe-ra-si. Ta-ha-pan-nya 
@ via @@1 b=692 p=0 d=492804
@@2: line 2.0 t=859213 -> @@1
sa-ngat 
@ via @@1 b=0 p=0 d=10100
@@3: line 2.2 t=376509 -> @@1
@emergencypass
[]\T1/ptm/b/n/12 Rancang ulang da-ta-ba-se: \T1/ptm/m/it/12 Bac-klog \T1/ptm/m/n/12 ini ber-fo-kus 
@ via @@0 b=3557 p=0 d=12733489
@@1: line 1.0 t=12733489 -> @@0
pa-da 
@ via @@0 b=1817 p=0 d=3347929
@@2: line 1.0 t=3347929 -> @@0
pem-ba-ru-an 
@ via @@0 b=275 p=0 d=91225
@@3: line 1.0 t=91225 -> @@0
struk-tur 
@ via @@0 b=18 p=0 d=784
@@4: line 1.1 t=784 -> @@0
pe-nyim-pan-an da-ta 
@ via @@1 b=6944 p=0 d=48358116
@@5: line 2.0 t=61091605 -> @@1
apli-ka-si 
@ via @@1 b=2781 p=0 d=7789681
@ via @@2 b=5331 p=0 d=28526281
@@6: line 2.0 t=20523170 -> @@1
da-ri 
@ via @@1 b=1454 p=0 d=2143296
@ via @@2 b=3039 p=0 d=9296401
@@7: line 2.0 t=12644330 -> @@2
awal 
@ via @@1 b=604 p=0 d=376996
@ via @@2 b=1466 p=0 d=2178576
@ via @@3 b=5578 p=0 d=31225744
@@8: line 2.0 t=5526505 -> @@2
hing-ga 
@ via @@1 b=111 p=0 d=14641
@ via @@2 b=419 p=0 d=184041
@ via @@3 b=2435 p=0 d=5978025
@ via @@4 b=6063 p=0 d=36881329
@@9: line 2.0 t=3531970 -> @@2
si-ap 
@ via @@1 b=18 p=0 d=784
@ via @@2 b=135 p=0 d=21025
@ via @@3 b=1253 p=0 d=1595169
@ via @@4 b=3557 p=0 d=12723489
@@10: line 2.0 t=1686394 -> @@3
ber-o-pe-ra-si. 
@ via @@2 b=0 p=0 d=10100
@ via @@3 b=137 p=0 d=21609
@ via @@4 b=795 p=0 d=648025
@ via @@5 b=7415 p=0 d=55130625
@@11: line 2.0 t=112834 -> @@3
Ta-ha-pan-nya 
@ via @@4 b=27 p=0 d=1369
@ via @@5 b=1584 p=0 d=2540836
@ via @@6 b=4108 p=0 d=16957924
@ via @@7 b=6658 p=0 d=44462224
@@12: line 2.1 t=2153 -> @@4
sa-ngat 
@ via @@4 b=0 p=0 d=100
@ via @@5 b=555 p=0 d=319225
@ via @@6 b=1852 p=0 d=3467044
@ via @@7 b=3271 p=0 d=10764961
@ via @@8 b=5817 p=0 d=33953929
@@13: line 2.2 t=884 -> @@4
komp-re-hen-sif, 
@ via @@5 b=5 p=0 d=10225
@ via @@6 b=155 p=0 d=27225
@ via @@7 b=438 p=0 d=200704
@ via @@8 b=1107 p=0 d=1247689
@ via @@9 b=2941 p=0 d=8708401
@ via @@10 b=5147 p=0 d=26594649
@@14: line 3.0 t=6774194 -> @@8
di-mu-lai 
@ via @@6 b=5 p=0 d=10225
@ via @@7 b=51 p=0 d=3721
@ via @@8 b=239 p=0 d=62001
@ via @@9 b=958 p=0 d=937024
@ via @@10 b=1939 p=0 d=3798601
@@15: line 3.0 t=4468994 -> @@9
da-ri 
@ via @@6 b=2 p=0 d=10144
@ via @@7 b=5 p=0 d=10225
@ via @@8 b=66 p=0 d=5776
@ via @@9 b=419 p=0 d=184041
@ via @@10 b=977 p=0 d=974169
@ via @@11 b=5175 p=0 d=26884225
@@16: line 3.0 t=2660563 -> @@10
me-ran-cang 
@ via @@9 b=11 p=0 d=10441
@ via @@10 b=86 p=0 d=9216
@ via @@11 b=1270 p=0 d=1638400
@ via @@12 b=5667 p=0 d=32228329
@@17: line 3.1 t=1695610 -> @@10
de-sa-in 
@ via @@10 b=2 p=0 d=10144
@ via @@11 b=350 p=0 d=129600
@ via @@12 b=2521 p=0 d=6405961
@ via @@13 b=5667 p=0 d=32238329
@@18: line 3.0 t=242434 -> @@11
\T1/ptm/m/it/12 da-ta-ba-se
@\kern via @@11 b=13 p=0 d=529
@\kern via @@12 b=604 p=0 d=376996
@\kern via @@13 b=1859 p=0 d=3503161
@@19: line 3.1 t=113363 -> @@11
 \T1/ptm/m/n/12 ba-ru, 
@ via @@11 b=15 p=0 d=10625
@ via @@12 b=168 p=0 d=31684
@ via @@13 b=752 p=0 d=590644
@ via @@14 b=4995 p=0 d=25050025
@@20: line 3.0 t=33837 -> @@12
meng-im-ple-men-ta-si-kan-nya 
@ via @@14 b=40 p=0 d=2500
@ via @@15 b=449 p=0 d=210681
@ via @@16 b=1102 p=0 d=1236544
@ via @@17 b=4967 p=0 d=24770529
@@21: line 4.0 t=3897107 -> @@16
ke 
@ via @@14 b=7 p=0 d=10289
@ via @@15 b=209 p=0 d=47961
@ via @@16 b=601 p=0 d=373321
@ via @@17 b=3250 p=0 d=10627600
@ via @@18 b=7151 p=0 d=51279921
@@22: line 4.0 t=3033884 -> @@16
da-lam 
@ via @@15 b=18 p=0 d=784
@ via @@16 b=116 p=0 d=15876
@ via @@17 b=1281 p=0 d=1666681
@ via @@18 b=3343 p=0 d=11242609
@@23: line 4.0 t=2676439 -> @@16
ba-ha-sa 
@ via @@16 b=2 p=0 d=10144
@ via @@17 b=325 p=0 d=112225
@ via @@18 b=1205 p=0 d=1476225
@ via @@19 b=4181 p=0 d=17564481
@ via @@20 b=8151 p=0 d=66601921
@@24: line 4.0 t=1718659 -> @@18
SQL, 
@ via @@17 b=57 p=0 d=4489
@ via @@18 b=401 p=0 d=168921
@ via @@19 b=1946 p=0 d=3825936
@ via @@20 b=4193 p=0 d=17665209
@@25: line 4.0 t=411355 -> @@18
hing-ga 
@ via @@17 b=0 p=0 d=100
@ via @@18 b=50 p=0 d=3600
@ via @@19 b=601 p=0 d=373321
@ via @@20 b=1616 p=0 d=2643876
@@26: line 4.1 t=246034 -> @@18
me-la-kuk-an 
@ via @@19 b=22 p=0 d=1024
@ via @@20 b=182 p=0 d=36864
@ via @@21 b=7326 p=0 d=53816896
@@27: line 4.0 t=70701 -> @@20
pe-ngu-ji-an 
@ via @@20 b=0 p=0 d=10100
@ via @@21 b=2503 p=0 d=6315169
@ via @@22 b=3815 p=0 d=14630625
@ via @@23 b=7796 p=0 d=60933636
@@28: line 4.2 t=43937 -> @@20
awal. 
@ via @@21 b=1097 p=0 d=1225449
@ via @@22 b=1796 p=0 d=3261636
@ via @@23 b=4132 p=0 d=17156164
@@29: line 5.0 t=5122556 -> @@21
Se-te-lah 
@ via @@21 b=203 p=0 d=45369
@ via @@22 b=399 p=0 d=167281
@ via @@23 b=1205 p=0 d=1476225
@ via @@24 b=3049 p=0 d=9357481
@ via @@25 b=5802 p=0 d=33779344
@@30: line 5.0 t=3201165 -> @@22
ke-rang-ka 
@ via @@21 b=5 p=0 d=10225
@ via @@22 b=27 p=0 d=1369
@ via @@23 b=221 p=0 d=53361
@ via @@24 b=883 p=0 d=797449
@ via @@25 b=2065 p=0 d=4305625
@ via @@26 b=4765 p=0 d=22800625
@@31: line 5.0 t=2516108 -> @@24
se-le-sai, 
@ via @@22 b=15 p=0 d=10625
@ via @@23 b=16 p=0 d=676
@ via @@24 b=198 p=0 d=43264
@ via @@25 b=663 p=0 d=452929
@ via @@26 b=1960 p=0 d=3880900
@ via @@27 b=6445 p=0 d=41667025
@@32: line 5.0 t=864284 -> @@25
lang-kah 
@ via @@24 b=9 p=0 d=10361
@ via @@25 b=103 p=0 d=12769
@ via @@26 b=543 p=0 d=305809
@ via @@27 b=2626 p=0 d=6948496
@ via @@28 b=7256 p=0 d=52804756
@@33: line 5.0 t=424124 -> @@25
se-lan-jut-nya 
@ via @@25 b=94 p=0 d=20816
@ via @@26 b=20 p=0 d=900
@ via @@27 b=509 p=0 d=269361
@ via @@28 b=2253 p=0 d=5131169
@ via @@29 b=5741 p=0 d=33074001
@@34: line 5.1 t=246934 -> @@26
ada-lah 
@ via @@26 b=39 p=0 d=12401
@ via @@27 b=100 p=0 d=12100
@ via @@28 b=849 p=0 d=747881
@ via @@29 b=2529 p=0 d=6446521
@ via @@30 b=6173 p=0 d=38229489
@@35: line 5.0 t=82801 -> @@27
me-ma-sukk-an 
@ via @@28 b=33 p=0 d=1849
@ via @@29 b=273 p=0 d=80089
@ via @@30 b=1231 p=0 d=1540081
@ via @@31 b=4279 p=0 d=18395521
@@36: line 5.1 t=45786 -> @@28
da-ta 
@ via @@28 b=1 p=0 d=121
@ via @@29 b=66 p=0 d=5776
@ via @@30 b=515 p=0 d=275625
@ via @@31 b=2302 p=0 d=5345344
@ via @@32 b=5878 p=0 d=34668544
@@37: line 5.2 t=44058 -> @@28
re-ka-an 
@ via @@29 b=0 p=0 d=10100
@ via @@30 b=82 p=0 d=8464
@ via @@31 b=776 p=0 d=617796
@ via @@32 b=2538 p=0 d=6492304
@ via @@33 b=6542 p=0 d=42928704
@@38: line 6.0 t=3133904 -> @@31
(\T1/ptm/m/it/12 dum-my 
@ via @@30 b=0 p=0 d=10100
@ via @@31 b=114 p=0 d=15376
@ via @@32 b=710 p=0 d=518400
@ via @@33 b=2503 p=0 d=6315169
@@39: line 6.0 t=1382684 -> @@32
da-ta\T1/ptm/m/n/12 ) 
@ via @@31 b=9 p=0 d=10361
@ via @@32 b=198 p=0 d=43264
@ via @@33 b=1057 p=0 d=1138489
@ via @@34 b=4608 p=0 d=21325924
@@40: line 6.0 t=907548 -> @@32
un-tuk 
@ via @@32 b=22 p=0 d=1024
@ via @@33 b=323 p=0 d=110889
@ via @@34 b=2158 p=0 d=4700224
@ via @@35 b=4954 p=0 d=24641296
@@41: line 6.0 t=535013 -> @@33
uji 
@ via @@32 b=2 p=0 d=10144
@ via @@33 b=137 p=0 d=21609
@ via @@34 b=1303 p=0 d=1723969
@ via @@35 b=3250 p=0 d=10627600
@@42: line 6.0 t=445733 -> @@33
co-ba, 
@ via @@33 b=14 p=0 d=576
@ via @@34 b=483 p=0 d=243049
@ via @@35 b=1509 p=0 d=2307361
@ via @@36 b=6445 p=0 d=41667025
@@43: line 6.1 t=424700 -> @@33
meng-o-nek-sik-an 
@ via @@34 b=0 p=0 d=100
@ via @@35 b=51 p=0 d=3721
@ via @@36 b=1062 p=0 d=1149184
@ via @@37 b=2150 p=0 d=4675600
@ via @@38 b=4954 p=0 d=24641296
@@44: line 6.1 t=86522 -> @@35
ba-sis 
@ via @@35 b=2 p=0 d=10144
@ via @@36 b=396 p=0 d=164836
@ via @@37 b=949 p=0 d=929681
@ via @@38 b=2573 p=0 d=6671889
@ via @@39 b=6412 p=0 d=41242084
@@45: line 6.2 t=92945 -> @@35
da-ta 
@ via @@36 b=127 p=0 d=18769
@ via @@37 b=396 p=0 d=174836
@ via @@38 b=1325 p=0 d=1782225
@ via @@39 b=3769 p=0 d=14280841
@ via @@40 b=6995 p=0 d=49070025
@@46: line 6.0 t=64555 -> @@36
ter-se-but 
@ via @@36 b=2 p=0 d=144
@ via @@37 b=41 p=0 d=2601
@ via @@38 b=316 p=0 d=106276
@ via @@39 b=1354 p=0 d=1860496
@ via @@40 b=2941 p=0 d=8708401
@ via @@41 b=5878 p=0 d=34668544
@@47: line 6.1 t=46659 -> @@37
@@48: line 6.2 t=45930 -> @@36
ke 
@ via @@36 b=0 p=0 d=100
@ via @@37 b=9 p=0 d=361
@ via @@38 b=149 p=0 d=25281
@ via @@39 b=816 p=0 d=682276
@ via @@40 b=1917 p=0 d=3713329
@ via @@41 b=4048 p=0 d=16467364
@ via @@42 b=6032 p=0 d=36505764
@@49: line 6.2 t=44419 -> @@37
apli-ka-si 
@ via @@38 b=4 p=0 d=10196
@ via @@39 b=159 p=0 d=28561
@ via @@40 b=558 p=0 d=322624
@ via @@41 b=1509 p=0 d=2307361
@ via @@42 b=2443 p=0 d=6017209
@ via @@43 b=5050 p=0 d=25603600
@@50: line 7.0 t=1230172 -> @@40
uta-ma, 
@ via @@39 b=10 p=0 d=10400
@ via @@40 b=110 p=0 d=14400
@ via @@41 b=471 p=0 d=231361
@ via @@42 b=879 p=0 d=790321
@ via @@43 b=2158 p=0 d=4700224
@@51: line 7.0 t=766374 -> @@41
dan 
@ via @@39 b=0 p=0 d=10100
@ via @@40 b=23 p=0 d=1089
@ via @@41 b=179 p=0 d=35721
@ via @@42 b=386 p=0 d=156816
@ via @@43 b=1117 p=0 d=1270129
@ via @@44 b=6428 p=0 d=41447844
@@52: line 7.0 t=570734 -> @@41
me-la-kuk-an 
@ via @@41 b=0 p=0 d=10100
@ via @@42 b=9 p=0 d=10361
@ via @@43 b=114 p=0 d=15376
@ via @@44 b=1975 p=0 d=3940225
@ via @@45 b=3895 p=0 d=15259025
@ via @@46 b=6592 p=0 d=43586404
@@53: line 7.0 t=440076 -> @@43
pe-ngu-ji-an 
@ via @@43 b=0 p=0 d=100
@ via @@44 b=411 p=0 d=177241
@ via @@45 b=1097 p=0 d=1235449
@ via @@46 b=2197 p=0 d=4870849
@ via @@47 b=5607 p=0 d=31550689
@ via @@48 b=5607 p=0 d=31560689
@ via @@49 b=8056 p=0 d=65070356
@@54: line 7.0 t=263763 -> @@44
akhir 
@ via @@44 b=104 p=0 d=12996
@ via @@45 b=401 p=0 d=178921
@ via @@46 b=958 p=0 d=937024
@ via @@47 b=2932 p=0 d=8655364
@ via @@48 b=2932 p=0 d=8665364
@ via @@49 b=4378 p=0 d=19264544
@@55: line 7.0 t=99518 -> @@44
(\T1/ptm/m/it/12 fi-nal 
@ via @@44 b=9 p=0 d=361
@ via @@45 b=96 p=0 d=11236
@ via @@46 b=325 p=0 d=112225
@ via @@47 b=1348 p=0 d=1844164
@ via @@48 b=1348 p=0 d=1854164
@ via @@49 b=2150 p=0 d=4675600
@ via @@50 b=5460 p=0 d=29920900
@@56: line 7.2 t=86883 -> @@44
tes-ting\T1/ptm/m/n/12 ) 
@ via @@45 b=1 p=0 d=121
@ via @@46 b=31 p=0 d=1681
@ via @@47 b=350 p=0 d=129600
@ via @@48 b=350 p=0 d=139600
@ via @@49 b=652 p=0 d=448244
@ via @@50 b=2213 p=0 d=4941729
@ via @@51 b=5274 p=0 d=27920656
@@57: line 7.1 t=66236 -> @@46
un-tuk 
@ via @@46 b=0 p=0 d=10100
@ via @@47 b=68 p=0 d=6084
@ via @@48 b=68 p=0 d=6084
@ via @@49 b=171 p=0 d=42761
@ via @@50 b=892 p=0 d=813604
@ via @@51 b=2547 p=0 d=6538249
@ via @@52 b=4378 p=0 d=19254544
@@58: line 7.1 t=52014 -> @@48
me-mas-tik-an 
@ via @@49 b=0 p=0 d=100
@ via @@50 b=48 p=0 d=3364
@ via @@51 b=379 p=0 d=151321
@ via @@52 b=874 p=0 d=781456
@ via @@53 b=3942 p=0 d=15618304
@@59: line 7.2 t=44519 -> @@49
ti-dak 
@ via @@50 b=1 p=0 d=10121
@ via @@51 b=88 p=0 d=9604
@ via @@52 b=285 p=0 d=87025
@ via @@53 b=1931 p=0 d=3767481
@ via @@54 b=6063 p=0 d=36881329
@@60: line 8.0 t=657759 -> @@52
ada 
@ via @@51 b=16 p=0 d=676
@ via @@52 b=92 p=0 d=10404
@ via @@53 b=1024 p=0 d=1069156
@ via @@54 b=3758 p=0 d=14197824
@ via @@55 b=6944 p=0 d=48358116
@@61: line 8.1 t=581138 -> @@52
ke-bo-cor-an 
@ via @@52 b=34 p=0 d=11936
@ via @@53 b=108 p=0 d=13924
@ via @@54 b=949 p=0 d=919681
@ via @@55 b=2197 p=0 d=4870849
@ via @@56 b=4492 p=0 d=20278004
@@62: line 8.0 t=454000 -> @@53
atau 
@ via @@53 b=16 p=0 d=676
@ via @@54 b=394 p=0 d=163216
@ via @@55 b=1087 p=0 d=1203409
@ via @@56 b=2486 p=0 d=6240016
@ via @@57 b=6016 p=0 d=36312676
@@63: line 8.0 t=426979 -> @@54
ke-sa-lah-an 
@ via @@54 b=17 p=0 d=729
@ via @@55 b=142 p=0 d=23104
@ via @@56 b=543 p=0 d=315809
@ via @@57 b=1917 p=0 d=3713329
@ via @@58 b=4181 p=0 d=17564481
@@64: line 8.0 t=122622 -> @@55
alir-an 
@ via @@54 b=2 p=0 d=10144
@ via @@55 b=12 p=0 d=10484
@ via @@56 b=127 p=0 d=28769
@ via @@57 b=729 p=0 d=546121
@ via @@58 b=1917 p=0 d=3713329
@ via @@59 b=7203 p=0 d=52037369
@@65: line 8.0 t=115652 -> @@56
@@66: line 8.2 t=110002 -> @@55
da-ta. 
@\par via @@55 b=0 p=-10000 d=10100
@\par via @@56 b=0 p=-10000 d=100
@\par via @@57 b=0 p=-10000 d=100
@\par via @@58 b=0 p=-10000 d=100
@\par via @@59 b=0 p=-10000 d=100
@\par via @@60 b=0 p=-10000 d=10100
@\par via @@61 b=0 p=-10000 d=100
@\par via @@62 b=0 p=-10000 d=10100
@\par via @@63 b=0 p=-10000 d=10100
@\par via @@64 b=0 p=-10000 d=10100
@\par via @@65 b=0 p=-10000 d=10100
@\par via @@66 b=0 p=-10000 d=100
@@67: line 8.2- t=44619 -> @@59


Underfull \hbox (badness 10000) in paragraph at lines 62--63
\T1/ptm/m/n/12 sa-ngat komp-re-hen-sif, di-mu-lai da-ri me-ran-cang de-sa-in \T1/ptm/m/it/12 da-ta-ba-se \T1/ptm/m/n/12 ba-ru,
 []

@firstpass
@secondpass
[]\T1/ptm/b/n/12 Revisi Fron-tend: \T1/ptm/m/it/12 Bac-klog \T1/ptm/m/n/12 ke-dua ini ber-tu-ju-an un-tuk me-nyem-pur-nak-an 
@ via @@0 b=2302 p=0 d=5355344
@@1: line 1.0 t=5355344 -> @@0
an-tar-mu-ka peng-gu-na (UI) dan pe-nga-lam-an peng-gu-na (UX) pa-da apli-ka-si. 
@ via @@1 b=1107 p=0 d=1247689
@@2: line 2.0 t=6603033 -> @@1
Pe-nger-ja-an-nya di-mu-lai de-ngan meng-a-na-li-sis \T1/ptm/m/it/12 bug \T1/ptm/m/n/12 atau ke-ca-cat-an vi-su-al 
@ via @@2 b=4647 p=0 d=21687649
@@3: line 3.0 t=28290682 -> @@2
yang 
@ via @@2 b=230 p=0 d=57600
@@4: line 3.0 t=6660633 -> @@2
ada 
@ via @@2 b=0 p=0 d=10100
@@5: line 3.2 t=6613133 -> @@2
di se-lu-ruh mo-dul apli-ka-si. Se-te-lah ma-sa-lah ter-i-den-ti-fi-ka-si, 
@ via @@3 b=3746 p=0 d=14107536
@@6: line 4.0 t=42398218 -> @@3
di-la-kuk-an 
@ via @@3 b=12 p=0 d=10484
@ via @@4 b=756 p=0 d=586756
@ via @@5 b=3780 p=0 d=14374100
@@7: line 4.0 t=7247389 -> @@4
re-vi-si 
@ via @@4 b=4 p=0 d=10196
@ via @@5 b=297 p=0 d=104249
@@8: line 4.2 t=6670829 -> @@4
pa-da 
@ via @@5 b=0 p=0 d=100
@@9: line 4.2 t=6613233 -> @@5
ko-de \T1/ptm/m/it/12 fron-tend \T1/ptm/m/n/12 yang di-lan-jutk-an de-ngan im-ple-men-ta-si 
@ via @@6 b=443 p=0 d=205209
@@10: line 5.0 t=42603427 -> @@6
ta-ta 
@ via @@6 b=1 p=0 d=10121
@ via @@7 b=5175 p=0 d=26884225
@@11: line 5.0 t=34131614 -> @@7
le-tak 
@ via @@7 b=480 p=0 d=240100
@ via @@8 b=6094 p=0 d=37268816
@@12: line 5.0 t=7487489 -> @@7
dan 
@ via @@7 b=6 p=0 d=10256
@ via @@8 b=1132 p=0 d=1314164
@ via @@9 b=7981 p=0 d=63866081
@@13: line 5.2 t=7257645 -> @@7
tam-pil-an 
@ via @@9 b=116 p=0 d=25876
@@14: line 5.0 t=6639109 -> @@9
ba-ru agar pla-tform Fo-od AI Re-scue ter-li-hat 
@ via @@10 b=4752 p=0 d=22676644
@@15: line 6.0 t=65280071 -> @@10
le-bih 
@ via @@10 b=718 p=0 d=529984
@ via @@11 b=3439 p=0 d=11895601
@@16: line 6.0 t=43133411 -> @@10
ra-pi, 
@ via @@10 b=25 p=0 d=1225
@ via @@11 b=500 p=0 d=260100
@ via @@12 b=3746 p=0 d=14107536
@@17: line 6.0 t=21595025 -> @@12
in-te-rak-tif, 
@ via @@12 b=13 p=0 d=529
@ via @@13 b=454 p=0 d=225296
@@18: line 6.0 t=7482941 -> @@13
@@19: line 6.1 t=7488018 -> @@12
dan 
@ via @@13 b=12 p=0 d=484
@ via @@14 b=2495 p=0 d=6275025
@@20: line 6.2 t=7258129 -> @@13
mu-dah 
@ via @@14 b=85 p=0 d=9025
@@21: line 6.1 t=6648134 -> @@14
di-gu-nak-an oleh pa-ra do-na-tur, re-la-w-an, 
@ via @@15 b=1515 p=0 d=2325625
@@22: line 7.0 t=67605696 -> @@15
ma-u-pun 
@ via @@15 b=0 p=0 d=10100
@ via @@16 b=409 p=0 d=175561
@ via @@17 b=3907 p=0 d=15342889
@@23: line 7.0 t=36937914 -> @@17
pe-ne-ri-ma. 
@\par via @@17 b=0 p=-10000 d=10100
@\par via @@18 b=0 p=-10000 d=10100
@\par via @@19 b=0 p=-10000 d=100
@\par via @@20 b=0 p=-10000 d=100
@\par via @@21 b=0 p=-10000 d=100
@\par via @@22 b=0 p=-10000 d=10100
@\par via @@23 b=0 p=-10000 d=10100
@@24: line 7.2- t=6648234 -> @@21


Underfull \hbox (badness 2302) in paragraph at lines 63--64
[]\T1/ptm/b/n/12 Revisi Fron-tend: \T1/ptm/m/it/12 Bac-klog \T1/ptm/m/n/12 ke-dua ini ber-tu-ju-an un-tuk me-nyem-pur-nak-an
 []


Underfull \hbox (badness 1107) in paragraph at lines 63--64
\T1/ptm/m/n/12 an-tar-mu-ka peng-gu-na (UI) dan pe-nga-lam-an peng-gu-na (UX) pa-da apli-ka-si.
 []

@firstpass
[]\T1/ptm/b/n/12 Implementasi backend: \T1/ptm/m/it/12 Backlog \T1/ptm/m/n/12 ini bergeser ke sisi server untuk memperkuat 
@ via @@0 b=1 p=0 d=121
@@1: line 1.2 t=121 -> @@0
fondasi logika sistem aplikasi. Tugas utama di sini adalah memigrasikan logika 
@ via @@1 b=0 p=0 d=100
@@2: line 2.2 t=221 -> @@1
\T1/ptm/m/it/12 backend \T1/ptm/m/n/12 yang sebelumnya menggunakan AppScript ke lingkungan peladen yang 
@ via @@2 b=9 p=0 d=361
@@3: line 3.2 t=582 -> @@2
baru (seperti Node.js). Selain proses pemindahan, \T1/ptm/m/it/12 backlog \T1/ptm/m/n/12 ini juga mewajibkan 
@ via @@3 b=1 p=0 d=121
@@4: line 4.2 t=703 -> @@3
adanya pengujian \T1/ptm/m/it/12 backend\T1/ptm/m/n/12 , implementasi penanganan eror (\T1/ptm/m/it/12 exceptions\T1/ptm/m/n/12 ) untuk 
@ via @@4 b=88 p=0 d=9604
@@5: line 5.1 t=10307 -> @@4
mencegah sistem \T1/ptm/m/it/12 crash \T1/ptm/m/n/12 saat terjadi anomali, serta pengujian tahap akhir (\T1/ptm/m/it/12 final 
@ via @@5 b=26 p=0 d=1296
@@6: line 6.1 t=11603 -> @@5
testing\T1/ptm/m/n/12 ) untuk menjamin stabilitas aplikasi secara keseluruhan. 
@\par via @@6 b=0 p=-10000 d=100
@@7: line 7.2- t=11703 -> @@6

LaTeX Font Info:    Trying to load font information for T1+cmtt on input line 65.
(/usr/share/texlive/texmf-dist/tex/latex/base/t1cmtt.fd
File: t1cmtt.fd 2022/07/10 v2.5l Standard LaTeX font definitions
)
@firstpass
@secondpass
[]\T1/ptm/b/n/12 Implementasi API KEY AI: \T1/ptm/m/it/12 Bac-klog \T1/ptm/m/n/12 ter-a-khir ini me-ru-pak-an ta-hap 
@ via @@0 b=6526 p=0 d=42729296
@@1: line 1.0 t=42729296 -> @@0
kru-si-al 
@ via @@0 b=261 p=0 d=83441
@@2: line 1.0 t=83441 -> @@0
un-tuk meng-ak-tifk-an fi-tur Ke-ce-rdas-an Bu-at-an (\T1/ptm/m/it/12 Go-o-gle Ge-mi-ni 
@ via @@1 b=7486 p=0 d=56190016
@@3: line 2.0 t=98919312 -> @@1
API\T1/ptm/m/n/12 ) 
@ via @@1 b=649 p=0 d=434281
@@4: line 2.0 t=43163577 -> @@1
yang 
@ via @@1 b=0 p=0 d=10100
@ via @@2 b=1590 p=0 d=2560000
@@5: line 2.0 t=2643441 -> @@2
men-ja-di 
@ via @@2 b=59 p=0 d=14761
@@6: line 2.3 t=98202 -> @@2
in-ti ino-va-si Fo-od AI Re-scue. Tu-gas-nya me-li-pu-ti 
@ via @@3 b=2837 p=0 d=8105409
@@7: line 3.0 t=107024721 -> @@3
pe-ma-sang-an 
@ via @@3 b=2 p=0 d=10144
@ via @@4 b=187 p=0 d=38809
@ via @@5 b=2237 p=0 d=5049009
@@8: line 3.0 t=7692450 -> @@5
atau 
@ via @@4 b=0 p=0 d=10100
@ via @@5 b=275 p=0 d=81225
@ via @@6 b=5726 p=0 d=32911696
@@9: line 3.0 t=2724666 -> @@5
im-ple-men-ta-si 
@ via @@6 b=0 p=0 d=100
@@10: line 3.2 t=98302 -> @@6
\T1/ptm/m/it/12 API Key \T1/ptm/m/n/12 ke da-lam sis-tem, me-re-vi-si kon-fi-gu-ra-si 
@ via @@7 b=10 p=0 d=10400
@@11: line 4.2 t=107035121 -> @@7
\T1/ptm/m/it/12 en-vi-ro-nment
@\kern via @@8 b=11 p=0 d=10441
@\kern via @@9 b=905 p=0 d=837225
@@12: line 4.0 t=3561891 -> @@9
 \T1/ptm/m/n/12 (se-per-ti 
@ via @@10 b=6412 p=0 d=41252084
@@13: line 4.0 t=41350386 -> @@10
fi-le 
@ via @@10 b=1502 p=0 d=2296144
@@14: line 4.0 t=2394446 -> @@10
\T1/cmtt/m/n/12 .env\T1/ptm/m/n/12 ) 
@ via @@10 b=13 p=0 d=529
@@15: line 4.1 t=98831 -> @@10
un-tuk me-mas-tik-an kun-ci ra-ha-sia ter-lin-du-ngi 
@ via @@11 b=376 p=0 d=158996
@@16: line 5.0 t=107194117 -> @@11
de-ngan 
@ via @@12 b=3471 p=0 d=12117361
@@17: line 5.0 t=15679252 -> @@12
am-an, 
@ via @@12 b=79 p=0 d=7921
@ via @@13 b=5274 p=0 d=27920656
@@18: line 5.1 t=3569812 -> @@12
ser-ta 
@ via @@13 b=491 p=0 d=251001
@ via @@14 b=3098 p=0 d=9659664
@@19: line 5.0 t=12054110 -> @@14
me-la-kuk-an 
@ via @@15 b=357 p=0 d=134689
@@20: line 5.0 t=233520 -> @@15
pe-ngu-ji-an (\T1/ptm/m/it/12 tes-ting AI\T1/ptm/m/n/12 ) gu-na me-mas-tik-an 
@ via @@16 b=2065 p=0 d=4305625
@@21: line 6.0 t=111499742 -> @@16
fi-tur 
@ via @@16 b=122 p=0 d=17424
@ via @@17 b=5175 p=0 d=26884225
@@22: line 6.0 t=42563477 -> @@17
in-te-li-jen-si 
@ via @@17 b=3 p=0 d=10169
@ via @@18 b=1694 p=0 d=2903616
@@23: line 6.0 t=6473428 -> @@18
vi-su-al 
@ via @@18 b=4 p=0 d=196
@ via @@19 b=995 p=0 d=1010025
@@24: line 6.2 t=3570008 -> @@18
dan 
@ via @@19 b=29 p=0 d=1521
@@25: line 6.1 t=12055631 -> @@19
ge-ne-ra-tif, 
@ via @@20 b=130 p=0 d=19600
@@26: line 6.0 t=253120 -> @@20
se-per-ti ``Po-li-si Pa-ngan'' un-tuk ve-ri-fi-ka-si 
@ via @@21 b=211 p=0 d=48841
@ via @@22 b=2662 p=0 d=7139584
@@27: line 7.0 t=49703061 -> @@22
ma-kan-an, 
@ via @@22 b=47 p=0 d=13249
@ via @@23 b=2856 p=0 d=8213956
@@28: line 7.0 t=14687384 -> @@23
ber-jal-an 
@ via @@23 b=1 p=0 d=10121
@ via @@24 b=1237 p=0 d=1565009
@ via @@25 b=7030 p=0 d=49561600
@@29: line 7.0 t=5135017 -> @@24
de-ngan 
@ via @@24 b=4 p=0 d=196
@ via @@25 b=166 p=0 d=30976
@@30: line 7.2 t=3570204 -> @@24
aku-rat. 
@\par via @@26 b=0 p=-10000 d=10100
@\par via @@27 b=0 p=-10000 d=10100
@\par via @@28 b=0 p=-10000 d=10100
@\par via @@29 b=0 p=-10000 d=10100
@\par via @@30 b=0 p=-10000 d=100
@@31: line 7.2- t=263220 -> @@26

@firstpass
|[]\T1/ptm/b/n/14.4 Pelaksanaan Sprint| 
@\par via @@0 b=0 p=-10000 d=100
@@1: line 1.2- t=100 -> @@0

@firstpass
@secondpass
\T1/ptm/m/n/12 Pelaksanaan se-ti-ap bac-klog di-ba-gi ke da-lam be-be-ra-pa ta-hap-an sp-rint ter-s-truk-tur 
@ via @@0 b=2310 p=0 d=5392400
@@1: line 1.0 t=5392400 -> @@0
gu-na 
@ via @@0 b=133 p=0 d=30449
@@2: line 1.0 t=30449 -> @@0
me-mas-tik-an pe-nger-ja-an yang ter-u-kur dan efi-si-en. Rin-ci-an ta-hap-an pe-lak-sa-na-an 
@ via @@1 b=142 p=0 d=23104
@ via @@2 b=1968 p=0 d=3912484
@@3: line 2.0 t=3942933 -> @@2
sp-rint 
@ via @@2 b=78 p=0 d=7744
@@4: line 2.1 t=38193 -> @@2
un-tuk masing-masing bac-klog ada-lah se-ba-gai ber-i-kut: 
@\par via @@3 b=0 p=-10000 d=10100
@\par via @@4 b=0 p=-10000 d=100
@@5: line 3.2- t=38293 -> @@4

@firstpass
[] 
@\par via @@0 b=0 p=-10000 d=100
@@1: line 1.2- t=100 -> @@0

File: image/Logo_Universitas_Telkom_Horizontal.png Graphic file (type png)
<use image/Logo_Universitas_Telkom_Horizontal.png>
Package pdftex.def Info: image/Logo_Universitas_Telkom_Horizontal.png  used on input line 69.
(pdftex.def)             Requested size: 77.11923pt x 34.14322pt.
@firstpass
[][] 
@ via @@0 b=0 p=0 d=100
@@1: line 1.2 t=100 -> @@0
|
@\par via @@0 b=0 p=-10000 d=100
@\par via @@1 b=0 p=-10000 d=100
@@2: line 1.2- t=100 -> @@0

@firstpass
[]
@\par via @@0 b=0 p=-10000 d=100
@@1: line 1.2- t=100 -> @@0

@firstpass
[] 
@\par via @@0 b=0 p=-10000 d=100
@@1: line 1.2- t=100 -> @@0

@firstpass
[]
@\par via @@0 b=0 p=-10000 d=100
@@1: line 1.2- t=100 -> @@0

@firstpass
[]\T1/ptm/m/n/12 4|
@\par via @@0 b=0 p=-10000 d=100
@@1: line 1.2- t=100 -> @@0

 [4{/usr/share/texlive/texmf-dist/fonts/enc/dvips/cm-super/cm-super-t1.enc}]
@firstpass
\T1/ptm/m/n/12 Rancang Ulang Database 
@\par via @@0 b=0 p=-10000 d=100
@@1: line 1.2- t=100 -> @@0

LaTeX Font Info:    Trying to load font information for TS1+ptm on input line 73.
 (/usr/share/texlive/texmf-dist/tex/latex/psnfss/ts1ptm.fd
File: ts1ptm.fd 2001/06/04 font definitions for TS1/ptm.
)
@firstpass
[]\T1/ptm/m/n/12 Desain database 
@\par via @@0 b=0 p=-10000 d=100
@@1: line 1.2- t=100 -> @@0

@firstpass
[]\T1/ptm/m/n/12 Implementasi SQL 
@\par via @@0 b=0 p=-10000 d=100
@@1: line 1.2- t=100 -> @@0

@firstpass
[]\T1/ptm/m/n/12 Test database 
@\par via @@0 b=0 p=-10000 d=100
@@1: line 1.2- t=100 -> @@0

@firstpass
[]\T1/ptm/m/n/12 Insert dummy 
@\par via @@0 b=0 p=-10000 d=100
@@1: line 1.2- t=100 -> @@0

@firstpass
[]\T1/ptm/m/n/12 Koneksikan dengan aplikasi 
@\par via @@0 b=0 p=-10000 d=100
@@1: line 1.2- t=100 -> @@0

@firstpass
[]\T1/ptm/m/n/12 Final testing 
@\par via @@0 b=0 p=-10000 d=100
@@1: line 1.2- t=100 -> @@0

@firstpass
\T1/ptm/m/n/12 Revisi Frontend 
@\par via @@0 b=0 p=-10000 d=100
@@1: line 1.2- t=100 -> @@0

@firstpass
[]\T1/ptm/m/n/12 Analisis bug visual untuk semua modul 
@\par via @@0 b=0 p=-10000 d=100
@@1: line 1.2- t=100 -> @@0

@firstpass
[]\T1/ptm/m/n/12 Revisi frontend 
@\par via @@0 b=0 p=-10000 d=100
@@1: line 1.2- t=100 -> @@0

@firstpass
[]\T1/ptm/m/n/12 Implementasi tampilan baru 
@\par via @@0 b=0 p=-10000 d=100
@@1: line 1.2- t=100 -> @@0

@firstpass
\T1/ptm/m/n/12 Implementasi Backend 
@\par via @@0 b=0 p=-10000 d=100
@@1: line 1.2- t=100 -> @@0

@firstpass
[]\T1/ptm/m/n/12 Migrasi logic backend dari AppScript 
@\par via @@0 b=0 p=-10000 d=100
@@1: line 1.2- t=100 -> @@0

@firstpass
[]\T1/ptm/m/n/12 Testing backend 
@\par via @@0 b=0 p=-10000 d=100
@@1: line 1.2- t=100 -> @@0

@firstpass
[]\T1/ptm/m/n/12 Implementasi exceptions 
@\par via @@0 b=0 p=-10000 d=100
@@1: line 1.2- t=100 -> @@0

@firstpass
[]\T1/ptm/m/n/12 Final testing 
@\par via @@0 b=0 p=-10000 d=100
@@1: line 1.2- t=100 -> @@0

@firstpass
\T1/ptm/m/n/12 Implementasi API Key AI 
@\par via @@0 b=0 p=-10000 d=100
@@1: line 1.2- t=100 -> @@0

@firstpass
[]\T1/ptm/m/n/12 Implementasi API key 
@\par via @@0 b=0 p=-10000 d=100
@@1: line 1.2- t=100 -> @@0

@firstpass
[]\T1/ptm/m/n/12 Revisi environment 
@\par via @@0 b=0 p=-10000 d=100
@@1: line 1.2- t=100 -> @@0

@firstpass
[]\T1/ptm/m/n/12 Testing AI 
@\par via @@0 b=0 p=-10000 d=100
@@1: line 1.2- t=100 -> @@0

@firstpass
|[]\T1/ptm/b/n/14.4 Daily Standup| 
@\par via @@0 b=0 p=-10000 d=100
@@1: line 1.2- t=100 -> @@0

@firstpass
\T1/ptm/m/n/12 Guna menjaga efisiensi komunikasi dan memastikan kelancaran pencapaian target, tim 
@ via @@0 b=28 p=0 d=1444
@@1: line 1.1 t=1444 -> @@0
@secondpass
\T1/ptm/m/n/12 Guna men-ja-ga efi-si-en-si ko-mu-ni-ka-si dan me-mas-tik-an ke-lan-car-an pen-ca-pa-i-an tar-get, 
@ via @@0 b=892 p=0 d=823604
@@1: line 1.0 t=823604 -> @@0
tim 
@ via @@0 b=28 p=0 d=1444
@@2: line 1.1 t=1444 -> @@0
pe-ngem-bang meng-a-dak-an ko-o-rdi-na-si ru-tin me-la-lui me-ka-nis-me Da-i-ly Stan-dup. 
@ via @@1 b=1112 p=0 d=1258884
@ via @@2 b=6691 p=0 d=44903401
@@3: line 2.0 t=2082488 -> @@1
Ra-pat 
@ via @@1 b=0 p=0 d=10100
@ via @@2 b=126 p=0 d=18496
@@4: line 2.0 t=19940 -> @@2
eva-lu-a-si ha-ri-an yang sing-kat ini di-fo-kusk-an un-tuk me-ma-park-an per-kem-bang-an 
@ via @@3 b=172 p=0 d=33124
@ via @@4 b=4291 p=0 d=18498601
@@5: line 3.0 t=2115612 -> @@3
(pro-gress) 
@ via @@4 b=1 p=0 d=10121
@@6: line 3.2 t=30061 -> @@4
tu-gas da-ri masing-masing per-so-nel, me-nyu-sun ren-ca-na pe-ngem-bang-an 
@ via @@5 b=2334 p=0 d=5494336
@@7: line 4.0 t=7609948 -> @@5
ko-de 
@ via @@5 b=42 p=0 d=2704
@@8: line 4.1 t=2118316 -> @@5
(co-ding) 
@ via @@6 b=213 p=0 d=59729
@@9: line 4.0 t=89790 -> @@6
se-lan-jut-nya, ser-ta men-de-tek-si dan me-ru-musk-an so-lu-si ber-sa-ma 
@ via @@7 b=5637 p=0 d=31888609
@@10: line 5.0 t=39498557 -> @@7
ter-ha-dap 
@ via @@7 b=43 p=0 d=2809
@ via @@8 b=1789 p=0 d=3236401
@@11: line 5.0 t=5354717 -> @@8
ken-da-la 
@ via @@8 b=1 p=0 d=121
@ via @@9 b=2310 p=0 d=5382400
@@12: line 5.2 t=2118437 -> @@8
tek-nis 
@ via @@9 b=26 p=0 d=1296
@@13: line 5.1 t=91086 -> @@9
(bloc-ker) yang mung-kin mun-cul se-la-ma pro-ses in-te-gra-si 
@ via @@10 b=1708 p=0 d=2951524
@@14: line 6.0 t=42450081 -> @@10
ke-ce-rdas-an 
@ via @@11 b=628 p=0 d=407044
@@15: line 6.0 t=5761761 -> @@11
bu-at-an 
@ via @@11 b=30 p=0 d=11600
@ via @@12 b=1038 p=0 d=1108304
@@16: line 6.0 t=3226741 -> @@12
(AI) 
@ via @@12 b=27 p=0 d=1369
@ via @@13 b=1917 p=0 d=3713329
@@17: line 6.1 t=2119806 -> @@12
ma-u-pun 
@ via @@13 b=0 p=0 d=100
@@18: line 6.2 t=91186 -> @@13
per-an-cang-an ar-si-tek-tur per-ang-kat lu-nak. 
@\par via @@14 b=0 p=-10000 d=10100
@\par via @@15 b=0 p=-10000 d=10100
@\par via @@16 b=0 p=-10000 d=10100
@\par via @@17 b=0 p=-10000 d=100
@\par via @@18 b=0 p=-10000 d=100
@@19: line 7.2- t=91286 -> @@18

@firstpass
[] 
@\par via @@0 b=0 p=-10000 d=100
@@1: line 1.2- t=100 -> @@0

File: image/Logo_Universitas_Telkom_Horizontal.png Graphic file (type png)
<use image/Logo_Universitas_Telkom_Horizontal.png>
Package pdftex.def Info: image/Logo_Universitas_Telkom_Horizontal.png  used on input line 106.
(pdftex.def)             Requested size: 77.11923pt x 34.14322pt.
@firstpass
[][] 
@ via @@0 b=0 p=0 d=100
@@1: line 1.2 t=100 -> @@0
|
@\par via @@0 b=0 p=-10000 d=100
@\par via @@1 b=0 p=-10000 d=100
@@2: line 1.2- t=100 -> @@0

@firstpass
[]
@\par via @@0 b=0 p=-10000 d=100
@@1: line 1.2- t=100 -> @@0

@firstpass
[] 
@\par via @@0 b=0 p=-10000 d=100
@@1: line 1.2- t=100 -> @@0

@firstpass
[]
@\par via @@0 b=0 p=-10000 d=100
@@1: line 1.2- t=100 -> @@0

@firstpass
[]\T1/ptm/m/n/12 5|
@\par via @@0 b=0 p=-10000 d=100
@@1: line 1.2- t=100 -> @@0

 [5]
@firstpass
|[]\T1/ptm/b/n/14.4 Scrum Events| 
@\par via @@0 b=0 p=-10000 d=100
@@1: line 1.2- t=100 -> @@0

@firstpass
@secondpass
\T1/ptm/m/n/12 Untuk men-ja-min bah-wa se-ti-ap ha-sil pe-ngem-bang-an sis-tem se-jal-an de-ngan ke-bu-tuh-an 
@ via @@0 b=168 p=0 d=41684
@@1: line 1.0 t=41684 -> @@0
peng-gu-na, si-klus Sp-rint di-dam-pi-ngi oleh se-rang-ka-i-an ta-hap-an (even-ts) yang 
@ via @@1 b=8170 p=0 d=66912400
@@2: line 2.0 t=66954084 -> @@1
ter-s-truk-tur. 
@ via @@1 b=17 p=0 d=729
@@3: line 2.1 t=42413 -> @@1
Pro-ses ini di-a-wa-li de-ngan Sp-rint Plan-ning gu-na me-ne-tapk-an pri-o-ri-tas 
@ via @@2 b=820 p=0 d=688900
@@4: line 3.0 t=67642984 -> @@2
fi-tur 
@ via @@2 b=48 p=0 d=3364
@@5: line 3.1 t=66957448 -> @@2
yang 
@ via @@3 b=1742 p=0 d=3069504
@@6: line 3.0 t=3111917 -> @@3
ak-an 
@ via @@3 b=119 p=0 d=16641
@@7: line 3.0 t=59054 -> @@3
di-ba-ngun. Se-lan-jut-nya, Sp-rint Re-vi-ew di-lak-sa-nak-an pa-da 
@ via @@4 b=7649 p=0 d=58660281
@@8: line 4.0 t=126303265 -> @@4
akhir 
@ via @@4 b=1571 p=0 d=2499561
@ via @@5 b=6364 p=0 d=40627876
@@9: line 4.0 t=70142545 -> @@4
per-i-o-de 
@ via @@4 b=15 p=0 d=625
@ via @@5 b=503 p=0 d=263169
@ via @@6 b=3623 p=0 d=13198689
@@10: line 4.0 t=16310606 -> @@6
un-tuk 
@ via @@5 b=1 p=0 d=121
@ via @@6 b=348 p=0 d=128164
@ via @@7 b=2846 p=0 d=8156736
@@11: line 4.0 t=3240081 -> @@6
men-de-mon-stra-sik-an ke-la-yak-an fung-si fi-tur, se-per-ti sis-tem 
@ via @@8 b=5147 p=0 d=26594649
@@12: line 5.0 t=152897914 -> @@8
ve-ri-fi-ka-si 
@ via @@8 b=10 p=0 d=10400
@ via @@9 b=1354 p=0 d=1860496
@@13: line 5.0 t=72003041 -> @@9
ma-kan-an 
@ via @@10 b=677 p=0 d=471969
@@14: line 5.0 t=16782575 -> @@10
oleh 
@ via @@10 b=2 p=0 d=10144
@ via @@11 b=1281 p=0 d=1666681
@@15: line 5.0 t=4906762 -> @@11
AI 
@ via @@11 b=151 p=0 d=25921
@@16: line 5.0 t=3266002 -> @@11
dan 
@ via @@11 b=0 p=0 d=10100
@@17: line 5.2 t=3250181 -> @@11
mo-dul ga-mi-fi-ka-si re-la-w-an, ke-pa-da pe-mang-ku 
@ via @@12 b=3872 p=0 d=15069924
@@18: line 6.0 t=167967838 -> @@12
ke-pen-ting-an 
@ via @@12 b=38 p=0 d=12304
@ via @@13 b=1642 p=0 d=2729104
@@19: line 6.0 t=74732145 -> @@13
(Star-tup 
@ via @@13 b=0 p=0 d=10100
@ via @@14 b=2245 p=0 d=5085025
@@20: line 6.0 t=21867600 -> @@14
Ja-go-AI). 
@ via @@14 b=0 p=0 d=10100
@ via @@15 b=381 p=0 d=152881
@ via @@16 b=2205 p=0 d=4906225
@@21: line 6.0 t=5059643 -> @@15
Rang-ka-i-an 
@ via @@17 b=14 p=0 d=576
@@22: line 6.1 t=3250757 -> @@17
ini ke-mu-di-an di-tu-tup de-ngan Sp-rint 
@ via @@18 b=5563 p=0 d=31058329
@@23: line 7.0 t=199026167 -> @@18
Re-tros-pe-cti-ve 
@ via @@19 b=3690 p=0 d=13690000
@@24: line 7.0 t=88422145 -> @@19
un-tuk 
@ via @@19 b=129 p=0 d=19321
@ via @@20 b=6978 p=0 d=48832144
@@25: line 7.0 t=70699744 -> @@20
me-nin-jau 
@ via @@20 b=37 p=0 d=2209
@ via @@21 b=5970 p=0 d=35760400
@@26: line 7.1 t=21869809 -> @@20
efek-ti-vi-tas 
@ via @@21 b=1 p=0 d=10121
@ via @@22 b=6493 p=0 d=42289009
@@27: line 7.2 t=5069764 -> @@21
ki-ner-ja 
@ via @@22 b=237 p=0 d=61009
@@28: line 7.0 t=3311766 -> @@22
tim 
@ via @@22 b=0 p=0 d=100
@@29: line 7.2 t=3250857 -> @@22
ser-ta me-ren-ca-nak-an per-ba-ik-an 
@ via @@23 b=670 p=0 d=462400
@@30: line 8.0 t=199488567 -> @@23
tek-nis 
@ via @@23 b=33 p=0 d=11849
@@31: line 8.3 t=199038016 -> @@23
pa-da 
@ via @@24 b=1320 p=0 d=1768900
@@32: line 8.0 t=90191045 -> @@24
ite-ra-si 
@ via @@24 b=4 p=0 d=10196
@ via @@25 b=1127 p=0 d=1292769
@@33: line 8.0 t=71992513 -> @@25
pe-ngem-bang-an 
@ via @@26 b=14 p=0 d=576
@ via @@27 b=7631 p=0 d=58394881
@@34: line 8.1 t=21870385 -> @@26
ber-i-kut-nya. 
@\par via @@27 b=0 p=-10000 d=100
@\par via @@28 b=0 p=-10000 d=10100
@\par via @@29 b=0 p=-10000 d=100
@\par via @@30 b=0 p=-10000 d=10100
@\par via @@31 b=0 p=-10000 d=100
@\par via @@32 b=0 p=-10000 d=10100
@\par via @@33 b=0 p=-10000 d=10100
@\par via @@34 b=0 p=-10000 d=100
@@35: line 8.2- t=3250957 -> @@29


Underfull \hbox (badness 1742) in paragraph at lines 107--108
\T1/ptm/m/n/12 Pro-ses ini di-a-wa-li de-ngan Sp-rint Plan-ning gu-na me-ne-tapk-an pri-o-ri-tas fi-tur yang
 []

<image/bab1/Scrum.png, id=337, 1444.64719pt x 745.28438pt>
File: image/bab1/Scrum.png Graphic file (type png)
<use image/bab1/Scrum.png>
Package pdftex.def Info: image/bab1/Scrum.png  used on input line 111.
(pdftex.def)             Requested size: 426.95175pt x 220.255pt.
@firstpass
[][]
@\par via @@0 b=0 p=-10000 d=100
@@1: line 1.2- t=100 -> @@0

@firstpass
[]\T1/ptm/m/n/12 Gambar 1.1: 
@ via @@0 b=0 p=0 d=100
@@1: line 1.2 t=100 -> @@0
|Metode 
@ via @@0 b=0 p=0 d=100
@ via @@1 b=0 p=0 d=100
@@2: line 1.2 t=100 -> @@0
Scrum 
@ via @@0 b=0 p=0 d=100
@ via @@1 b=0 p=0 d=100
@ via @@2 b=0 p=0 d=100
@@3: line 1.2 t=100 -> @@0
Menggunakan 
@ via @@0 b=0 p=0 d=100
@ via @@1 b=0 p=0 d=100
@ via @@2 b=0 p=0 d=100
@ via @@3 b=0 p=0 d=100
@@4: line 1.2 t=100 -> @@0
TorMonitorPYanto 
@ via @@0 b=0 p=0 d=100
@ via @@1 b=0 p=0 d=100
@ via @@2 b=0 p=0 d=100
@ via @@3 b=0 p=0 d=100
@ via @@4 b=0 p=0 d=100
@@5: line 1.2 t=100 -> @@0
x 
@ via @@0 b=0 p=0 d=100
@ via @@1 b=0 p=0 d=100
@ via @@2 b=0 p=0 d=100
@ via @@3 b=0 p=0 d=100
@ via @@4 b=0 p=0 d=100
@ via @@5 b=0 p=0 d=100
@@6: line 1.2 t=100 -> @@0
Ko+Lab|
@\par via @@0 b=0 p=-10000 d=100
@\par via @@1 b=0 p=-10000 d=100
@\par via @@2 b=0 p=-10000 d=100
@\par via @@3 b=0 p=-10000 d=100
@\par via @@4 b=0 p=-10000 d=100
@\par via @@5 b=0 p=-10000 d=100
@\par via @@6 b=0 p=-10000 d=100
@@7: line 1.2- t=100 -> @@0

@firstpass
[][] 
@\par via @@0 b=0 p=-10000 d=100
@@1: line 1.2- t=100 -> @@0

) (./bab/bab2.tex
@firstpass
[] 
@\par via @@0 b=0 p=-10000 d=100
@@1: line 1.2- t=100 -> @@0

File: image/Logo_Universitas_Telkom_Horizontal.png Graphic file (type png)
<use image/Logo_Universitas_Telkom_Horizontal.png>
Package pdftex.def Info: image/Logo_Universitas_Telkom_Horizontal.png  used on input line 1.
(pdftex.def)             Requested size: 77.11923pt x 34.14322pt.
@firstpass
[][] 
@ via @@0 b=0 p=0 d=100
@@1: line 1.2 t=100 -> @@0
|
@\par via @@0 b=0 p=-10000 d=100
@\par via @@1 b=0 p=-10000 d=100
@@2: line 1.2- t=100 -> @@0

@firstpass
[]
@\par via @@0 b=0 p=-10000 d=100
@@1: line 1.2- t=100 -> @@0

@firstpass
[] 
@\par via @@0 b=0 p=-10000 d=100
@@1: line 1.2- t=100 -> @@0

@firstpass
[]
@\par via @@0 b=0 p=-10000 d=100
@@1: line 1.2- t=100 -> @@0

@firstpass
[]\T1/ptm/m/n/12 6|
@\par via @@0 b=0 p=-10000 d=100
@@1: line 1.2- t=100 -> @@0

 [6 <./image/bab1/Scrum.png>]
Bab 2.
@firstpass
|\T1/ptm/b/n/17.28 BAB 
@ via @@0 b=0 p=0 d=100
@@1: line 1.2 t=100 -> @@0
II|
@\par via @@0 b=0 p=-10000 d=100
@\par via @@1 b=0 p=-10000 d=100
@@2: line 1.2- t=100 -> @@0

@firstpass
|\T1/ptm/b/n/24.88 PERSYARATAN 
@ via @@0 b=0 p=0 d=100
@@1: line 1.2 t=100 -> @@0
SISTEM 
@ via @@0 b=0 p=0 d=100
@ via @@1 b=0 p=0 d=100
@@2: line 1.2 t=100 -> @@0
|
@\par via @@0 b=0 p=-10000 d=100
@\par via @@1 b=0 p=-10000 d=100
@\par via @@2 b=0 p=-10000 d=100
@@3: line 1.2- t=100 -> @@0

@firstpass
|[]\T1/ptm/b/n/17.28 Deskripsi Pengguna| 
@\par via @@0 b=0 p=-10000 d=100
@@1: line 1.2- t=100 -> @@0

@firstpass
\T1/ptm/m/n/12 Target pengguna utama dari aplikasi Food AI Rescue (FAR) secara umum adalah seluruh 
@ via @@0 b=0 p=0 d=100
@@1: line 1.2 t=100 -> @@0
entitas yang terlibat dalam ekosistem pengelolaan surplus makanan, rantai pasok logistik 
@ via @@1 b=0 p=0 d=100
@@2: line 2.2 t=200 -> @@1
sosial, dan penerima manfaat di tingkat komunitas. Sistem ini memfasilitasi kolaborasi 
@ via @@2 b=9 p=0 d=361
@@3: line 3.2 t=561 -> @@2
multi-pihak yang dirancang agar ramah pengguna (\T1/ptm/m/it/12 user-friendly\T1/ptm/m/n/12 ), baik bagi masyarakat 
@ via @@3 b=9 p=0 d=361
@@4: line 4.2 t=922 -> @@3
@secondpass
\T1/ptm/m/n/12 Target peng-gu-na uta-ma da-ri apli-ka-si Fo-od AI Re-scue (FAR) se-ca-ra umum 
@ via @@0 b=6380 p=0 d=40842100
@@1: line 1.0 t=40842100 -> @@0
ada-lah 
@ via @@0 b=684 p=0 d=491636
@@2: line 1.0 t=491636 -> @@0
se-lu-ruh 
@ via @@0 b=0 p=0 d=100
@@3: line 1.2 t=100 -> @@0
en-ti-tas yang ter-li-bat da-lam eko-sis-tem pe-nge-lo-la-an sur-plus ma-kan-an, 
@ via @@1 b=539 p=0 d=301401
@@4: line 2.0 t=41143501 -> @@1
ran-tai 
@ via @@1 b=2 p=0 d=10144
@ via @@2 b=740 p=0 d=562500
@@5: line 2.0 t=1054136 -> @@2
pa-sok 
@ via @@2 b=0 p=0 d=10100
@ via @@3 b=1360 p=0 d=1886900
@@6: line 2.2 t=501736 -> @@2
lo-gis-tik 
@ via @@3 b=0 p=0 d=100
@@7: line 2.2 t=200 -> @@3
so-si-al, dan pe-ne-ri-ma man-fa-at di ting-kat ko-mu-ni-tas. Sis-tem 
@ via @@4 b=896 p=0 d=820836
@ via @@5 b=5302 p=0 d=28217344
@@8: line 3.0 t=29271480 -> @@5
ini 
@ via @@4 b=201 p=0 d=44521
@ via @@5 b=2057 p=0 d=4272489
@@9: line 3.0 t=5326625 -> @@5
me-mfa-si-li-ta-si 
@ via @@5 b=90 p=0 d=20000
@ via @@6 b=127 p=0 d=28769
@ via @@7 b=3000 p=0 d=9070100
@@10: line 3.0 t=530505 -> @@6
ko-la-bo-ra-si 
@ via @@7 b=9 p=0 d=361
@@11: line 3.2 t=561 -> @@7
multi-pihak yang di-ran-cang agar ra-mah peng-gu-na 
@ via @@8 b=4699 p=0 d=22174681
@@12: line 4.0 t=51446161 -> @@8
(\T1/ptm/m/it/12 user-friendly\T1/ptm/m/n/12 ), ba-ik 
@ via @@10 b=1394 p=0 d=1971216
@@13: line 4.0 t=2501721 -> @@10
ba-gi 
@ via @@10 b=38 p=0 d=2304
@@14: line 4.1 t=532809 -> @@10
ma-sya-ra-kat 
@ via @@11 b=9 p=0 d=361
@@15: line 4.2 t=922 -> @@11
awam, pe-la-ku usa-ha, ma-u-pun tim ma-na-je-ri-al. 
@ via @@12 b=460 p=0 d=220900
@@16: line 5.0 t=51667061 -> @@12
Un-tuk 
@ via @@12 b=36 p=0 d=12116
@@17: line 5.3 t=51458277 -> @@12
me-me-tak-an 
@ via @@13 b=552 p=0 d=315844
@ via @@14 b=3240 p=0 d=10562500
@@18: line 5.0 t=2817565 -> @@13
ke-bu-tuh-an 
@ via @@14 b=5 p=0 d=225
@ via @@15 b=4108 p=0 d=16967924
@@19: line 5.2 t=533034 -> @@14
sis-tem, 
@ via @@15 b=263 p=0 d=84529
@@20: line 5.0 t=85451 -> @@15
peng-gu-na apli-ka-si ini di-de-ta-ilk-an ke da-lam 
@ via @@16 b=1466 p=0 d=2178576
@@21: line 6.0 t=53845637 -> @@16
se-gmen-ta-si 
@ via @@17 b=119 p=0 d=26641
@@22: line 6.0 t=51484918 -> @@17
dan 
@ via @@17 b=5 p=0 d=225
@ via @@18 b=3724 p=0 d=13942756
@@23: line 6.0 t=16760321 -> @@18
per-an 
@ via @@18 b=279 p=0 d=83521
@@24: line 6.0 t=2901086 -> @@18
(\T1/ptm/m/it/12 ro-le\T1/ptm/m/n/12 ) 
@ via @@18 b=11 p=0 d=10441
@ via @@19 b=1852 p=0 d=3477044
@@25: line 6.2 t=2828006 -> @@18
se-ba-gai 
@ via @@19 b=12 p=0 d=484
@ via @@20 b=1728 p=0 d=3020644
@@26: line 6.2 t=533518 -> @@19
ber-i-kut: 
@\par via @@20 b=0 p=-10000 d=10100
@\par via @@21 b=0 p=-10000 d=10100
@\par via @@22 b=0 p=-10000 d=10100
@\par via @@23 b=0 p=-10000 d=10100
@\par via @@24 b=0 p=-10000 d=10100
@\par via @@25 b=0 p=-10000 d=100
@\par via @@26 b=0 p=-10000 d=100
@@27: line 6.2- t=95551 -> @@20

<image/bab2/segmentasi.png, id=343, 2071.74pt x 1126.96031pt>
File: image/bab2/segmentasi.png Graphic file (type png)
<use image/bab2/segmentasi.png>
Package pdftex.def Info: image/bab2/segmentasi.png  used on input line 12.
(pdftex.def)             Requested size: 426.95175pt x 232.24927pt.
@firstpass
[][]
@\par via @@0 b=0 p=-10000 d=100
@@1: line 1.2- t=100 -> @@0

@firstpass
[]\T1/ptm/m/n/12 Gambar 2.1: 
@ via @@0 b=0 p=0 d=100
@@1: line 1.2 t=100 -> @@0
|Segmentasi 
@ via @@0 b=0 p=0 d=100
@ via @@1 b=0 p=0 d=100
@@2: line 1.2 t=100 -> @@0
Pengguna 
@ via @@0 b=0 p=0 d=100
@ via @@1 b=0 p=0 d=100
@ via @@2 b=0 p=0 d=100
@@3: line 1.2 t=100 -> @@0
Food 
@ via @@0 b=0 p=0 d=100
@ via @@1 b=0 p=0 d=100
@ via @@2 b=0 p=0 d=100
@ via @@3 b=0 p=0 d=100
@@4: line 1.2 t=100 -> @@0
AI 
@ via @@0 b=0 p=0 d=100
@ via @@1 b=0 p=0 d=100
@ via @@2 b=0 p=0 d=100
@ via @@3 b=0 p=0 d=100
@ via @@4 b=0 p=0 d=100
@@5: line 1.2 t=100 -> @@0
Rescue|
@\par via @@0 b=0 p=-10000 d=100
@\par via @@1 b=0 p=-10000 d=100
@\par via @@2 b=0 p=-10000 d=100
@\par via @@3 b=0 p=-10000 d=100
@\par via @@4 b=0 p=-10000 d=100
@\par via @@5 b=0 p=-10000 d=100
@@6: line 1.2- t=100 -> @@0

@firstpass
[][] 
@\par via @@0 b=0 p=-10000 d=100
@@1: line 1.2- t=100 -> @@0

@firstpass
[]\T1/ptm/b/n/12 Donatur Individu 
@\par via @@0 b=0 p=-10000 d=100
@@1: line 1.2- t=100 -> @@0

@firstpass
[]\T1/ptm/b/n/12 Segmen/Profil\T1/ptm/m/n/12 : Masyarakat perorangan atau pelaku usaha skala mikro 
@ via @@0 b=0 p=0 d=100
@@1: line 1.2 t=100 -> @@0
yang memiliki kelebihan produksi makanan dalam jumlah kecil (skala 
@ via @@1 b=3 p=0 d=169
@@2: line 2.2 t=269 -> @@1
rumah tangga). 
@\par via @@2 b=0 p=-10000 d=100
@@3: line 3.2- t=369 -> @@2

@firstpass
[]\T1/ptm/b/n/12 Peranan dan Hak Akses Utama\T1/ptm/m/n/12 : Memiliki hak untuk mengunggah 
@ via @@0 b=53 p=0 d=3969
@@1: line 1.1 t=3969 -> @@0
@secondpass
[]\T1/ptm/b/n/12 Peranan dan Hak Ak-ses Uta-ma\T1/ptm/m/n/12 : Me-mi-li-ki hak un-tuk meng-ung-gah 
@ via @@0 b=53 p=0 d=3969
@@1: line 1.1 t=3969 -> @@0
da-ta ma-kan-an sur-plus, mem-per-ba-rui sta-tus ke-ter-se-di-a-an (\T1/ptm/m/it/12 in-ven-tory\T1/ptm/m/n/12 ), 
@ via @@1 b=265 p=0 d=75625
@@2: line 2.0 t=79594 -> @@1
ser-ta me-la-kuk-an se-rah te-ri-ma se-ca-ra lang-sung. Pa-da sa-at se-rah 
@ via @@2 b=1281 p=0 d=1666681
@@3: line 3.0 t=1746275 -> @@2
te-ri-ma 
@ via @@2 b=8 p=0 d=10324
@@4: line 3.2 t=89918 -> @@2
meng-gu-nak-an fi-tur Jan-ji Te-mu (COD), peng-gu-na wa-jib 
@ via @@3 b=4036 p=0 d=16370116
@@5: line 4.0 t=18116391 -> @@3
me-min-dai 
@ via @@4 b=870 p=0 d=784400
@@6: line 4.0 t=874318 -> @@4
QR 
@ via @@4 b=8 p=0 d=324
@@7: line 4.2 t=90242 -> @@4
Co-de mi-lik Pe-ne-ri-ma se-ba-gai buk-ti dis-tri-bu-si yang 
@ via @@5 b=800 p=0 d=656100
@@8: line 5.0 t=18772491 -> @@5
sah. 
@ via @@5 b=7 p=0 d=10289
@ via @@6 b=6461 p=0 d=41873841
@@9: line 5.2 t=18126680 -> @@5
Se-la-in 
@ via @@6 b=179 p=0 d=35721
@ via @@7 b=1430 p=0 d=2083600
@@10: line 5.0 t=910039 -> @@6
itu, 
@ via @@6 b=2 p=0 d=10144
@ via @@7 b=203 p=0 d=55369
@@11: line 5.0 t=145611 -> @@7
do-na-tur me-mi-li-ki ak-ses un-tuk me-man-tau 
@ via @@8 b=8038 p=0 d=64770304
@@12: line 6.0 t=83542795 -> @@8
Das-bor 
@ via @@8 b=638 p=0 d=419904
@@13: line 6.0 t=19192395 -> @@8
Dam-pak 
@ via @@9 b=71 p=0 d=6561
@ via @@10 b=4454 p=0 d=19927296
@@14: line 6.1 t=18133241 -> @@9
So-si-al 
@ via @@10 b=82 p=0 d=8464
@ via @@11 b=1728 p=0 d=3020644
@@15: line 6.1 t=918503 -> @@10
(SROI) 
@ via @@11 b=74 p=0 d=17056
@@16: line 6.3 t=162667 -> @@11
yang me-mu-at la-por-an to-tal por-si 
@ via @@12 b=1406 p=0 d=2005056
@@17: line 7.0 t=85547851 -> @@12
ter-se-la-matk-an 
@ via @@13 b=1 p=0 d=10121
@ via @@14 b=4995 p=0 d=25050025
@@18: line 7.2 t=19202516 -> @@13
dan 
@ via @@14 b=594 p=0 d=364816
@@19: line 7.0 t=18498057 -> @@14
es-ti-ma-si 
@ via @@15 b=140 p=0 d=22500
@ via @@16 b=7851 p=0 d=61805321
@@20: line 7.0 t=941003 -> @@15
pe-ngu-rang-an emi-si je-jak kar-bon (CO$[]$). 
@\par via @@17 b=0 p=-10000 d=10100
@\par via @@18 b=0 p=-10000 d=100
@\par via @@19 b=0 p=-10000 d=10100
@\par via @@20 b=0 p=-10000 d=10100
@@21: line 8.2- t=951103 -> @@20

@firstpass
[] 
@\par via @@0 b=0 p=-10000 d=100
@@1: line 1.2- t=100 -> @@0

File: image/Logo_Universitas_Telkom_Horizontal.png Graphic file (type png)
<use image/Logo_Universitas_Telkom_Horizontal.png>
Package pdftex.def Info: image/Logo_Universitas_Telkom_Horizontal.png  used on input line 22.
(pdftex.def)             Requested size: 77.11923pt x 34.14322pt.
@firstpass
[][] 
@ via @@0 b=0 p=0 d=100
@@1: line 1.2 t=100 -> @@0
|
@\par via @@0 b=0 p=-10000 d=100
@\par via @@1 b=0 p=-10000 d=100
@@2: line 1.2- t=100 -> @@0

@firstpass
[]
@\par via @@0 b=0 p=-10000 d=100
@@1: line 1.2- t=100 -> @@0

@firstpass
[] 
@\par via @@0 b=0 p=-10000 d=100
@@1: line 1.2- t=100 -> @@0

@firstpass
[]
@\par via @@0 b=0 p=-10000 d=100
@@1: line 1.2- t=100 -> @@0

@firstpass
[]\T1/ptm/m/n/12 7|
@\par via @@0 b=0 p=-10000 d=100
@@1: line 1.2- t=100 -> @@0

[7

 <./image/bab2/segmentasi.png (PNG copy)>]
@firstpass
[]\T1/ptm/b/n/12 Hak Akses AI\T1/ptm/m/n/12 : Memiliki akses ke fitur bawaan AI \T1/ptm/m/it/12 Quality Verification\T1/ptm/m/n/12 . 
@ via @@0 b=3 p=0 d=169
@@1: line 1.2 t=169 -> @@0
Sebelum donasi dipublikasikan, donatur wajib memindai foto makanan 
@ via @@1 b=0 p=0 d=100
@@2: line 2.2 t=269 -> @@1
@secondpass
[]\T1/ptm/b/n/12 Hak Ak-ses AI\T1/ptm/m/n/12 : Me-mi-li-ki ak-ses ke fi-tur ba-wa-an AI \T1/ptm/m/it/12 Qu-a-li-ty 
@ via @@0 b=4832 p=0 d=23454964
@@1: line 1.0 t=23454964 -> @@0
Ve-ri-fi-ca-tion\T1/ptm/m/n/12 . 
@ via @@0 b=3 p=0 d=169
@@2: line 1.2 t=169 -> @@0
Se-be-lum do-na-si di-pu-bli-ka-sik-an, do-na-tur wa-jib me-min-dai 
@ via @@1 b=8 p=0 d=10324
@@3: line 2.2 t=23465288 -> @@1
fo-to 
@ via @@2 b=6859 p=0 d=47193161
@@4: line 2.0 t=47193330 -> @@2
ma-kan-an 
@ via @@2 b=0 p=0 d=100
@@5: line 2.2 t=269 -> @@2
meng-gu-nak-an ka-me-ra AI ini gu-na me-mas-tik-an 
@ via @@3 b=5741 p=0 d=33084001
@@6: line 3.0 t=56549289 -> @@3
ke-la-yak-an 
@ via @@3 b=12 p=0 d=484
@ via @@4 b=366 p=0 d=141376
@@7: line 3.2 t=23465772 -> @@3
fi-sik 
@ via @@4 b=39 p=0 d=12401
@ via @@5 b=3724 p=0 d=13952756
@@8: line 3.0 t=13953025 -> @@5
dan 
@ via @@5 b=345 p=0 d=136025
@@9: line 3.0 t=136294 -> @@5
hi-gi-e-ni-tas vi-su-al. Se-la-in itu, do-na-tur ju-ga 
@ via @@6 b=1874 p=0 d=3549456
@@10: line 4.0 t=60098745 -> @@6
da-pat 
@ via @@6 b=97 p=0 d=11449
@ via @@7 b=5832 p=0 d=34138964
@@11: line 4.1 t=56560738 -> @@6
me-min-dai 
@ via @@7 b=105 p=0 d=23225
@ via @@8 b=1377 p=0 d=1923769
@ via @@9 b=5832 p=0 d=34128964
@@12: line 4.0 t=15876794 -> @@8
(\T1/ptm/m/it/12 sc-an\T1/ptm/m/n/12 ) 
@ via @@8 b=17 p=0 d=729
@ via @@9 b=503 p=0 d=263169
@@13: line 4.0 t=399463 -> @@9
bah-an 
@ via @@9 b=0 p=0 d=10100
@@14: line 4.2 t=146394 -> @@9
ma-kan-an un-tuk men-da-patk-an re-ko-men-da-si 
@ via @@11 b=744 p=0 d=568516
@@15: line 5.0 t=57129254 -> @@11
re-sep 
@ via @@12 b=6658 p=0 d=44462224
@@16: line 5.0 t=60339018 -> @@12
ma-sak-an 
@ via @@12 b=1 p=0 d=10121
@ via @@13 b=2547 p=0 d=6538249
@@17: line 5.0 t=6937712 -> @@13
da-ri 
@ via @@13 b=51 p=0 d=3721
@ via @@14 b=5787 p=0 d=33615209
@@18: line 5.1 t=403184 -> @@13
sis-tem. 
@\par via @@14 b=0 p=-10000 d=100
@\par via @@15 b=0 p=-10000 d=10100
@\par via @@16 b=0 p=-10000 d=10100
@\par via @@17 b=0 p=-10000 d=10100
@\par via @@18 b=0 p=-10000 d=100
@@19: line 5.2- t=146494 -> @@14

@firstpass
[]\T1/ptm/b/n/12 Donatur Kelompok/Korporat (Mitra Penyedia) 
@\par via @@0 b=0 p=-10000 d=100
@@1: line 1.2- t=100 -> @@0

@firstpass
@secondpass
[]\T1/ptm/b/n/12 Segmen/Profil\T1/ptm/m/n/12 : Pe-la-ku bis-nis ska-la be-sar di sek-tor \T1/ptm/m/it/12 Hos-pi-ta-li-ty, 
@ via @@0 b=2103 p=0 d=4474769
@@1: line 1.0 t=4474769 -> @@0
Res-ta-u-rant, and Ca-fe \T1/ptm/m/n/12 (HO-RE-CA) se-per-ti res-tor-an, ho-tel, atau 
@ via @@1 b=3690 p=0 d=13690000
@@2: line 2.0 t=18164769 -> @@1
usa-ha 
@ via @@1 b=107 p=0 d=13689
@@3: line 2.0 t=4488458 -> @@1
ka-te-ring ber-s-ka-la ko-mer-si-al. 
@\par via @@2 b=0 p=-10000 d=10100
@\par via @@3 b=0 p=-10000 d=10100
@@4: line 3.2- t=4498558 -> @@3


Underfull \hbox (badness 2103) in paragraph at lines 26--27
[]\T1/ptm/b/n/12 Segmen/Profil\T1/ptm/m/n/12 : Pe-la-ku bis-nis ska-la be-sar di sek-tor \T1/ptm/m/it/12 Hos-pi-ta-li-ty,
 []

@firstpass
@secondpass
[]\T1/ptm/b/n/12 Peranan dan Hak Ak-ses Uta-ma\T1/ptm/m/n/12 : Me-mi-li-ki per-an-an dan hak 
@ via @@0 b=2460 p=0 d=6110900
@@1: line 1.0 t=6110900 -> @@0
ak-ses 
@ via @@0 b=102 p=0 d=22544
@@2: line 1.0 t=22544 -> @@0
ope-ra-sio-nal yang sa-ma per-sis de-ngan Do-na-tur In-di-vi-du, 
@ via @@1 b=4859 p=0 d=23707161
@@3: line 2.0 t=29818061 -> @@1
mu-lai 
@ via @@1 b=117 p=0 d=16129
@ via @@2 b=4001 p=0 d=16088121
@@4: line 2.0 t=6127029 -> @@1
da-ri 
@ via @@1 b=84 p=0 d=18836
@ via @@2 b=371 p=0 d=145161
@@5: line 2.0 t=167705 -> @@2
si-klus ma-na-je-men dis-tri-bu-si (ung-gah sur-plus, upda-te 
@ via @@3 b=2443 p=0 d=6017209
@@6: line 3.0 t=35835270 -> @@3
\T1/ptm/m/it/12 in-ven-tory\T1/ptm/m/n/12 , 
@ via @@4 b=237 p=0 d=61009
@ via @@5 b=4181 p=0 d=17564481
@@7: line 3.0 t=6188038 -> @@4
pin-dai 
@ via @@5 b=9 p=0 d=10361
@@8: line 3.2 t=178066 -> @@5
QR se-rah te-ri-ma) hing-ga pe-man-ta-u-an la-por-an 
@ via @@6 b=2772 p=0 d=7739524
@@9: line 4.0 t=43574794 -> @@6
di 
@ via @@6 b=611 p=0 d=385641
@@10: line 4.0 t=36220911 -> @@6
Das-bor 
@ via @@7 b=2205 p=0 d=4906225
@@11: line 4.0 t=11094263 -> @@7
Dam-pak 
@ via @@7 b=13 p=0 d=10529
@ via @@8 b=879 p=0 d=800321
@@12: line 4.0 t=978387 -> @@8
So-si-al 
@ via @@8 b=6 p=0 d=256
@@13: line 4.2 t=178322 -> @@8
(SROI). 
@\par via @@9 b=0 p=-10000 d=10100
@\par via @@10 b=0 p=-10000 d=10100
@\par via @@11 b=0 p=-10000 d=10100
@\par via @@12 b=0 p=-10000 d=10100
@\par via @@13 b=0 p=-10000 d=100
@@14: line 5.2- t=178422 -> @@13

@firstpass
[]\T1/ptm/b/n/12 Hak Akses Khusus (Spesial) AI\T1/ptm/m/n/12 : Sebagai nilai tambah (\T1/ptm/m/it/12 value\T1/ptm/m/n/12 ) untuk 
@ via @@0 b=9 p=0 d=361
@@1: line 1.2 t=361 -> @@0
mendukung kampanye pemasaran dan \T1/ptm/m/it/12 Corporate Social Responsibility
@\kern via @@1 b=0 p=0 d=100
@@2: line 2.2 t=461 -> @@1
@secondpass
[]\T1/ptm/b/n/12 Hak Ak-ses Khu-sus (Spe-si-al) AI\T1/ptm/m/n/12 : Se-ba-gai ni-lai tam-bah (\T1/ptm/m/it/12 va-lue\T1/ptm/m/n/12 ) 
@ via @@0 b=1783 p=0 d=3224849
@@1: line 1.0 t=3224849 -> @@0
un-tuk 
@ via @@0 b=9 p=0 d=361
@@2: line 1.2 t=361 -> @@0
men-du-kung kam-pa-nye pe-ma-sar-an dan \T1/ptm/m/it/12 Cor-po-ra-te So-ci-al 
@ via @@1 b=5862 p=0 d=34480384
@@3: line 2.0 t=37705233 -> @@1
Res-pon-si-bi-li-ty
@\kern via @@2 b=0 p=0 d=100
@@4: line 2.2 t=461 -> @@2
 \T1/ptm/m/n/12 (CSR) per-u-sa-ha-an, do-na-tur ting-kat ke-lom-pok/korporat 
@ via @@3 b=92 p=0 d=10404
@@5: line 3.1 t=37715637 -> @@3
di-be-ka-li 
@ via @@4 b=6775 p=0 d=46046225
@@6: line 3.0 t=46046686 -> @@4
hak 
@ via @@4 b=422 p=0 d=196624
@@7: line 3.0 t=197085 -> @@4
is-ti-me-wa ter-ha-dap dua mo-dul AI ge-ne-ra-tif eks-klu-sif, 
@ via @@5 b=714 p=0 d=524176
@@8: line 4.0 t=38239813 -> @@5
ya-i-tu: 
@\par via @@5 b=7 p=-10000 d=289
@\par via @@6 b=0 p=-10000 d=10100
@\par via @@7 b=0 p=-10000 d=10100
@\par via @@8 b=0 p=-10000 d=10100
@@9: line 4.2- t=207185 -> @@7

@firstpass
[]\T1/ptm/b/it/12 Generate Image \T1/ptm/b/n/12 Kemasan\T1/ptm/m/n/12 : Hak spesial untuk menghasilkan 
@ via @@0 b=10 p=0 d=400
@@1: line 1.2 t=400 -> @@0
gambar desain prototipe bungkus atau kemasan makanan. 
@\par via @@1 b=0 p=-10000 d=100
@@2: line 2.2- t=500 -> @@1

@firstpass
@secondpass
[]\T1/ptm/b/it/12 Generate \T1/ptm/b/n/12 Kon-ten Me-dia So-si-al\T1/ptm/m/n/12 : Hak spe-si-al un-tuk 
@ via @@0 b=6691 p=0 d=44913401
@@1: line 1.0 t=44913401 -> @@0
se-ca-ra 
@ via @@0 b=201 p=0 d=54521
@@2: line 1.0 t=54521 -> @@0
oto-ma-tis meng-ha-silk-an gam-bar vi-su-al de-sa-in (leng-kap 
@ via @@1 b=14 p=0 d=576
@ via @@2 b=7925 p=0 d=62964225
@@3: line 2.1 t=44913977 -> @@1
de-ngan 
@ via @@2 b=0 p=0 d=10100
@@4: line 2.2 t=64621 -> @@2
sti-ker ve-ri-fi-ka-si AI dan lo-go per-u-sa-ha-an) se-ka-li-gus 
@ via @@3 b=308 p=0 d=101124
@@5: line 3.0 t=45015101 -> @@3
memp-ro-duk-si kon-ten tu-lis-an (\T1/ptm/m/it/12 co-pywri-ting\T1/ptm/m/n/12 ) pro-mo-si yang 
@ via @@5 b=2237 p=0 d=5049009
@@6: line 4.0 t=50064110 -> @@5
si-ap 
@ via @@5 b=2 p=0 d=10144
@@7: line 4.2 t=45025245 -> @@5
di-ung-gah ke pla-tform me-dia so-si-al. 
@\par via @@6 b=0 p=-10000 d=10100
@\par via @@7 b=0 p=-10000 d=100
@@8: line 5.2- t=45025345 -> @@7


Underfull \hbox (badness 6691) in paragraph at lines 31--32
[]\T1/ptm/b/it/12 Generate \T1/ptm/b/n/12 Kon-ten Me-dia So-si-al\T1/ptm/m/n/12 : Hak spe-si-al un-tuk
 []

@firstpass
[]\T1/ptm/b/n/12 Penerima (Mitra Penerima) 
@\par via @@0 b=0 p=-10000 d=100
@@1: line 1.2- t=100 -> @@0

@firstpass
[]\T1/ptm/b/n/12 Segmen/Profil\T1/ptm/m/n/12 : Masyarakat di kawasan rentan pangan, panti asuhan, 
@ via @@0 b=35 p=0 d=2025
@@1: line 1.1 t=2025 -> @@0
@secondpass
[]\T1/ptm/b/n/12 Segmen/Profil\T1/ptm/m/n/12 : Ma-sya-ra-kat di ka-was-an rent-an pa-ngan, pan-ti 
@ via @@0 b=5563 p=0 d=31068329
@@1: line 1.0 t=31068329 -> @@0
asuh-an, 
@ via @@0 b=35 p=0 d=2025
@@2: line 1.1 t=2025 -> @@0
de-w-an ke-mak-mur-an ma-sjid (DKM), atau war-ga pra-se-ja-hte-ra 
@ via @@1 b=98 p=0 d=11664
@@3: line 2.1 t=31079993 -> @@1
di 
@ via @@1 b=0 p=0 d=10100
@ via @@2 b=3179 p=0 d=10169721
@@4: line 2.0 t=10171746 -> @@2
de-sa 
@ via @@2 b=127 p=0 d=18769
@@5: line 2.0 t=20794 -> @@2
sa-sar-an yang mem-bu-tuhk-an ban-tu-an ma-kan-an. 
@\par via @@3 b=0 p=-10000 d=100
@\par via @@4 b=0 p=-10000 d=10100
@\par via @@5 b=0 p=-10000 d=10100
@@6: line 3.2- t=30894 -> @@5

@firstpass
@secondpass
[]\T1/ptm/b/n/12 Peranan dan Hak Ak-ses\T1/ptm/m/n/12 : Me-mi-li-ki ak-ses un-tuk men-ca-ri me-nu 
@ via @@0 b=1072 p=0 d=1180724
@@1: line 1.0 t=1180724 -> @@0
ma-kan-an ter-de-kat, me-la-kuk-an pro-ses kla-im (\T1/ptm/m/it/12 bo-o-king\T1/ptm/m/n/12 ) gu-na meng-un-ci 
@ via @@1 b=20 p=0 d=900
@@2: line 2.1 t=1181624 -> @@1
stok dan men-ce-gah in-si-den pe-ngam-bil-an gan-da (\T1/ptm/m/it/12 double-claim\T1/ptm/m/n/12 ) 
@ via @@2 b=5592 p=0 d=31382404
@@3: line 3.0 t=32564028 -> @@2
oleh 
@ via @@2 b=275 p=0 d=81225
@@4: line 3.0 t=1262849 -> @@2
pi-hak la-in, me-mi-lih me-to-de pe-ngam-bil-an, dan me-nya-jik-an 
@ via @@3 b=2376 p=0 d=5692996
@@5: line 4.0 t=38257024 -> @@3
QR 
@ via @@3 b=196 p=0 d=42436
@ via @@4 b=3189 p=0 d=10233601
@@6: line 4.0 t=11496450 -> @@4
Co-de 
@ via @@4 b=85 p=0 d=9025
@@7: line 4.1 t=1271874 -> @@4
mi-lik-nya un-tuk di-pin-dai sa-at ma-kan-an ti-ba. 
@\par via @@5 b=0 p=-10000 d=10100
@\par via @@6 b=0 p=-10000 d=10100
@\par via @@7 b=0 p=-10000 d=100
@@8: line 5.2- t=1271974 -> @@7


Underfull \hbox (badness 1072) in paragraph at lines 37--38
[]\T1/ptm/b/n/12 Peranan dan Hak Ak-ses\T1/ptm/m/n/12 : Me-mi-li-ki ak-ses un-tuk men-ca-ri me-nu
 []

@firstpass
[] 
@\par via @@0 b=0 p=-10000 d=100
@@1: line 1.2- t=100 -> @@0

File: image/Logo_Universitas_Telkom_Horizontal.png Graphic file (type png)
<use image/Logo_Universitas_Telkom_Horizontal.png>
Package pdftex.def Info: image/Logo_Universitas_Telkom_Horizontal.png  used on input line 38.
(pdftex.def)             Requested size: 77.11923pt x 34.14322pt.
@firstpass
[][] 
@ via @@0 b=0 p=0 d=100
@@1: line 1.2 t=100 -> @@0
|
@\par via @@0 b=0 p=-10000 d=100
@\par via @@1 b=0 p=-10000 d=100
@@2: line 1.2- t=100 -> @@0

@firstpass
[]
@\par via @@0 b=0 p=-10000 d=100
@@1: line 1.2- t=100 -> @@0

@firstpass
[] 
@\par via @@0 b=0 p=-10000 d=100
@@1: line 1.2- t=100 -> @@0

@firstpass
[]
@\par via @@0 b=0 p=-10000 d=100
@@1: line 1.2- t=100 -> @@0

@firstpass
[]\T1/ptm/m/n/12 8|
@\par via @@0 b=0 p=-10000 d=100
@@1: line 1.2- t=100 -> @@0

[8]
@firstpass
[]\T1/ptm/b/n/12 Hak Akses Khusus AI\T1/ptm/m/n/12 : Penerima diberikan akses ke fitur AI \T1/ptm/m/it/12 Quality 
@ via @@0 b=8 p=0 d=324
@@1: line 1.2 t=324 -> @@0
@secondpass
[]\T1/ptm/b/n/12 Hak Ak-ses Khu-sus AI\T1/ptm/m/n/12 : Pe-ne-ri-ma di-be-rik-an ak-ses ke fi-tur 
@ via @@0 b=8113 p=0 d=65993129
@@1: line 1.0 t=65993129 -> @@0
AI 
@ via @@0 b=2393 p=0 d=5784409
@@2: line 1.0 t=5784409 -> @@0
\T1/ptm/m/it/12 Qu-a-li-ty 
@ via @@0 b=8 p=0 d=324
@@3: line 1.2 t=324 -> @@0
Ve-ri-fi-ca-tion \T1/ptm/m/n/12 un-tuk me-min-dai ke-la-yak-an fi-sik dan 
@ via @@1 b=8189 p=0 d=67223601
@@4: line 2.0 t=133216730 -> @@1
hi-gi-e-ni-tas 
@ via @@1 b=4 p=0 d=10196
@ via @@2 b=443 p=0 d=205209
@@5: line 2.0 t=5989618 -> @@2
vi-su-al 
@ via @@3 b=1102 p=0 d=1246544
@@6: line 2.0 t=1246868 -> @@3
ma-kan-an se-be-lum di-kon-sum-si, fi-tur \T1/ptm/m/it/12 Fo-rum Re-qu-est
@\kern via @@4 b=131 p=0 d=19881
@@7: line 3.0 t=133236611 -> @@4
 \T1/ptm/m/n/12 un-tuk 
@ via @@5 b=1675 p=0 d=2839225
@@8: line 3.0 t=8828843 -> @@5
me-mu-bli-ka-sik-an ke-bu-tuh-an pa-ngan spe-si-fik, ser-ta mem-be-rik-an 
@ via @@7 b=78 p=0 d=7744
@ via @@8 b=7981 p=0 d=63856081
@@9: line 4.0 t=72684924 -> @@8
ulas-an 
@ via @@8 b=25 p=0 d=1225
@@10: line 4.1 t=8830068 -> @@8
(\T1/ptm/m/it/12 fe-e-dback\T1/ptm/m/n/12 ). 
@\par via @@9 b=0 p=-10000 d=10100
@\par via @@10 b=0 p=-10000 d=100
@@11: line 5.2- t=8830168 -> @@10


Underfull \hbox (badness 2393) in paragraph at lines 38--39
[]\T1/ptm/b/n/12 Hak Ak-ses Khu-sus AI\T1/ptm/m/n/12 : Pe-ne-ri-ma di-be-rik-an ak-ses ke fi-tur AI
 []


Underfull \hbox (badness 1675) in paragraph at lines 38--39
\T1/ptm/m/n/12 vi-su-al ma-kan-an se-be-lum di-kon-sum-si, fi-tur \T1/ptm/m/it/12 Fo-rum Re-qu-est \T1/ptm/m/n/12 un-tuk
 []

@firstpass
[]\T1/ptm/b/n/12 Relawan 
@\par via @@0 b=0 p=-10000 d=100
@@1: line 1.2- t=100 -> @@0

@firstpass
@secondpass
[]\T1/ptm/b/n/12 Segmen/Profil\T1/ptm/m/n/12 : Pe-mu-da lo-kal, war-ga de-sa, atau ma-sya-ra-kat 
@ via @@0 b=6461 p=0 d=41883841
@@1: line 1.0 t=41883841 -> @@0
umum 
@ via @@0 b=240 p=0 d=72500
@@2: line 1.0 t=72500 -> @@0
yang ber-tin-dak se-ca-ra su-ka-re-la (\T1/ptm/m/it/12 cro-wdso-ur-cing\T1/ptm/m/n/12 ) se-ba-gai 
@ via @@1 b=4832 p=0 d=23444964
@@3: line 2.0 t=65328805 -> @@1
ar-ma-da 
@ via @@1 b=0 p=0 d=10100
@ via @@2 b=3323 p=0 d=11108889
@@4: line 2.0 t=11181389 -> @@2
lo-gis-tik 
@ via @@2 b=61 p=0 d=15041
@@5: line 2.3 t=87541 -> @@2
so-si-al. 
@\par via @@3 b=0 p=-10000 d=10100
@\par via @@4 b=0 p=-10000 d=10100
@\par via @@5 b=0 p=-10000 d=100
@@6: line 3.2- t=87641 -> @@5

@firstpass
@secondpass
[]\T1/ptm/b/n/12 Peranan dan Hak Ak-ses\T1/ptm/m/n/12 : Meng-ak-ses daf-tar mi-si pe-ngan-tar-an, 
@ via @@0 b=1824 p=0 d=3373556
@@1: line 1.0 t=3373556 -> @@0
@emergencypass
[]\T1/ptm/b/n/12 Peranan dan Hak Ak-ses\T1/ptm/m/n/12 : Meng-ak-ses 
@ via @@0 b=4479 p=0 d=20161121
@@1: line 1.0 t=20161121 -> @@0
daf-tar 
@ via @@0 b=2057 p=0 d=4282489
@@2: line 1.0 t=4282489 -> @@0
mi-si 
@ via @@0 b=981 p=0 d=992081
@@3: line 1.0 t=992081 -> @@0
pe-ngan-tar-an, 
@ via @@0 b=44 p=0 d=2916
@@4: line 1.1 t=2916 -> @@0
me-la-kuk-an 
@ via @@1 b=7030 p=0 d=49561600
@@5: line 2.0 t=69722721 -> @@1
pen-jem-put-an 
@ via @@1 b=1454 p=0 d=2143296
@ via @@2 b=3590 p=0 d=12960000
@ via @@3 b=6658 p=0 d=44462224
@@6: line 2.0 t=17242489 -> @@2
ma-kan-an 
@ via @@1 b=221 p=0 d=53361
@ via @@2 b=900 p=0 d=828100
@ via @@3 b=2080 p=0 d=4368100
@@7: line 2.0 t=5110589 -> @@2
da-ri 
@ via @@1 b=49 p=0 d=3481
@ via @@2 b=345 p=0 d=126025
@ via @@3 b=963 p=0 d=946729
@ via @@4 b=5637 p=0 d=31888609
@@8: line 2.0 t=1938810 -> @@3
lo-ka-si 
@ via @@1 b=0 p=0 d=10100
@ via @@2 b=46 p=0 d=3136
@ via @@3 b=237 p=0 d=61009
@ via @@4 b=2503 p=0 d=6315169
@@9: line 2.0 t=1053090 -> @@3
Do-na-tur, 
@ via @@3 b=3 p=0 d=10169
@ via @@4 b=578 p=0 d=345744
@ via @@5 b=3219 p=0 d=10426441
@@10: line 2.0 t=348660 -> @@4
dan 
@ via @@4 b=204 p=0 d=45796
@ via @@5 b=1688 p=0 d=2883204
@ via @@6 b=7344 p=0 d=54081316
@@11: line 2.0 t=48712 -> @@4
meng-an-tar-kan-nya 
@ via @@5 b=19 p=0 d=841
@ via @@6 b=862 p=0 d=760384
@ via @@7 b=3323 p=0 d=11108889
@ via @@8 b=5862 p=0 d=34480384
@@12: line 3.0 t=16219478 -> @@7
se-ca-ra 
@ via @@6 b=201 p=0 d=44521
@ via @@7 b=1297 p=0 d=1708249
@ via @@8 b=2573 p=0 d=6671889
@ via @@9 b=5711 p=0 d=32729841
@@13: line 3.0 t=6818838 -> @@7
lang-sung 
@ via @@6 b=2 p=0 d=10144
@ via @@7 b=201 p=0 d=44521
@ via @@8 b=581 p=0 d=349281
@ via @@9 b=1776 p=0 d=3189796
@ via @@10 b=5741 p=0 d=33074001
@@14: line 3.0 t=2288091 -> @@8
ke 
@ via @@6 b=3 p=0 d=10169
@ via @@7 b=78 p=0 d=7744
@ via @@8 b=287 p=0 d=88209
@ via @@9 b=1048 p=0 d=1119364
@ via @@10 b=3792 p=0 d=14455204
@ via @@11 b=6445 p=0 d=41667025
@@15: line 3.0 t=2027019 -> @@8
ti-tik 
@ via @@7 b=9 p=0 d=10361
@ via @@8 b=74 p=0 d=7056
@ via @@9 b=427 p=0 d=190969
@ via @@10 b=2005 p=0 d=4060225
@ via @@11 b=3635 p=0 d=13286025
@@16: line 3.0 t=1244059 -> @@9
lo-ka-si 
@ via @@8 b=1 p=0 d=10121
@ via @@9 b=74 p=0 d=7056
@ via @@10 b=710 p=0 d=518400
@ via @@11 b=1490 p=0 d=2250000
@@17: line 3.0 t=867060 -> @@10
Pe-ne-ri-ma. 
@ via @@10 b=47 p=0 d=3249
@ via @@11 b=196 p=0 d=42436
@ via @@12 b=3568 p=0 d=12802084
@ via @@13 b=7451 p=0 d=55666521
@@18: line 3.0 t=91148 -> @@11
Re-la-w-an 
@ via @@11 b=1 p=0 d=10121
@ via @@12 b=824 p=0 d=695556
@ via @@13 b=2158 p=0 d=4700224
@ via @@14 b=5924 p=0 d=35212356
@@19: line 3.2 t=58833 -> @@11
me-me-gang 
@ via @@12 b=66 p=0 d=5776
@ via @@13 b=386 p=0 d=156816
@ via @@14 b=1748 p=0 d=3090564
@ via @@15 b=2717 p=0 d=7436529
@ via @@16 b=4792 p=0 d=23059204
@@20: line 4.0 t=5378655 -> @@14
oto-ri-tas 
@ via @@12 b=0 p=0 d=10100
@ via @@13 b=43 p=0 d=2809
@ via @@14 b=503 p=0 d=263169
@ via @@15 b=896 p=0 d=820836
@ via @@16 b=1845 p=0 d=3441025
@ via @@17 b=4168 p=0 d=17455684
@@21: line 4.0 t=2551260 -> @@14
va-li-da-si 
@ via @@13 b=1 p=0 d=10121
@ via @@14 b=67 p=0 d=5929
@ via @@15 b=171 p=0 d=32761
@ via @@16 b=497 p=0 d=257049
@ via @@17 b=1490 p=0 d=2250000
@ via @@18 b=6741 p=0 d=45576001
@@22: line 4.0 t=1501108 -> @@16
la-pang-an 
@ via @@14 b=1 p=0 d=10121
@ via @@15 b=2 p=0 d=10144
@ via @@16 b=36 p=0 d=2116
@ via @@17 b=275 p=0 d=81225
@ via @@18 b=2213 p=0 d=4941729
@ via @@19 b=6542 p=0 d=42938704
@@23: line 4.0 t=948285 -> @@17
de-ngan 
@ via @@16 b=10 p=0 d=10400
@ via @@17 b=21 p=0 d=961
@ via @@18 b=624 p=0 d=401956
@ via @@19 b=2626 p=0 d=6958496
@@24: line 4.0 t=493104 -> @@18
hak 
@ via @@17 b=1 p=0 d=10121
@ via @@18 b=235 p=0 d=60025
@ via @@19 b=1371 p=0 d=1917161
@ via @@20 b=5490 p=0 d=30250000
@@25: line 4.0 t=151173 -> @@18
ak-ses 
@ via @@18 b=31 p=0 d=1681
@ via @@19 b=465 p=0 d=235625
@ via @@20 b=2671 p=0 d=7187761
@ via @@21 b=6575 p=0 d=43362225
@@26: line 4.1 t=92829 -> @@18
wa-jib 
@ via @@18 b=0 p=0 d=10100
@ via @@19 b=97 p=0 d=11449
@ via @@20 b=1112 p=0 d=1258884
@ via @@21 b=3291 p=0 d=10896601
@ via @@22 b=7851 p=0 d=61795321
@@27: line 4.1 t=70282 -> @@19
pin-dai 
@ via @@19 b=2 p=0 d=144
@ via @@20 b=310 p=0 d=102400
@ via @@21 b=1320 p=0 d=1768900
@ via @@22 b=3803 p=0 d=14538969
@@28: line 4.2 t=58977 -> @@19
(\T1/ptm/m/it/12 man-da-tory 
@ via @@20 b=1 p=0 d=10121
@ via @@21 b=113 p=0 d=15129
@ via @@22 b=740 p=0 d=562500
@ via @@23 b=2903 p=0 d=8485569
@ via @@24 b=6842 p=0 d=46949904
@@29: line 5.0 t=2063608 -> @@22
sc-an\T1/ptm/m/n/12 ) 
@ via @@21 b=7 p=0 d=10289
@ via @@22 b=206 p=0 d=46656
@ via @@23 b=1259 p=0 d=1610361
@ via @@24 b=3492 p=0 d=12264004
@ via @@25 b=5878 p=0 d=34668544
@@30: line 5.0 t=1547764 -> @@22
QR 
@ via @@21 b=0 p=0 d=10100
@ via @@22 b=57 p=0 d=4489
@ via @@23 b=611 p=0 d=385641
@ via @@24 b=1997 p=0 d=4028049
@ via @@25 b=3547 p=0 d=12652249
@ via @@26 b=6927 p=0 d=48121969
@@31: line 5.0 t=1333926 -> @@23
Co-de 
@ via @@22 b=2 p=0 d=10144
@ via @@23 b=168 p=0 d=31684
@ via @@24 b=824 p=0 d=695556
@ via @@25 b=1642 p=0 d=2729104
@ via @@26 b=3590 p=0 d=12960000
@ via @@27 b=7081 p=0 d=50282281
@@32: line 5.0 t=979969 -> @@23
mi-lik 
@ via @@23 b=21 p=0 d=961
@ via @@24 b=261 p=0 d=73441
@ via @@25 b=635 p=0 d=416025
@ via @@26 b=1668 p=0 d=2815684
@ via @@27 b=3679 p=0 d=13608721
@ via @@28 b=7649 p=0 d=58670281
@@33: line 5.0 t=566545 -> @@24
Pe-ne-ri-ma 
@ via @@24 b=6 p=0 d=10256
@ via @@25 b=53 p=0 d=3969
@ via @@26 b=303 p=0 d=97969
@ via @@27 b=991 p=0 d=1002001
@ via @@28 b=2644 p=0 d=7053716
@@34: line 5.1 t=155142 -> @@25
se-ba-gai 
@ via @@25 b=0 p=0 d=10100
@ via @@26 b=23 p=0 d=1089
@ via @@27 b=196 p=0 d=42436
@ via @@28 b=824 p=0 d=705556
@ via @@29 b=4048 p=0 d=16467364
@ via @@30 b=7740 p=0 d=60062500
@@35: line 5.1 t=93918 -> @@26
sya-rat 
@ via @@26 b=1 p=0 d=121
@ via @@27 b=18 p=0 d=784
@ via @@28 b=209 p=0 d=57961
@ via @@29 b=1783 p=0 d=3214849
@ via @@30 b=3838 p=0 d=14807104
@ via @@31 b=6300 p=0 d=39816100
@@36: line 5.1 t=71066 -> @@27
mut-lak 
@ via @@28 b=13 p=0 d=529
@ via @@29 b=539 p=0 d=301401
@ via @@30 b=1478 p=0 d=2214144
@ via @@31 b=2689 p=0 d=7284601
@ via @@32 b=5446 p=0 d=29767936
@@37: line 5.1 t=59506 -> @@28
pe-nye-le-sa-i-an 
@ via @@29 b=6 p=0 d=10256
@ via @@30 b=102 p=0 d=12544
@ via @@31 b=318 p=0 d=107584
@ via @@32 b=1024 p=0 d=1069156
@ via @@33 b=2521 p=0 d=6405961
@ via @@34 b=7685 p=0 d=59213025
@@38: line 6.0 t=1441510 -> @@31
tran-sak-si 
@ via @@30 b=0 p=0 d=10100
@ via @@31 b=10 p=0 d=10400
@ via @@32 b=132 p=0 d=20164
@ via @@33 b=565 p=0 d=330625
@ via @@34 b=2689 p=0 d=7284601
@ via @@35 b=6825 p=0 d=46717225
@@39: line 6.0 t=897170 -> @@33
dis-tri-bu-si. 
@\par via @@32 b=0 p=-10000 d=10100
@\par via @@33 b=0 p=-10000 d=10100
@\par via @@34 b=0 p=-10000 d=100
@\par via @@35 b=0 p=-10000 d=100
@\par via @@36 b=0 p=-10000 d=100
@\par via @@37 b=0 p=-10000 d=100
@\par via @@38 b=0 p=-10000 d=10100
@\par via @@39 b=0 p=-10000 d=10100
@@40: line 6.2- t=59606 -> @@37


Underfull \hbox (badness 1824) in paragraph at lines 43--44
[]\T1/ptm/b/n/12 Peranan dan Hak Ak-ses\T1/ptm/m/n/12 : Meng-ak-ses daf-tar mi-si pe-ngan-tar-an,
 []


Underfull \hbox (badness 10000) in paragraph at lines 43--44
\T1/ptm/m/n/12 me-la-kuk-an pen-jem-put-an ma-kan-an da-ri lo-ka-si Do-na-tur, dan
 []

@firstpass
[]\T1/ptm/b/n/12 Admin Pengelola 
@\par via @@0 b=0 p=-10000 d=100
@@1: line 1.2- t=100 -> @@0

@firstpass
[]\T1/ptm/b/n/12 Segmen/Profil\T1/ptm/m/n/12 : Tim manajerial dan pengawas operasional harian yang 
@ via @@0 b=0 p=0 d=100
@@1: line 1.2 t=100 -> @@0
bertugas mengelola sistem secara administratif di tingkat komunitas. 
@\par via @@1 b=0 p=-10000 d=100
@@2: line 2.2- t=200 -> @@1

@firstpass
[]\T1/ptm/b/n/12 Peranan dan Hak Akses\T1/ptm/m/n/12 : Memiliki hak akses dashboard admin untuk 
@ via @@0 b=0 p=0 d=100
@@1: line 1.2 t=100 -> @@0
@secondpass
[]\T1/ptm/b/n/12 Peranan dan Hak Ak-ses\T1/ptm/m/n/12 : Me-mi-li-ki hak ak-ses da-shbo-a-rd admin 
@ via @@0 b=752 p=0 d=590644
@@1: line 1.0 t=590644 -> @@0
un-tuk 
@ via @@0 b=0 p=0 d=100
@@2: line 1.2 t=100 -> @@0
me-mve-ri-fi-ka-si ke-ab-sah-an pen-daf-tar-an akun ba-ru se-ca-ra 
@ via @@1 b=8038 p=0 d=64770304
@@3: line 2.0 t=65360948 -> @@1
ma-nu-al, 
@ via @@1 b=7 p=0 d=10289
@ via @@2 b=3590 p=0 d=12970000
@@4: line 2.2 t=600933 -> @@1
mem-be-kuk-an atau mem-blo-kir akun yang ter-buk-ti me-la-kuk-an 
@ via @@3 b=28 p=0 d=1444
@@5: line 3.1 t=65362392 -> @@3
pe-nya-la-hgu-na-an, me-nin-da-klan-ju-ti la-por-an ne-ga-tif, ser-ta me-man-tau 
@ via @@5 b=1264 p=0 d=1623076
@@6: line 4.0 t=66985468 -> @@5
Das-bor Sta-tis-tik mak-ro yang me-nam-pilk-an pe-ta pa-nas (\T1/ptm/m/it/12 he-a-tmap\T1/ptm/m/n/12 ) 
@ via @@6 b=1436 p=0 d=2090916
@@7: line 5.0 t=69076384 -> @@6
se-bar-an wi-la-yah do-na-si dan kal-ku-la-si SROI ke-se-lu-ruh-an. 
@\par via @@7 b=0 p=-10000 d=10100
@@8: line 6.2- t=69086484 -> @@7


Underfull \hbox (badness 8038) in paragraph at lines 48--49
\T1/ptm/m/n/12 un-tuk me-mve-ri-fi-ka-si ke-ab-sah-an pen-daf-tar-an akun ba-ru se-ca-ra
 []


Underfull \hbox (badness 1264) in paragraph at lines 48--49
\T1/ptm/m/n/12 pe-nya-la-hgu-na-an, me-nin-da-klan-ju-ti la-por-an ne-ga-tif, ser-ta me-man-tau
 []


Underfull \hbox (badness 1436) in paragraph at lines 48--49
\T1/ptm/m/n/12 Das-bor Sta-tis-tik mak-ro yang me-nam-pilk-an pe-ta pa-nas (\T1/ptm/m/it/12 he-a-tmap\T1/ptm/m/n/12 )
 []

@firstpass
[]\T1/ptm/b/n/12 Super Admin 
@\par via @@0 b=0 p=-10000 d=100
@@1: line 1.2- t=100 -> @@0

@firstpass
[]\T1/ptm/b/n/12 Segmen/Profil\T1/ptm/m/n/12 : Pengembang sistem (Tim IT / \T1/ptm/m/it/12 Programmer\T1/ptm/m/n/12 ). 
@\par via @@0 b=0 p=-10000 d=100
@@1: line 1.2- t=100 -> @@0

@firstpass
[]\T1/ptm/b/n/12 Peranan dan Hak Akses\T1/ptm/m/n/12 : Memiliki tingkat hak akses paling tinggi 
@ via @@0 b=80 p=0 d=8100
@@1: line 1.1 t=8100 -> @@0
dan 
@ via @@0 b=14 p=0 d=576
@@2: line 1.3 t=576 -> @@0
menyeluruh pada sisi \T1/ptm/m/it/12 backend \T1/ptm/m/n/12 aplikasi. Super Admin bertugas untuk 
@ via @@2 b=26 p=0 d=11296
@@3: line 2.1 t=11872 -> @@2
@secondpass
[]\T1/ptm/b/n/12 Peranan dan Hak Ak-ses\T1/ptm/m/n/12 : Me-mi-li-ki ting-kat hak ak-ses pa-ling 
@ via @@0 b=2556 p=0 d=6594356
@@1: line 1.0 t=6594356 -> @@0
ting-gi 
@ via @@0 b=80 p=0 d=8100
@@2: line 1.1 t=8100 -> @@0
dan 
@ via @@0 b=14 p=0 d=576
@@3: line 1.3 t=576 -> @@0
me-nye-lu-ruh pa-da si-si \T1/ptm/m/it/12 bac-kend \T1/ptm/m/n/12 apli-ka-si. Su-per Admin 
@ via @@1 b=677 p=0 d=471969
@ via @@2 b=6493 p=0 d=42289009
@@4: line 2.0 t=7066325 -> @@1
ber-tu-gas 
@ via @@2 b=171 p=0 d=32761
@ via @@3 b=1721 p=0 d=3006361
@@5: line 2.0 t=40861 -> @@2
un-tuk 
@ via @@3 b=26 p=0 d=11296
@@6: line 2.1 t=11872 -> @@3
me-la-kuk-an pe-me-li-ha-ra-an se-rver se-ca-ra ber-ka-la 
@ via @@4 b=6725 p=0 d=45360225
@@7: line 3.0 t=52426550 -> @@4
(\T1/ptm/m/it/12 ma-in-te-nan-ce\T1/ptm/m/n/12 ), 
@ via @@5 b=145 p=0 d=24025
@@8: line 3.0 t=64886 -> @@5
me-na-nga-ni per-ba-ik-an apa-bi-la ter-da-pat la-por-an \T1/ptm/m/it/12 bug
@\kern via @@7 b=1005 p=0 d=1030225
@@9: line 4.0 t=53456775 -> @@7
 \T1/ptm/m/n/12 da-ri 
@ via @@7 b=1 p=0 d=10121
@@10: line 4.2 t=52436671 -> @@7
sis-tem, 
@ via @@8 b=3514 p=0 d=12418576
@@11: line 4.0 t=12483462 -> @@8
dan 
@ via @@8 b=281 p=0 d=84681
@@12: line 4.0 t=149567 -> @@8
men-ja-ga sta-bi-li-tas ba-sis da-ta se-ca-ra pe-nuh. 
@\par via @@9 b=0 p=-10000 d=10100
@\par via @@10 b=0 p=-10000 d=100
@\par via @@11 b=0 p=-10000 d=10100
@\par via @@12 b=0 p=-10000 d=10100
@@13: line 5.2- t=159667 -> @@12

@firstpass
[] 
@\par via @@0 b=0 p=-10000 d=100
@@1: line 1.2- t=100 -> @@0

File: image/Logo_Universitas_Telkom_Horizontal.png Graphic file (type png)
<use image/Logo_Universitas_Telkom_Horizontal.png>
Package pdftex.def Info: image/Logo_Universitas_Telkom_Horizontal.png  used on input line 57.
(pdftex.def)             Requested size: 77.11923pt x 34.14322pt.
@firstpass
[][] 
@ via @@0 b=0 p=0 d=100
@@1: line 1.2 t=100 -> @@0
|
@\par via @@0 b=0 p=-10000 d=100
@\par via @@1 b=0 p=-10000 d=100
@@2: line 1.2- t=100 -> @@0

@firstpass
[]
@\par via @@0 b=0 p=-10000 d=100
@@1: line 1.2- t=100 -> @@0

@firstpass
[] 
@\par via @@0 b=0 p=-10000 d=100
@@1: line 1.2- t=100 -> @@0

@firstpass
[]
@\par via @@0 b=0 p=-10000 d=100
@@1: line 1.2- t=100 -> @@0

@firstpass
[]\T1/ptm/m/n/12 9|
@\par via @@0 b=0 p=-10000 d=100
@@1: line 1.2- t=100 -> @@0

[9]
@firstpass
|[]\T1/ptm/b/n/17.28 Gambaran Sistem Saat Ini| 
@\par via @@0 b=0 p=-10000 d=100
@@1: line 1.2- t=100 -> @@0

@firstpass
\T1/ptm/m/n/12 Gambaran sistem yang berjalan saat ini (\T1/ptm/m/it/12 As-Is\T1/ptm/m/n/12 ) pada ekosistem penyaluran donasi surplus 
@ via @@0 b=3 p=0 d=169
@@1: line 1.2 t=169 -> @@0
makanan di masyarakat masih sepenuhnya mengandalkan metode konvensional secara 
@ via @@1 b=58 p=0 d=4624
@@2: line 2.1 t=4793 -> @@1
manual dan tidak terstruktur. Hingga saat ini, belum ada satu pun aplikasi khusus atau 
@ via @@2 b=13 p=0 d=529
@@3: line 3.1 t=5322 -> @@2
@secondpass
\T1/ptm/m/n/12 Gambaran sis-tem yang ber-jal-an sa-at ini (\T1/ptm/m/it/12 As-Is\T1/ptm/m/n/12 ) pa-da eko-sis-tem pe-nya-lur-an 
@ via @@0 b=7944 p=0 d=63276116
@@1: line 1.0 t=63276116 -> @@0
do-na-si 
@ via @@0 b=756 p=0 d=596756
@@2: line 1.0 t=596756 -> @@0
sur-plus 
@ via @@0 b=3 p=0 d=169
@@3: line 1.2 t=169 -> @@0
ma-kan-an di ma-sya-ra-kat ma-sih se-pe-nuh-nya meng-an-dalk-an me-to-de 
@ via @@1 b=2020 p=0 d=4120900
@@4: line 2.0 t=67397016 -> @@1
kon-ven-sio-nal 
@ via @@2 b=13 p=0 d=529
@ via @@3 b=4556 p=0 d=20858356
@@5: line 2.1 t=597285 -> @@2
se-ca-ra 
@ via @@3 b=58 p=0 d=4624
@@6: line 2.1 t=4793 -> @@3
ma-nu-al dan ti-dak ter-s-truk-tur. Hing-ga sa-at ini, be-lum 
@ via @@4 b=5592 p=0 d=31382404
@@7: line 3.0 t=98779420 -> @@4
ada 
@ via @@4 b=1796 p=0 d=3261636
@@8: line 3.0 t=70658652 -> @@4
sa-tu 
@ via @@4 b=327 p=0 d=113569
@@9: line 3.0 t=67510585 -> @@4
pun 
@ via @@4 b=18 p=0 d=784
@ via @@5 b=3861 p=0 d=14984641
@@10: line 3.0 t=15581926 -> @@5
apli-ka-si 
@ via @@5 b=389 p=0 d=159201
@ via @@6 b=2903 p=0 d=8485569
@@11: line 3.0 t=756486 -> @@5
khu-sus 
@ via @@5 b=0 p=0 d=100
@ via @@6 b=299 p=0 d=95481
@@12: line 3.0 t=100274 -> @@6
atau 
@ via @@6 b=13 p=0 d=529
@@13: line 3.1 t=5322 -> @@6
sis-tem ter-in-te-gra-si yang me-mfa-si-li-ta-si ta-ta 
@ via @@7 b=4205 p=0 d=17766225
@@14: line 4.0 t=116545645 -> @@7
ke-lo-la 
@ via @@7 b=362 p=0 d=138384
@ via @@8 b=2150 p=0 d=4665600
@@15: line 4.0 t=75324252 -> @@8
ope-ra-sio-nal 
@ via @@9 b=48 p=0 d=3364
@ via @@10 b=1014 p=0 d=1048576
@@16: line 4.0 t=16630502 -> @@10
lo-gis-tik 
@ via @@10 b=16 p=0 d=10676
@ via @@11 b=1132 p=0 d=1304164
@@17: line 4.0 t=2060650 -> @@11
do-na-si 
@ via @@11 b=0 p=0 d=10100
@ via @@12 b=1331 p=0 d=1798281
@ via @@13 b=7740 p=0 d=60062500
@@18: line 4.2 t=766586 -> @@11
pa-ngan 
@ via @@12 b=0 p=0 d=10100
@ via @@13 b=316 p=0 d=106276
@@19: line 4.0 t=111598 -> @@13
@@20: line 4.2 t=110374 -> @@12
se-ca-ra di-gi-tal yang di-ser-tai de-ngan 
@ via @@14 b=4967 p=0 d=24770529
@@21: line 5.0 t=141316174 -> @@14
ja-min-an 
@ via @@14 b=98 p=0 d=11664
@ via @@15 b=2961 p=0 d=8826841
@@22: line 5.0 t=84151093 -> @@15
stan-dar 
@ via @@15 b=33 p=0 d=1849
@@23: line 5.1 t=75326101 -> @@15
ke-a-man-an 
@ via @@16 b=122 p=0 d=17424
@ via @@17 b=4647 p=0 d=21687649
@@24: line 5.0 t=16647926 -> @@16
mu-tu. 
@ via @@17 b=359 p=0 d=136161
@ via @@18 b=5578 p=0 d=31235744
@@25: line 5.0 t=2196811 -> @@17
Star-tup 
@ via @@18 b=129 p=0 d=29321
@ via @@19 b=2941 p=0 d=8708401
@ via @@20 b=2941 p=0 d=8718401
@@26: line 5.0 t=795907 -> @@18
Ja-go-AI 
@ via @@19 b=129 p=0 d=19321
@ via @@20 b=129 p=0 d=29321
@@27: line 5.0 t=130919 -> @@19
se-ba-gai pi-hak ino-va-tor ju-ga 
@ via @@21 b=2469 p=0 d=6145441
@@28: line 6.0 t=147461615 -> @@21
be-lum 
@ via @@21 b=149 p=0 d=25281
@ via @@22 b=3758 p=0 d=14197824
@@29: line 6.0 t=98348917 -> @@22
me-mi-li-ki 
@ via @@22 b=79 p=0 d=7921
@ via @@23 b=2460 p=0 d=6100900
@@30: line 6.0 t=81427001 -> @@23
pla-tform 
@ via @@23 b=23 p=0 d=1089
@ via @@24 b=3503 p=0 d=12341169
@@31: line 6.0 t=28989095 -> @@24
pu-sat 
@ via @@24 b=483 p=0 d=243049
@ via @@25 b=7362 p=0 d=54346384
@@32: line 6.0 t=16890975 -> @@24
ken-da-li 
@ via @@24 b=1 p=0 d=10121
@ via @@25 b=449 p=0 d=210681
@ via @@26 b=7186 p=0 d=51782416
@@33: line 6.0 t=2407492 -> @@25
(\T1/ptm/m/it/12 com-mand 
@ via @@26 b=44 p=0 d=2916
@ via @@27 b=3179 p=0 d=10169721
@@34: line 6.1 t=798823 -> @@26
cen-ter\T1/ptm/m/n/12 ) 
@ via @@27 b=48 p=0 d=3364
@@35: line 6.1 t=134283 -> @@27
un-tuk me-mo-ni-tor ak-ti-vi-tas 
@ via @@28 b=172 p=0 d=33124
@ via @@29 b=4819 p=0 d=23319241
@@36: line 7.0 t=121668158 -> @@29
do-na-si, 
@ via @@29 b=81 p=0 d=8281
@ via @@30 b=7759 p=0 d=60357361
@@37: line 7.1 t=98357198 -> @@29
me-mva-li-da-si 
@ via @@30 b=6 p=0 d=10256
@ via @@31 b=2221 p=0 d=4977361
@@38: line 7.0 t=33966456 -> @@31
ke-la-yak-an 
@ via @@32 b=195 p=0 d=42025
@@39: line 7.0 t=16933000 -> @@32
ma-kan-an 
@ via @@33 b=35 p=0 d=2025
@@40: line 7.1 t=2409517 -> @@33
se-ca-ra 
@ via @@34 b=918 p=0 d=861184
@@41: line 7.0 t=1660007 -> @@34
oto-ma-tis, 
@ via @@35 b=285 p=0 d=87025
@@42: line 7.0 t=221308 -> @@35
ser-ta 
@ via @@35 b=41 p=0 d=12601
@@43: line 7.3 t=146884 -> @@35
me-la-cak per-ge-rak-an 
@ via @@36 b=471 p=0 d=231361
@@44: line 8.0 t=121899519 -> @@36
re-la-w-an 
@ via @@37 b=341 p=0 d=123201
@@45: line 8.0 t=98480399 -> @@37
ku-rir 
@ via @@37 b=25 p=0 d=11225
@ via @@38 b=6608 p=0 d=43797924
@@46: line 8.0 t=77764380 -> @@38
se-ca-ra 
@ via @@38 b=430 p=0 d=193600
@@47: line 8.0 t=34160056 -> @@38
ter-pu-sat. 
@\par via @@39 b=0 p=-10000 d=10100
@\par via @@40 b=0 p=-10000 d=100
@\par via @@41 b=0 p=-10000 d=10100
@\par via @@42 b=0 p=-10000 d=10100
@\par via @@43 b=0 p=-10000 d=100
@\par via @@44 b=0 p=-10000 d=10100
@\par via @@45 b=0 p=-10000 d=10100
@\par via @@46 b=0 p=-10000 d=10100
@\par via @@47 b=0 p=-10000 d=10100
@@48: line 8.2- t=146984 -> @@43

@firstpass
|[]\T1/ptm/b/n/14.4 Analisis Proses Bisnis| 
@\par via @@0 b=0 p=-10000 d=100
@@1: line 1.2- t=100 -> @@0

@firstpass
\T1/ptm/m/n/12 Pada sistem manual, proses berbagi makanan berlebih berjalan secara sporadis, linear, 
@ via @@0 b=41 p=0 d=2601
@@1: line 1.1 t=2601 -> @@0
dan 
@ via @@0 b=59 p=0 d=4761
@@2: line 1.3 t=4761 -> @@0
tidak terstruktur. Ketika rumah tangga, penyelenggara acara, atau pelaku industri 
@ via @@1 b=56 p=0 d=4356
@@3: line 2.1 t=6957 -> @@1
(seperti 
@ via @@2 b=0 p=0 d=100
@@4: line 2.2 t=4861 -> @@2
@secondpass
\T1/ptm/m/n/12 Pada sis-tem ma-nu-al, pro-ses ber-ba-gi ma-kan-an ber-le-bih ber-jal-an se-ca-ra spo-ra-dis, 
@ via @@0 b=2229 p=0 d=5023121
@@1: line 1.0 t=5023121 -> @@0
li-ne-ar, 
@ via @@0 b=41 p=0 d=2601
@@2: line 1.1 t=2601 -> @@0
dan 
@ via @@0 b=59 p=0 d=4761
@@3: line 1.3 t=4761 -> @@0
ti-dak ter-s-truk-tur. Ke-ti-ka ru-mah tang-ga, pe-nye-leng-ga-ra aca-ra, atau 
@ via @@1 b=2326 p=0 d=5456896
@@4: line 2.0 t=10480017 -> @@1
pe-la-ku 
@ via @@1 b=136 p=0 d=21316
@ via @@2 b=2229 p=0 d=5013121
@ via @@3 b=7186 p=0 d=51792416
@@5: line 2.0 t=5015722 -> @@2
in-dus-tri 
@ via @@2 b=56 p=0 d=4356
@ via @@3 b=663 p=0 d=462929
@@6: line 2.1 t=6957 -> @@2
(se-per-ti 
@ via @@3 b=0 p=0 d=100
@@7: line 2.2 t=4861 -> @@3
res-tor-an dan ho-tel) me-mi-li-ki sur-plus ma-kan-an, me-re-ka 
@ via @@4 b=2980 p=0 d=8940100
@@8: line 3.0 t=19420117 -> @@4
ha-rus 
@ via @@4 b=185 p=0 d=38025
@ via @@5 b=4144 p=0 d=17255716
@@9: line 3.0 t=10518042 -> @@4
men-ca-ri 
@ via @@5 b=66 p=0 d=5776
@ via @@6 b=3735 p=0 d=14025025
@@10: line 3.1 t=5021498 -> @@5
sen-di-ri 
@ via @@6 b=127 p=0 d=18769
@ via @@7 b=4441 p=0 d=19821401
@@11: line 3.0 t=25726 -> @@6
fa-si-li-tas 
@ via @@7 b=105 p=0 d=23225
@@12: line 3.0 t=28086 -> @@7
so-si-al atau in-di-vi-du yang mem-bu-tuhk-an se-ca-ra 
@ via @@8 b=4266 p=0 d=18284176
@@13: line 4.0 t=37704293 -> @@8
ta-tap 
@ via @@8 b=477 p=0 d=237169
@ via @@9 b=4899 p=0 d=24098281
@@14: line 4.0 t=19657286 -> @@8
mu-ka 
@ via @@8 b=0 p=0 d=10100
@ via @@9 b=446 p=0 d=207936
@@15: line 4.0 t=10725978 -> @@9
atau 
@ via @@9 b=4 p=0 d=10196
@ via @@10 b=1931 p=0 d=3767481
@@16: line 4.0 t=8788979 -> @@10
me-la-lui 
@ via @@10 b=10 p=0 d=400
@ via @@11 b=1558 p=0 d=2458624
@@17: line 4.0 t=2484350 -> @@11
pes-an 
@ via @@11 b=41 p=0 d=2601
@ via @@12 b=2828 p=0 d=8054244
@@18: line 4.1 t=28327 -> @@11
sing-kat 
@ via @@12 b=66 p=0 d=5776
@@19: line 4.1 t=33862 -> @@12
yang ter-ba-tas. Ke-ti-a-da-an ran-tai pa-sok 
@ via @@13 b=2237 p=0 d=5049009
@@20: line 5.0 t=42753302 -> @@13
lo-gis-tik 
@ via @@13 b=82 p=0 d=8464
@ via @@14 b=1112 p=0 d=1258884
@ via @@15 b=6078 p=0 d=37063744
@@21: line 5.0 t=20916170 -> @@14
yang 
@ via @@13 b=15 p=0 d=10625
@ via @@14 b=82 p=0 d=8464
@ via @@15 b=1360 p=0 d=1876900
@ via @@16 b=5331 p=0 d=28526281
@@22: line 5.0 t=12602878 -> @@15
ter-pu-sat 
@ via @@15 b=9 p=0 d=10361
@ via @@16 b=374 p=0 d=147456
@ via @@17 b=4913 p=0 d=24235929
@@23: line 5.0 t=8936435 -> @@16
ini 
@ via @@15 b=24 p=0 d=11156
@ via @@16 b=45 p=0 d=3025
@ via @@17 b=1824 p=0 d=3363556
@@24: line 5.0 t=5847906 -> @@17
me-nye-babk-an 
@ via @@18 b=55 p=0 d=4225
@ via @@19 b=2189 p=0 d=4835601
@@25: line 5.1 t=32552 -> @@18
wak-tu 
@ via @@19 b=124 p=0 d=17956
@@26: line 5.0 t=51818 -> @@19
ter-bu-ang per-cu-ma ha-nya un-tuk 
@ via @@20 b=3989 p=0 d=15992001
@@27: line 6.0 t=58745303 -> @@20
men-ca-ri 
@ via @@20 b=44 p=0 d=2916
@ via @@21 b=3449 p=0 d=11964681
@@28: line 6.0 t=32880851 -> @@21
si-a-pa 
@ via @@21 b=271 p=0 d=78961
@ via @@22 b=3189 p=0 d=10233601
@@29: line 6.0 t=20995131 -> @@21
yang 
@ via @@21 b=0 p=0 d=10100
@ via @@22 b=271 p=0 d=78961
@ via @@23 b=6775 p=0 d=46036225
@@30: line 6.0 t=12681839 -> @@22
ber-se-dia 
@ via @@23 b=211 p=0 d=48841
@ via @@24 b=1365 p=0 d=1890625
@@31: line 6.0 t=7738531 -> @@24
me-ne-ri-ma 
@ via @@25 b=4403 p=0 d=19474569
@@32: line 6.0 t=19507121 -> @@25
ma-kan-an 
@ via @@25 b=22 p=0 d=1024
@ via @@26 b=1888 p=0 d=3602404
@@33: line 6.1 t=33576 -> @@25
ter-se-but. 
@ via @@26 b=0 p=0 d=10100
@@34: line 6.2 t=61918 -> @@26
Aki-bat-nya, ba-nyak 
@ via @@27 b=2828 p=0 d=8054244
@@35: line 7.0 t=66799547 -> @@27
ma-kan-an 
@ via @@27 b=12 p=0 d=10484
@ via @@28 b=2181 p=0 d=4800481
@@36: line 7.0 t=37681332 -> @@28
yang 
@ via @@28 b=193 p=0 d=41209
@ via @@29 b=2351 p=0 d=5574321
@@37: line 7.0 t=26569452 -> @@29
awal-nya 
@ via @@29 b=13 p=0 d=529
@ via @@30 b=787 p=0 d=635209
@@38: line 7.0 t=13317048 -> @@30
ma-sih 
@ via @@30 b=2 p=0 d=10144
@ via @@31 b=1762 p=0 d=3139984
@@39: line 7.0 t=10878515 -> @@31
la-yak 
@ via @@31 b=83 p=0 d=8649
@ via @@32 b=5460 p=0 d=29920900
@@40: line 7.1 t=7747180 -> @@31
kon-sum-si 
@ via @@32 b=114 p=0 d=15376
@ via @@33 b=4886 p=0 d=23970816
@@41: line 7.0 t=19522497 -> @@32
men-ja-di 
@ via @@33 b=206 p=0 d=46656
@@42: line 7.0 t=80232 -> @@33
ba-si 
@ via @@33 b=0 p=0 d=100
@ via @@34 b=2384 p=0 d=5741236
@@43: line 7.2 t=33676 -> @@33
atau 
@ via @@34 b=248 p=0 d=76564
@@44: line 7.0 t=138482 -> @@34
ke-da-lu-war-sa 
@ via @@35 b=4024 p=0 d=16273156
@@45: line 8.0 t=83072703 -> @@35
di 
@ via @@35 b=1377 p=0 d=1923769
@@46: line 8.0 t=68723316 -> @@35
te-ngah 
@ via @@35 b=7 p=0 d=10289
@ via @@36 b=2781 p=0 d=7789681
@@47: line 8.0 t=45471013 -> @@36
jal-an, 
@ via @@36 b=206 p=0 d=46656
@ via @@37 b=2351 p=0 d=5574321
@@48: line 8.0 t=32143773 -> @@37
se-hing-ga 
@ via @@37 b=3 p=0 d=10169
@ via @@38 b=1810 p=0 d=3312400
@@49: line 8.0 t=16629448 -> @@38
pa-da 
@ via @@38 b=142 p=0 d=23104
@ via @@39 b=2573 p=0 d=6671889
@@50: line 8.0 t=13340152 -> @@38
akhir-nya 
@ via @@39 b=11 p=0 d=10441
@ via @@40 b=918 p=0 d=861184
@@51: line 8.0 t=8608364 -> @@40
te-tap 
@ via @@40 b=23 p=0 d=1089
@ via @@41 b=3646 p=0 d=13366336
@@52: line 8.1 t=7748269 -> @@40
ber-u-jung 
@ via @@41 b=45 p=0 d=3025
@ via @@42 b=2980 p=0 d=8940100
@@53: line 8.0 t=9020332 -> @@42
di-bu-ang 
@ via @@42 b=48 p=0 d=3364
@ via @@43 b=883 p=0 d=807449
@ via @@44 b=4940 p=0 d=24502500
@@54: line 8.1 t=83596 -> @@42
ke 
@ via @@42 b=0 p=0 d=10100
@ via @@43 b=165 p=0 d=40625
@ via @@44 b=1642 p=0 d=2729104
@@55: line 8.0 t=74301 -> @@43
Tem-pat 
@ via @@44 b=6 p=0 d=10256
@ via @@45 b=5652 p=0 d=32058244
@@56: line 8.2 t=148738 -> @@44
Pem-bu-ang-an 
@ via @@45 b=3 p=0 d=10169
@ via @@46 b=100 p=0 d=12100
@ via @@47 b=3302 p=0 d=10969344
@@57: line 9.0 t=56440357 -> @@47
Akhir 
@ via @@47 b=179 p=0 d=35721
@ via @@48 b=3250 p=0 d=10627600
@@58: line 9.0 t=42771373 -> @@48
(TPA) 
@ via @@48 b=120 p=0 d=16900
@ via @@49 b=6396 p=0 d=41036836
@@59: line 9.0 t=32160673 -> @@48
dan 
@ via @@48 b=0 p=0 d=10100
@ via @@49 b=1502 p=0 d=2286144
@ via @@50 b=8094 p=0 d=65674816
@@60: line 9.0 t=18915592 -> @@49
me-mi-cu 
@ via @@49 b=0 p=0 d=10100
@ via @@50 b=394 p=0 d=163216
@@61: line 9.0 t=13503368 -> @@50
ma-sa-lah 
@ via @@51 b=506 p=0 d=266256
@ via @@52 b=4416 p=0 d=19589476
@@62: line 9.0 t=8874620 -> @@51
emi-si 
@ via @@51 b=0 p=0 d=10100
@ via @@52 b=386 p=0 d=156816
@@63: line 9.0 t=7905085 -> @@52
gas 
@ via @@52 b=10 p=0 d=400
@ via @@53 b=2846 p=0 d=8156736
@@64: line 9.2 t=7748669 -> @@52
ru-mah 
@ via @@53 b=125 p=0 d=18225
@ via @@54 b=4229 p=0 d=17969121
@@65: line 9.0 t=9038557 -> @@53
ka-ca. 
@\par via @@53 b=45 p=-10000 d=13025
@\par via @@54 b=0 p=-10000 d=100
@\par via @@55 b=0 p=-10000 d=10100
@\par via @@56 b=0 p=-10000 d=100
@\par via @@57 b=0 p=-10000 d=10100
@\par via @@58 b=0 p=-10000 d=10100
@\par via @@59 b=0 p=-10000 d=10100
@\par via @@60 b=0 p=-10000 d=10100
@\par via @@61 b=0 p=-10000 d=10100
@\par via @@62 b=0 p=-10000 d=10100
@\par via @@63 b=0 p=-10000 d=10100
@\par via @@64 b=0 p=-10000 d=100
@\par via @@65 b=0 p=-10000 d=10100
@@66: line 9.2- t=83696 -> @@54

@firstpass
[] 
@\par via @@0 b=0 p=-10000 d=100
@@1: line 1.2- t=100 -> @@0

File: image/Logo_Universitas_Telkom_Horizontal.png Graphic file (type png)
<use image/Logo_Universitas_Telkom_Horizontal.png>
Package pdftex.def Info: image/Logo_Universitas_Telkom_Horizontal.png  used on input line 66.
(pdftex.def)             Requested size: 77.11923pt x 34.14322pt.
@firstpass
[][] 
@ via @@0 b=0 p=0 d=100
@@1: line 1.2 t=100 -> @@0
|
@\par via @@0 b=0 p=-10000 d=100
@\par via @@1 b=0 p=-10000 d=100
@@2: line 1.2- t=100 -> @@0

@firstpass
[]
@\par via @@0 b=0 p=-10000 d=100
@@1: line 1.2- t=100 -> @@0

@firstpass
[] 
@\par via @@0 b=0 p=-10000 d=100
@@1: line 1.2- t=100 -> @@0

@firstpass
[]
@\par via @@0 b=0 p=-10000 d=100
@@1: line 1.2- t=100 -> @@0

@firstpass
[]\T1/ptm/m/n/12 10|
@\par via @@0 b=0 p=-10000 d=100
@@1: line 1.2- t=100 -> @@0

 [10]
<image/bpmnAsIs.png, id=367, 3408.735pt x 1541.76pt>
File: image/bpmnAsIs.png Graphic file (type png)
<use image/bpmnAsIs.png>
Package pdftex.def Info: image/bpmnAsIs.png  used on input line 70.
(pdftex.def)             Requested size: 581.01991pt x 262.77797pt.


Package caption Warning: The option `hypcap=true' will be ignored for this
(caption)                particular \caption on input line 71.
See the caption package documentation for explanation.

@firstpass
[][]
@\par via @@0 b=0 p=-10000 d=100
@@1: line 1.2- t=100 -> @@0

@firstpass
[]\T1/ptm/m/n/12 Gambar 2.2: 
@ via @@0 b=0 p=0 d=100
@@1: line 1.2 t=100 -> @@0
|[]Proses 
@ via @@0 b=0 p=0 d=100
@ via @@1 b=0 p=0 d=100
@@2: line 1.2 t=100 -> @@0
Bisnis 
@ via @@0 b=0 p=0 d=100
@ via @@1 b=0 p=0 d=100
@ via @@2 b=0 p=0 d=100
@@3: line 1.2 t=100 -> @@0
Sistem 
@ via @@0 b=0 p=0 d=100
@ via @@1 b=0 p=0 d=100
@ via @@2 b=0 p=0 d=100
@ via @@3 b=0 p=0 d=100
@@4: line 1.2 t=100 -> @@0
Saat 
@ via @@0 b=0 p=0 d=100
@ via @@1 b=0 p=0 d=100
@ via @@2 b=0 p=0 d=100
@ via @@3 b=0 p=0 d=100
@ via @@4 b=0 p=0 d=100
@@5: line 1.2 t=100 -> @@0
Ini 
@ via @@0 b=0 p=0 d=100
@ via @@1 b=0 p=0 d=100
@ via @@2 b=0 p=0 d=100
@ via @@3 b=0 p=0 d=100
@ via @@4 b=0 p=0 d=100
@ via @@5 b=0 p=0 d=100
@@6: line 1.2 t=100 -> @@0
(BPMN 
@ via @@0 b=0 p=0 d=100
@ via @@1 b=0 p=0 d=100
@ via @@2 b=0 p=0 d=100
@ via @@3 b=0 p=0 d=100
@ via @@4 b=0 p=0 d=100
@ via @@5 b=0 p=0 d=100
@ via @@6 b=0 p=0 d=100
@@7: line 1.2 t=100 -> @@0
As-Is)|
@\par via @@0 b=0 p=-10000 d=100
@\par via @@1 b=0 p=-10000 d=100
@\par via @@2 b=0 p=-10000 d=100
@\par via @@3 b=0 p=-10000 d=100
@\par via @@4 b=0 p=-10000 d=100
@\par via @@5 b=0 p=-10000 d=100
@\par via @@6 b=0 p=-10000 d=100
@\par via @@7 b=0 p=-10000 d=100
@@8: line 1.2- t=100 -> @@0

@firstpass
[][] 
@\par via @@0 b=0 p=-10000 d=100
@@1: line 1.2- t=100 -> @@0

@firstpass
[] 
@\par via @@0 b=0 p=-10000 d=100
@@1: line 1.2- t=100 -> @@0

File: image/Logo_Universitas_Telkom_Horizontal.png Graphic file (type png)
<use image/Logo_Universitas_Telkom_Horizontal.png>
Package pdftex.def Info: image/Logo_Universitas_Telkom_Horizontal.png  used on input line 74.
(pdftex.def)             Requested size: 77.11923pt x 34.14322pt.
@firstpass
[][] 
@ via @@0 b=0 p=0 d=100
@@1: line 1.2 t=100 -> @@0
|
@\par via @@0 b=0 p=-10000 d=100
@\par via @@1 b=0 p=-10000 d=100
@@2: line 1.2- t=100 -> @@0

@firstpass
[]
@\par via @@0 b=0 p=-10000 d=100
@@1: line 1.2- t=100 -> @@0

@firstpass
[] 
@\par via @@0 b=0 p=-10000 d=100
@@1: line 1.2- t=100 -> @@0

@firstpass
[]
@\par via @@0 b=0 p=-10000 d=100
@@1: line 1.2- t=100 -> @@0

@firstpass
[]\T1/ptm/m/n/12 11|
@\par via @@0 b=0 p=-10000 d=100
@@1: line 1.2- t=100 -> @@0

[11

 <./image/bpmnAsIs.png (PNG copy)>]
@firstpass
[]\T1/ptm/m/n/12 Berikut adalah penjelasan lengkap mengenai diagram BPMN \T1/ptm/b/n/12 As-Is \T1/ptm/m/n/12 (sistem saat ini) yang 
@ via @@0 b=2 p=0 d=144
@@1: line 1.2 t=144 -> @@0
@secondpass
[]\T1/ptm/m/n/12 Berikut ada-lah pen-je-las-an leng-kap meng-e-nai di-a-gram BPMN \T1/ptm/b/n/12 As-Is \T1/ptm/m/n/12 (sis-tem sa-at 
@ via @@0 b=1997 p=0 d=4038049
@@1: line 1.0 t=4038049 -> @@0
ini) 
@ via @@0 b=246 p=0 d=75536
@@2: line 1.0 t=75536 -> @@0
yang 
@ via @@0 b=2 p=0 d=144
@@3: line 1.2 t=144 -> @@0
te-lah di-bu-at. Pen-je-las-an ini mem-be-dah alur ker-ja, in-te-rak-si an-ta-rak-tor, 
@ via @@1 b=874 p=0 d=781456
@ via @@2 b=3323 p=0 d=11108889
@@4: line 2.0 t=4819505 -> @@1
ser-ta 
@ via @@1 b=54 p=0 d=4096
@ via @@2 b=539 p=0 d=301401
@ via @@3 b=3209 p=0 d=10371961
@@5: line 2.0 t=376937 -> @@2
meng-i-den-ti-fi-ka-si ke-le-mah-an da-ri pro-ses yang ber-jal-an se-ca-ra ma-nu-al. 
@\par via @@4 b=0 p=-10000 d=10100
@\par via @@5 b=0 p=-10000 d=10100
@@6: line 3.2- t=387037 -> @@5

@firstpass
|[]\T1/ptm/b/n/12 Gambaran Umum| 
@\par via @@0 b=0 p=-10000 d=100
@@1: line 1.2- t=100 -> @@0

@firstpass
\T1/ptm/m/n/12 Diagram BPMN \T1/ptm/m/it/12 As-Is \T1/ptm/m/n/12 ini memodelkan proses distribusi donasi makanan berlebih yang 
@ via @@0 b=13 p=0 d=529
@@1: line 1.1 t=529 -> @@0
saat ini masih berjalan secara konvensional. Dalam skenario ini, tidak ada sistem aplikasi 
@ via @@1 b=1 p=0 d=121
@@2: line 2.2 t=650 -> @@1
@secondpass
\T1/ptm/m/n/12 Diagram BPMN \T1/ptm/m/it/12 As-Is \T1/ptm/m/n/12 ini me-mo-delk-an pro-ses dis-tri-bu-si do-na-si ma-kan-an ber-le-bih 
@ via @@0 b=1057 p=0 d=1148489
@@1: line 1.0 t=1148489 -> @@0
yang 
@ via @@0 b=13 p=0 d=529
@@2: line 1.1 t=529 -> @@0
sa-at ini ma-sih ber-jal-an se-ca-ra kon-ven-sio-nal. Da-lam ske-na-rio ini, ti-dak 
@ via @@1 b=2662 p=0 d=7139584
@@3: line 2.0 t=8288073 -> @@1
ada 
@ via @@1 b=725 p=0 d=540225
@ via @@2 b=3557 p=0 d=12723489
@@4: line 2.0 t=1688714 -> @@1
sis-tem 
@ via @@1 b=12 p=0 d=10484
@ via @@2 b=430 p=0 d=193600
@@5: line 2.0 t=194129 -> @@2
apli-ka-si 
@ via @@2 b=1 p=0 d=121
@@6: line 2.2 t=650 -> @@2
ce-rdas, pla-tform per-an-ta-ra, atau pi-hak ke-ti-ga yang me-mfa-si-li-ta-si. 
@ via @@3 b=179 p=0 d=35721
@ via @@4 b=1546 p=0 d=2421136
@@7: line 3.0 t=4109850 -> @@4
Se-lu-ruh 
@ via @@4 b=0 p=0 d=10100
@ via @@5 b=494 p=0 d=254016
@ via @@6 b=6396 p=0 d=41046836
@@8: line 3.0 t=448145 -> @@5
ke-gi-at-an 
@ via @@6 b=376 p=0 d=158996
@@9: line 3.0 t=159646 -> @@6
di-la-kuk-an mur-ni se-ca-ra fi-sik dan ma-nu-al, yang di-rep-re-sen-ta-sik-an 
@ via @@7 b=752 p=0 d=580644
@@10: line 4.0 t=4690494 -> @@7
meng-gu-nak-an 
@ via @@8 b=0 p=0 d=10100
@ via @@9 b=2970 p=0 d=8880400
@@11: line 4.2 t=458245 -> @@8
ele-men
@\kern via @@9 b=13 p=0 d=529
@@12: line 4.1 t=160175 -> @@9
 \T1/ptm/b/n/12 Ma-nu-al Task \T1/ptm/m/n/12 (ber-i-kon ta-ngan) pa-da di-a-gram. 
@\par via @@10 b=0 p=-10000 d=10100
@\par via @@11 b=0 p=-10000 d=100
@\par via @@12 b=0 p=-10000 d=100
@@13: line 5.2- t=160275 -> @@12

@firstpass
|[]\T1/ptm/b/n/12 Partisipan (Aktor) yang Terlibat| 
@\par via @@0 b=0 p=-10000 d=100
@@1: line 1.2- t=100 -> @@0

@firstpass
\T1/ptm/m/n/12 Proses ini hanya melibatkan dua partisipan utama, yaitu: 
@\par via @@0 b=0 p=-10000 d=100
@@1: line 1.2- t=100 -> @@0

@firstpass
@secondpass
[]\T1/ptm/b/n/12 Donatur: \T1/ptm/m/n/12 Pi-hak yang me-mi-li-ki ke-le-bih-an ma-kan-an dan ber-i-ni-si-a-tif 
@ via @@0 b=7981 p=0 d=63866081
@@1: line 1.0 t=63866081 -> @@0
un-tuk 
@ via @@0 b=748 p=0 d=584564
@@2: line 1.0 t=584564 -> @@0
men-do-na-si-kan-nya. 
@\par via @@1 b=0 p=-10000 d=10100
@\par via @@2 b=0 p=-10000 d=10100
@@3: line 2.2- t=594664 -> @@2

@firstpass
[]\T1/ptm/b/n/12 Penerima: \T1/ptm/m/n/12 Pihak yang membutuhkan makanan (seperti panti asuhan, komunitas, 
@ via @@0 b=92 p=0 d=10404
@@1: line 1.3 t=10404 -> @@0
atau individu), yang dalam sistem ini bertindak sangat pasif. 
@\par via @@1 b=0 p=-10000 d=100
@@2: line 2.2- t=10504 -> @@1

@firstpass
|[]\T1/ptm/b/n/12 Alur Proses (\T1/ptm/b/it/12 Process Flow\T1/ptm/b/n/12 )| 
@\par via @@0 b=0 p=-10000 d=100
@@1: line 1.2- t=100 -> @@0

@firstpass
[]\T1/ptm/b/n/12 Pool Donatur (Alur Aktif) 
@\penalty via @@0 b=0 p=-10000 d=100
@@1: line 1.2 t=100 -> @@0
\T1/ptm/m/n/12 Donatur adalah penggerak utama dalam sistem konvensional ini. Alurnya adalah 
@ via @@1 b=10 p=0 d=400
@@2: line 2.2 t=500 -> @@1
sebagai berikut: 
@\par via @@2 b=0 p=-10000 d=100
@@3: line 3.2- t=600 -> @@2

@firstpass
[]\T1/ptm/b/n/12 Start Event: \T1/ptm/m/n/12 Proses dipicu ketika donatur mendapati adanya surplus 
@ via @@0 b=34 p=0 d=1936
@@1: line 1.1 t=1936 -> @@0
bahan makanan atau makanan matang yang masih layak konsumsi. 
@\par via @@1 b=0 p=-10000 d=100
@@2: line 2.2- t=2036 -> @@1

@firstpass
[]\T1/ptm/b/n/12 Memiliki bahan/makanan lebih: \T1/ptm/m/n/12 Donatur menyortir makanan yang 
@ via @@0 b=55 p=0 d=4225
@@1: line 1.1 t=4225 -> @@0
akan didonasikan. 
@\par via @@1 b=0 p=-10000 d=100
@@2: line 2.2- t=4325 -> @@1

@firstpass
@secondpass
[]\T1/ptm/b/n/12 Mengemas ma-kan-an: \T1/ptm/m/n/12 Do-na-tur mem-bung-kus dan mem-per-si-apk-an 
@ via @@0 b=783 p=0 d=638849
@@1: line 1.0 t=638849 -> @@0
ma-kan-an se-ca-ra man-di-ri tan-pa ada-nya stan-dar pe-nge-mas-an ter-ten-tu. 
@\par via @@1 b=0 p=-10000 d=10100
@@2: line 2.2- t=648949 -> @@1

@firstpass
@secondpass
[]\T1/ptm/b/n/12 Mencari pe-ne-ri-ma: \T1/ptm/m/n/12 Ini ada-lah fa-se kru-si-al di ma-na do-na-tur 
@ via @@0 b=3375 p=0 d=11468225
@@1: line 1.0 t=11468225 -> @@0
ha-rus 
@ via @@0 b=219 p=0 d=62441
@@2: line 1.0 t=62441 -> @@0
men-ca-ri sen-di-ri si-a-pa yang mau me-ne-ri-ma ma-kan-an ter-se-but. 
@ via @@1 b=250 p=0 d=67600
@ via @@2 b=5711 p=0 d=32729841
@@3: line 2.0 t=11535825 -> @@1
Bi-a-sa-nya 
@ via @@2 b=0 p=0 d=10100
@@4: line 2.2 t=72541 -> @@2
di-la-kuk-an de-ngan ber-ta-nya ke te-tang-ga, men-ca-ri in-for-ma-si 
@ via @@3 b=130 p=0 d=19600
@@5: line 3.0 t=11555425 -> @@3
di 
@ via @@3 b=0 p=0 d=10100
@ via @@4 b=5203 p=0 d=27185369
@@6: line 3.2 t=11545925 -> @@3
in-ter-net, 
@ via @@4 b=7 p=0 d=289
@@7: line 3.2 t=72830 -> @@4
atau me-nye-bar pes-an di grup obrol-an. 
@\par via @@5 b=0 p=-10000 d=10100
@\par via @@6 b=0 p=-10000 d=100
@\par via @@7 b=0 p=-10000 d=100
@@8: line 4.2- t=72930 -> @@7

@firstpass
[]\T1/ptm/b/n/12 Menemukan penerima: \T1/ptm/m/n/12 Donatur akhirnya mendapatkan kontak atau 
@ via @@0 b=25 p=0 d=1225
@@1: line 1.1 t=1225 -> @@0
lokasi pihak yang bersedia menerima donasi. 
@\par via @@1 b=0 p=-10000 d=100
@@2: line 2.2- t=1325 -> @@1

@firstpass
[]\T1/ptm/b/n/12 Memberikan makanan: \T1/ptm/m/n/12 Donatur berangkat menuju lokasi penerima 
@ via @@0 b=28 p=0 d=1444
@@1: line 1.1 t=1444 -> @@0
untuk menyerahkan makanan tersebut secara langsung. 
@\par via @@1 b=0 p=-10000 d=100
@@2: line 2.2- t=1544 -> @@1

@firstpass
[] 
@\par via @@0 b=0 p=-10000 d=100
@@1: line 1.2- t=100 -> @@0

File: image/Logo_Universitas_Telkom_Horizontal.png Graphic file (type png)
<use image/Logo_Universitas_Telkom_Horizontal.png>
Package pdftex.def Info: image/Logo_Universitas_Telkom_Horizontal.png  used on input line 101.
(pdftex.def)             Requested size: 77.11923pt x 34.14322pt.
@firstpass
[][] 
@ via @@0 b=0 p=0 d=100
@@1: line 1.2 t=100 -> @@0
|
@\par via @@0 b=0 p=-10000 d=100
@\par via @@1 b=0 p=-10000 d=100
@@2: line 1.2- t=100 -> @@0

@firstpass
[]
@\par via @@0 b=0 p=-10000 d=100
@@1: line 1.2- t=100 -> @@0

@firstpass
[] 
@\par via @@0 b=0 p=-10000 d=100
@@1: line 1.2- t=100 -> @@0

@firstpass
[]
@\par via @@0 b=0 p=-10000 d=100
@@1: line 1.2- t=100 -> @@0

@firstpass
[]\T1/ptm/m/n/12 12|
@\par via @@0 b=0 p=-10000 d=100
@@1: line 1.2- t=100 -> @@0

 [12

]
@firstpass
[]\T1/ptm/b/n/12 End Event: \T1/ptm/m/n/12 Proses dari sisi donatur selesai setelah makanan berpindah 
@ via @@0 b=0 p=0 d=100
@@1: line 1.2 t=100 -> @@0
tangan. 
@\par via @@1 b=0 p=-10000 d=100
@@2: line 2.2- t=200 -> @@1

@firstpass
[]\T1/ptm/b/n/12 Pool Penerima (Alur Pasif) 
@\par via @@0 b=0 p=-10000 d=100
@@1: line 1.2- t=100 -> @@0

@firstpass
[]\T1/ptm/b/n/12 Start Event: \T1/ptm/m/n/12 Penerima pada dasarnya hanya dalam posisi menunggu 
@ via @@0 b=24 p=0 d=1156
@@1: line 1.1 t=1156 -> @@0
adanya pihak yang menawarkan bantuan. 
@\par via @@1 b=0 p=-10000 d=100
@@2: line 2.2- t=1256 -> @@1

@firstpass
[]\T1/ptm/b/n/12 Makanan diterima: \T1/ptm/m/n/12 Aktivitas tunggal di mana penerima melakukan 
@ via @@0 b=36 p=0 d=2116
@@1: line 1.1 t=2116 -> @@0
serah terima donasi secara fisik dari donatur. 
@\par via @@1 b=0 p=-10000 d=100
@@2: line 2.2- t=2216 -> @@1

@firstpass
[]\T1/ptm/b/n/12 End Event: \T1/ptm/m/n/12 Siklus dari sisi penerima selesai. 
@\par via @@0 b=0 p=-10000 d=100
@@1: line 1.2- t=100 -> @@0

@firstpass
|[]\T1/ptm/b/n/12 Pertukaran Pesan (\T1/ptm/b/it/12 Message Flow\T1/ptm/b/n/12 )| 
@\par via @@0 b=0 p=-10000 d=100
@@1: line 1.2- t=100 -> @@0

@firstpass
@secondpass
@emergencypass
\T1/ptm/m/n/12 Terdapat ga-ris putus-putus (\T1/ptm/m/it/12 Mes-sa-ge Flow\T1/ptm/m/n/12 ) yang meng-hu-bungk-an 
@ via @@0 b=1377 p=0 d=1933769
@@1: line 1.0 t=1933769 -> @@0
ak-ti-vi-tas
@\kern via @@0 b=275 p=0 d=91225
@@2: line 1.0 t=91225 -> @@0
 \T1/ptm/b/n/12 "Mem-be-rik-an ma-kan-an" \T1/ptm/m/n/12 (di \T1/ptm/m/it/12 po-ol \T1/ptm/m/n/12 Do-na-tur) 
@ via @@1 b=5231 p=0 d=27468081
@@3: line 2.0 t=29401850 -> @@1
de-ngan 
@ via @@1 b=2142 p=0 d=4631104
@ via @@2 b=5802 p=0 d=33779344
@@4: line 2.0 t=6564873 -> @@1
ak-ti-vi-tas
@\kern via @@1 b=552 p=0 d=315844
@\kern via @@2 b=2142 p=0 d=4631104
@@5: line 2.0 t=2249613 -> @@1
 \T1/ptm/b/n/12 "Ma-kan-an 
@ via @@1 b=14 p=0 d=576
@ via @@2 b=299 p=0 d=95481
@@6: line 2.0 t=186706 -> @@2
di-te-ri-ma"
@\kern via @@2 b=3 p=0 d=10169
@@7: line 2.2 t=101394 -> @@2
 \T1/ptm/m/n/12 (di 
@ via @@2 b=0 p=0 d=10100
@@8: line 2.2 t=101325 -> @@2
\T1/ptm/m/it/12 po-ol \T1/ptm/m/n/12 Pe-ne-ri-ma). 
@ via @@3 b=2828 p=0 d=8054244
@ via @@4 b=6493 p=0 d=42289009
@@9: line 3.0 t=37456094 -> @@3
Ga-ris 
@ via @@3 b=991 p=0 d=1002001
@ via @@4 b=2653 p=0 d=7091569
@ via @@5 b=6412 p=0 d=41242084
@@10: line 3.0 t=13656442 -> @@4
ini 
@ via @@3 b=565 p=0 d=330625
@ via @@4 b=1708 p=0 d=2951524
@ via @@5 b=4441 p=0 d=19811401
@@11: line 3.0 t=9516397 -> @@4
me-rep-re-sen-ta-sik-an 
@ via @@3 b=0 p=0 d=10100
@ via @@4 b=43 p=0 d=2809
@ via @@5 b=427 p=0 d=190969
@ via @@6 b=2368 p=0 d=5654884
@ via @@7 b=6893 p=0 d=47661409
@@12: line 3.0 t=2440582 -> @@5
in-te-rak-si 
@ via @@4 b=31 p=0 d=11681
@ via @@5 b=40 p=0 d=2500
@ via @@6 b=695 p=0 d=497025
@ via @@7 b=2865 p=0 d=8275625
@ via @@8 b=4341 p=0 d=18941201
@@13: line 3.0 t=683731 -> @@6
fi-sik 
@ via @@5 b=2 p=0 d=10144
@ via @@6 b=275 p=0 d=81225
@ via @@7 b=1546 p=0 d=2431136
@ via @@8 b=2469 p=0 d=6155441
@@14: line 3.0 t=267931 -> @@6
di 
@ via @@5 b=0 p=0 d=10100
@ via @@6 b=145 p=0 d=24025
@ via @@7 b=1028 p=0 d=1087444
@ via @@8 b=1694 p=0 d=2913616
@@15: line 3.0 t=210731 -> @@6
du-nia 
@ via @@6 b=19 p=0 d=841
@ via @@7 b=384 p=0 d=165236
@ via @@8 b=714 p=0 d=534176
@ via @@9 b=6268 p=0 d=39413284
@@16: line 3.1 t=187547 -> @@6
nya-ta, 
@ via @@6 b=0 p=0 d=10100
@ via @@7 b=87 p=0 d=9409
@ via @@8 b=211 p=0 d=58841
@ via @@9 b=3148 p=0 d=9972964
@ via @@10 b=5985 p=0 d=35940025
@@17: line 3.1 t=110803 -> @@7
ya-i-tu 
@ via @@7 b=10 p=0 d=400
@ via @@8 b=44 p=0 d=2916
@ via @@9 b=1521 p=0 d=2343961
@ via @@10 b=3189 p=0 d=10233601
@ via @@11 b=4779 p=0 d=22934521
@@18: line 3.1 t=104241 -> @@8
@@19: line 3.2 t=101794 -> @@7
per-pin-dah-an 
@ via @@9 b=169 p=0 d=32041
@ via @@10 b=594 p=0 d=364816
@ via @@11 b=1072 p=0 d=1170724
@ via @@12 b=7814 p=0 d=61214976
@@20: line 4.0 t=10687121 -> @@11
ko-tak 
@ via @@9 b=22 p=0 d=1024
@ via @@10 b=164 p=0 d=30276
@ via @@11 b=362 p=0 d=138384
@ via @@12 b=4303 p=0 d=18601969
@@21: line 4.0 t=9654781 -> @@11
ma-kan-an 
@ via @@10 b=2 p=0 d=10144
@ via @@11 b=20 p=0 d=900
@ via @@12 b=1478 p=0 d=2214144
@ via @@13 b=4144 p=0 d=17255716
@ via @@14 b=6927 p=0 d=48121969
@@22: line 4.0 t=4654726 -> @@12
da-ri 
@ via @@10 b=63 p=0 d=15329
@ via @@11 b=0 p=0 d=10100
@ via @@12 b=740 p=0 d=562500
@ via @@13 b=2452 p=0 d=6061444
@ via @@14 b=4303 p=0 d=18601969
@ via @@15 b=5954 p=0 d=35569296
@@23: line 4.0 t=3003082 -> @@12
ta-ngan 
@ via @@12 b=189 p=0 d=39601
@ via @@13 b=968 p=0 d=956484
@ via @@14 b=1924 p=0 d=3740356
@ via @@15 b=2799 p=0 d=7890481
@ via @@16 b=5446 p=0 d=29767936
@@24: line 4.0 t=1640215 -> @@13
do-na-tur 
@ via @@12 b=11 p=0 d=10441
@ via @@13 b=230 p=0 d=57600
@ via @@14 b=607 p=0 d=380689
@ via @@15 b=972 p=0 d=964324
@ via @@16 b=2261 p=0 d=5157441
@ via @@17 b=4899 p=0 d=24098281
@@25: line 4.0 t=648620 -> @@14
ke 
@ via @@12 b=1 p=0 d=10121
@ via @@13 b=107 p=0 d=13689
@ via @@14 b=336 p=0 d=119716
@ via @@15 b=571 p=0 d=337561
@ via @@16 b=1460 p=0 d=2160900
@ via @@17 b=3354 p=0 d=11316496
@ via @@18 b=6094 p=0 d=37258816
@ via @@19 b=6094 p=0 d=37268816
@@26: line 4.0 t=387647 -> @@14
ta-ngan 
@ via @@13 b=6 p=0 d=10256
@ via @@14 b=55 p=0 d=4225
@ via @@15 b=125 p=0 d=18225
@ via @@16 b=480 p=0 d=240100
@ via @@17 b=1389 p=0 d=1957201
@ via @@18 b=2856 p=0 d=8213956
@ via @@19 b=2856 p=0 d=8223956
@@27: line 4.0 t=228956 -> @@15
pe-ne-ri-ma. 
@\par via @@14 b=21 p=-10000 d=10961
@\par via @@15 b=0 p=-10000 d=10100
@\par via @@16 b=0 p=-10000 d=100
@\par via @@17 b=0 p=-10000 d=100
@\par via @@18 b=0 p=-10000 d=100
@\par via @@19 b=0 p=-10000 d=100
@\par via @@20 b=0 p=-10000 d=10100
@\par via @@21 b=0 p=-10000 d=10100
@\par via @@22 b=0 p=-10000 d=10100
@\par via @@23 b=0 p=-10000 d=10100
@\par via @@24 b=0 p=-10000 d=10100
@\par via @@25 b=0 p=-10000 d=10100
@\par via @@26 b=0 p=-10000 d=10100
@\par via @@27 b=0 p=-10000 d=10100
@@28: line 4.2- t=101894 -> @@19


Underfull \hbox (badness 10000) in paragraph at lines 112--113
\T1/ptm/m/n/12 Terdapat ga-ris putus-putus (\T1/ptm/m/it/12 Mes-sa-ge Flow\T1/ptm/m/n/12 ) yang meng-hu-bungk-an ak-ti-vi-tas
 []

@firstpass
|[]\T1/ptm/b/n/12 Analisis Kelemahan Sistem As-Is (\T1/ptm/b/it/12 Pain Points\T1/ptm/b/n/12 )| 
@\par via @@0 b=0 p=-10000 d=100
@@1: line 1.2- t=100 -> @@0

@firstpass
\T1/ptm/m/n/12 Dari alur yang tergambar, BPMN ini secara eksplisit memperlihatkan mengapa sistem 
@ via @@0 b=45 p=0 d=3025
@@1: line 1.1 t=3025 -> @@0
yang ada saat ini tidak efisien dan membutuhkan perbaikan (sistem \T1/ptm/m/it/12 To-Be\T1/ptm/m/n/12 ). Berikut adalah 
@ via @@1 b=55 p=0 d=14225
@@2: line 2.3 t=17250 -> @@1
hambatannya: 
@\par via @@2 b=0 p=-10000 d=100
@@3: line 3.2- t=17350 -> @@2

@firstpass
@secondpass
[]\T1/ptm/b/n/12 Titik Bu-ta In-for-ma-si (Ine-fi-si-en-si Wak-tu): \T1/ptm/m/n/12 Ak-ti-vi-tas "Men-ca-ri pe-ne-ri-ma" 
@ via @@0 b=611 p=0 d=395641
@@1: line 1.0 t=395641 -> @@0
me-mak-an wak-tu yang sa-ngat la-ma. Ti-dak ada \T1/ptm/m/it/12 da-ta-ba-se \T1/ptm/m/n/12 atau \T1/ptm/m/it/12 ma-tch-ma-king
@\kern via @@1 b=295 p=0 d=93025
@@2: line 2.0 t=488666 -> @@1
 \T1/ptm/m/n/12 yang 
@ via @@1 b=0 p=0 d=10100
@@3: line 2.2 t=405741 -> @@1
meng-hu-bungk-an do-na-tur de-ngan pi-hak yang benar-benar mem-bu-tuhk-an 
@ via @@2 b=122 p=0 d=17424
@ via @@3 b=4995 p=0 d=25060025
@@4: line 3.0 t=506090 -> @@2
se-ca-ra 
@ via @@3 b=16 p=0 d=676
@@5: line 3.1 t=406417 -> @@3
\T1/ptm/m/it/12 real-time\T1/ptm/m/n/12 . 
@\par via @@4 b=0 p=-10000 d=10100
@\par via @@5 b=0 p=-10000 d=100
@@6: line 4.2- t=406517 -> @@5

@firstpass
[]\T1/ptm/b/n/12 Risiko Logistik (Ketiadaan Relawan/Kurir): \T1/ptm/m/n/12 Karena tidak ada pihak ketiga, 
@ via @@0 b=12 p=0 d=484
@@1: line 1.2 t=484 -> @@0
aktivitas "Memberikan makanan" membebani donatur. Jika donatur sibuk atau 
@ via @@1 b=9 p=0 d=361
@@2: line 2.2 t=845 -> @@1
tidak punya kendaraan, donasi bisa tertunda. Akibatnya, ada risiko makanan 
@ via @@2 b=68 p=0 d=6084
@@3: line 3.1 t=6929 -> @@2
membusuk sebelum sempat didonasikan. 
@\par via @@3 b=0 p=-10000 d=100
@@4: line 4.2- t=7029 -> @@3

@firstpass
[]\T1/ptm/b/n/12 Isu Keamanan Pangan (\T1/ptm/b/it/12 Food Safety\T1/ptm/b/n/12 ): \T1/ptm/m/n/12 Karena semua berjalan tertutup antara 
@ via @@0 b=9 p=0 d=361
@@1: line 1.2 t=361 -> @@0
@secondpass
[]\T1/ptm/b/n/12 Isu Ke-a-man-an Pa-ngan (\T1/ptm/b/it/12 Fo-od Sa-fe-ty\T1/ptm/b/n/12 ): \T1/ptm/m/n/12 Ka-re-na se-mua ber-jal-an ter-tu-tup 
@ via @@0 b=1533 p=0 d=2390849
@@1: line 1.0 t=2390849 -> @@0
an-ta-ra 
@ via @@0 b=9 p=0 d=361
@@2: line 1.2 t=361 -> @@0
dua pi-hak, ti-dak ada ve-ri-fi-ka-si eks-ter-nal sa-at ta-hap "Meng-e-mas 
@ via @@1 b=2753 p=0 d=7634169
@@3: line 2.0 t=10025018 -> @@1
ma-kan-an". 
@ via @@1 b=17 p=0 d=10729
@ via @@2 b=494 p=0 d=264016
@@4: line 2.0 t=264377 -> @@2
Pe-ne-ri-ma ti-dak me-mi-li-ki ja-min-an pas-ti meng-e-nai ting-kat 
@ via @@3 b=4429 p=0 d=19704721
@@5: line 3.0 t=29729739 -> @@3
hi-gi-e-ni-tas 
@ via @@3 b=8 p=0 d=10324
@@6: line 3.2 t=10035342 -> @@3
ma-kan-an 
@ via @@4 b=145 p=0 d=24025
@@7: line 3.0 t=288402 -> @@4
ter-se-but se-la-in ra-sa per-ca-ya ke-pa-da do-na-tur. 
@\par via @@5 b=0 p=-10000 d=10100
@\par via @@6 b=0 p=-10000 d=100
@\par via @@7 b=0 p=-10000 d=10100
@@8: line 4.2- t=298502 -> @@7

@firstpass
[] 
@\par via @@0 b=0 p=-10000 d=100
@@1: line 1.2- t=100 -> @@0

File: image/Logo_Universitas_Telkom_Horizontal.png Graphic file (type png)
<use image/Logo_Universitas_Telkom_Horizontal.png>
Package pdftex.def Info: image/Logo_Universitas_Telkom_Horizontal.png  used on input line 123.
(pdftex.def)             Requested size: 77.11923pt x 34.14322pt.
@firstpass
[][] 
@ via @@0 b=0 p=0 d=100
@@1: line 1.2 t=100 -> @@0
|
@\par via @@0 b=0 p=-10000 d=100
@\par via @@1 b=0 p=-10000 d=100
@@2: line 1.2- t=100 -> @@0

@firstpass
[]
@\par via @@0 b=0 p=-10000 d=100
@@1: line 1.2- t=100 -> @@0

@firstpass
[] 
@\par via @@0 b=0 p=-10000 d=100
@@1: line 1.2- t=100 -> @@0

@firstpass
[]
@\par via @@0 b=0 p=-10000 d=100
@@1: line 1.2- t=100 -> @@0

@firstpass
[]\T1/ptm/m/n/12 13|
@\par via @@0 b=0 p=-10000 d=100
@@1: line 1.2- t=100 -> @@0

[13]
<image/bpmnToBe.png, id=385, 5787.6225pt x 2872.7325pt>
File: image/bpmnToBe.png Graphic file (type png)
<use image/bpmnToBe.png>
Package pdftex.def Info: image/bpmnToBe.png  used on input line 127.
(pdftex.def)             Requested size: 581.01991pt x 288.38594pt.


Package caption Warning: The option `hypcap=true' will be ignored for this
(caption)                particular \caption on input line 128.
See the caption package documentation for explanation.

@firstpass
[][]
@\par via @@0 b=0 p=-10000 d=100
@@1: line 1.2- t=100 -> @@0

@firstpass
[]\T1/ptm/m/n/12 Gambar 2.3: 
@ via @@0 b=0 p=0 d=100
@@1: line 1.2 t=100 -> @@0
|[]Proses 
@ via @@0 b=0 p=0 d=100
@ via @@1 b=0 p=0 d=100
@@2: line 1.2 t=100 -> @@0
Bisnis 
@ via @@0 b=0 p=0 d=100
@ via @@1 b=0 p=0 d=100
@ via @@2 b=0 p=0 d=100
@@3: line 1.2 t=100 -> @@0
Sistem 
@ via @@0 b=0 p=0 d=100
@ via @@1 b=0 p=0 d=100
@ via @@2 b=0 p=0 d=100
@ via @@3 b=0 p=0 d=100
@@4: line 1.2 t=100 -> @@0
Usulan 
@ via @@0 b=0 p=0 d=100
@ via @@1 b=0 p=0 d=100
@ via @@2 b=0 p=0 d=100
@ via @@3 b=0 p=0 d=100
@ via @@4 b=0 p=0 d=100
@@5: line 1.2 t=100 -> @@0
(BPMN 
@ via @@0 b=0 p=0 d=100
@ via @@1 b=0 p=0 d=100
@ via @@2 b=0 p=0 d=100
@ via @@3 b=0 p=0 d=100
@ via @@4 b=0 p=0 d=100
@ via @@5 b=0 p=0 d=100
@@6: line 1.2 t=100 -> @@0
To-Be)|
@\par via @@0 b=0 p=-10000 d=100
@\par via @@1 b=0 p=-10000 d=100
@\par via @@2 b=0 p=-10000 d=100
@\par via @@3 b=0 p=-10000 d=100
@\par via @@4 b=0 p=-10000 d=100
@\par via @@5 b=0 p=-10000 d=100
@\par via @@6 b=0 p=-10000 d=100
@@7: line 1.2- t=100 -> @@0

@firstpass
[][] 
@\par via @@0 b=0 p=-10000 d=100
@@1: line 1.2- t=100 -> @@0

@firstpass
[] 
@\par via @@0 b=0 p=-10000 d=100
@@1: line 1.2- t=100 -> @@0

File: image/Logo_Universitas_Telkom_Horizontal.png Graphic file (type png)
<use image/Logo_Universitas_Telkom_Horizontal.png>
Package pdftex.def Info: image/Logo_Universitas_Telkom_Horizontal.png  used on input line 131.
(pdftex.def)             Requested size: 77.11923pt x 34.14322pt.
@firstpass
[][] 
@ via @@0 b=0 p=0 d=100
@@1: line 1.2 t=100 -> @@0
|
@\par via @@0 b=0 p=-10000 d=100
@\par via @@1 b=0 p=-10000 d=100
@@2: line 1.2- t=100 -> @@0

@firstpass
[]
@\par via @@0 b=0 p=-10000 d=100
@@1: line 1.2- t=100 -> @@0

@firstpass
[] 
@\par via @@0 b=0 p=-10000 d=100
@@1: line 1.2- t=100 -> @@0

@firstpass
[]
@\par via @@0 b=0 p=-10000 d=100
@@1: line 1.2- t=100 -> @@0

@firstpass
[]\T1/ptm/m/n/12 14|
@\par via @@0 b=0 p=-10000 d=100
@@1: line 1.2- t=100 -> @@0

[14

 <./image/bpmnToBe.png (PNG copy)>]
@firstpass
@secondpass
[]\T1/ptm/m/n/12 Berikut ada-lah pen-je-las-an leng-kap meng-e-nai di-a-gram BPMN \T1/ptm/b/n/12 To-Be \T1/ptm/m/n/12 (sis-tem 
@ via @@0 b=8019 p=0 d=64474841
@@1: line 1.0 t=64474841 -> @@0
usul-an/harapan) yang meng-gam-bark-an alur pro-ses se-te-lah di-di-gi-ta-li-sa-si meng-gu-nak-an 
@ via @@1 b=159 p=0 d=28561
@@2: line 2.0 t=64503402 -> @@1
apli-ka-si. 
@\par via @@2 b=0 p=-10000 d=10100
@@3: line 3.2- t=64513502 -> @@2


Underfull \hbox (badness 8019) in paragraph at lines 135--136
[]\T1/ptm/m/n/12 Berikut ada-lah pen-je-las-an leng-kap meng-e-nai di-a-gram BPMN \T1/ptm/b/n/12 To-Be \T1/ptm/m/n/12 (sis-tem
 []

@firstpass
|[]\T1/ptm/b/n/12 Gambaran Umum| 
@\par via @@0 b=0 p=-10000 d=100
@@1: line 1.2- t=100 -> @@0

@firstpass
@secondpass
\T1/ptm/m/n/12 Sistem \T1/ptm/m/it/12 To-Be \T1/ptm/m/n/12 me-rom-bak to-tal ca-ra ker-ja kon-ven-sio-nal men-ja-di ter-pu-sat pa-da 
@ via @@0 b=5077 p=0 d=25887569
@@1: line 1.0 t=25887569 -> @@0
se-bu-ah 
@ via @@0 b=233 p=0 d=69049
@@2: line 1.0 t=69049 -> @@0
apli-ka-si di-gi-tal. Pro-ses ti-dak la-gi meng-an-dalk-an ko-mu-ni-ka-si ma-nu-al 
@ via @@1 b=4416 p=0 d=19589476
@@3: line 2.0 t=45477045 -> @@1
(se-per-ti 
@ via @@1 b=193 p=0 d=41209
@ via @@2 b=3838 p=0 d=14807104
@@4: line 2.0 t=14876153 -> @@2
\T1/ptm/m/it/12 chat
@\kern via @@1 b=0 p=0 d=10100
@\kern via @@2 b=666 p=0 d=456976
@@5: line 2.0 t=526025 -> @@2
 \T1/ptm/m/n/12 atau 
@ via @@2 b=27 p=0 d=1369
@@6: line 2.1 t=70418 -> @@2
men-ca-ri da-ri pin-tu ke pin-tu), me-la-ink-an di-o-to-ma-ti-sa-si me-la-lui 
@ via @@3 b=1490 p=0 d=2250000
@@7: line 3.0 t=47727045 -> @@3
pla-tform 
@ via @@3 b=0 p=0 d=10100
@ via @@4 b=1024 p=0 d=1069156
@ via @@5 b=5607 p=0 d=31550689
@@8: line 3.0 t=15945309 -> @@4
yang 
@ via @@4 b=31 p=0 d=1681
@ via @@5 b=832 p=0 d=708964
@ via @@6 b=4779 p=0 d=22934521
@@9: line 3.0 t=1234989 -> @@5
meng-hu-bungk-an ber-ba-gai pi-hak se-ca-ra \T1/ptm/m/it/12 real-time\T1/ptm/m/n/12 . 
@\par via @@7 b=0 p=-10000 d=10100
@\par via @@8 b=0 p=-10000 d=10100
@\par via @@9 b=0 p=-10000 d=10100
@@10: line 4.2- t=1245089 -> @@9

@firstpass
|[]\T1/ptm/b/n/12 Partisipan (Aktor) yang Terlibat| 
@\par via @@0 b=0 p=-10000 d=100
@@1: line 1.2- t=100 -> @@0

@firstpass
\T1/ptm/m/n/12 Pada sistem yang baru ini, terdapat penambahan satu aktor penting yang difasilitasi oleh 
@ via @@0 b=0 p=0 d=100
@@1: line 1.2 t=100 -> @@0
sistem: 
@\par via @@1 b=0 p=-10000 d=100
@@2: line 2.2- t=200 -> @@1

@firstpass
[]\T1/ptm/b/n/12 Penerima: \T1/ptm/m/n/12 Pengguna aplikasi yang mencari dan memesan donasi makanan. 
@\par via @@0 b=0 p=-10000 d=100
@@1: line 1.2- t=100 -> @@0

@firstpass
@secondpass
[]\T1/ptm/b/n/12 Donatur: \T1/ptm/m/n/12 Pi-hak yang mem-pos-ting ke-ter-se-di-a-an ma-kan-an ber-le-bih un-tuk 
@ via @@0 b=1478 p=0 d=2224144
@@1: line 1.0 t=2224144 -> @@0
di-do-na-sik-an. 
@\par via @@1 b=0 p=-10000 d=10100
@@2: line 2.2- t=2234244 -> @@1


Underfull \hbox (badness 1478) in paragraph at lines 144--145
[]\T1/ptm/b/n/12 Donatur: \T1/ptm/m/n/12 Pi-hak yang mem-pos-ting ke-ter-se-di-a-an ma-kan-an ber-le-bih un-tuk
 []

@firstpass
[]\T1/ptm/b/n/12 Relawan (Aktor Baru): \T1/ptm/m/n/12 Pihak ketiga yang bertugas sebagai pahlawan logistik 
@ via @@0 b=2 p=0 d=144
@@1: line 1.2 t=144 -> @@0
(kurir) untuk menjembatani donatur dan penerima. 
@\par via @@1 b=0 p=-10000 d=100
@@2: line 2.2- t=244 -> @@1

@firstpass
|[]\T1/ptm/b/n/12 Alur Proses Utama (\T1/ptm/b/it/12 Process Flow\T1/ptm/b/n/12 )| 
@\par via @@0 b=0 p=-10000 d=100
@@1: line 1.2- t=100 -> @@0

@firstpass
[]\T1/ptm/b/n/12 Pool Penerima (Pusat Kendali Pemesanan) 
@\penalty via @@0 b=0 p=-10000 d=100
@@1: line 1.2 t=100 -> @@0
\T1/ptm/m/n/12 Penerima kini menjadi pihak yang aktif memilih donasi. Alurnya adalah: 
@\par via @@1 b=0 p=-10000 d=100
@@2: line 2.2- t=200 -> @@1

@firstpass
[]\T1/ptm/b/n/12 Autentikasi: \T1/ptm/m/n/12 Penerima membuka aplikasi dan diwajibkan untuk \T1/ptm/m/it/12 Login
@\kern via @@0 b=0 p=0 d=100
@@1: line 1.2 t=100 -> @@0
 \T1/ptm/m/n/12 atau \T1/ptm/m/it/12 Register \T1/ptm/m/n/12 jika belum memiliki akun. 
@\par via @@1 b=0 p=-10000 d=100
@@2: line 2.2- t=200 -> @@1

@firstpass
[]\T1/ptm/b/n/12 Eksplorasi & Order: \T1/ptm/m/n/12 Masuk ke halaman beranda, mencari makanan 
@ via @@0 b=14 p=0 d=576
@@1: line 1.1 t=576 -> @@0
yang diinginkan, dan melakukan order jika menemukannya. 
@\par via @@1 b=0 p=-10000 d=100
@@2: line 2.2- t=676 -> @@1

@firstpass
@secondpass
[]\T1/ptm/b/n/12 Opsi Lo-gis-tik: \T1/ptm/m/n/12 Sis-tem meng-e-cek ke-ter-se-di-a-an ala-mat. Se-te-lah 
@ via @@0 b=1577 p=0 d=2528569
@@1: line 1.0 t=2528569 -> @@0
itu, 
@ via @@0 b=181 p=0 d=46481
@@2: line 1.0 t=46481 -> @@0
pe-ne-ri-ma di-ha-dapk-an pa-da \T1/ptm/m/it/12 Ga-te-way \T1/ptm/m/n/12 per-ca-bang-an me-to-de 
@ via @@1 b=7238 p=0 d=52533504
@@3: line 2.0 t=55062073 -> @@1
pe-ngam-bil-an: 
@\par via @@2 b=24 p=-10000 d=11156
@\par via @@3 b=0 p=-10000 d=10100
@@4: line 2.3- t=57637 -> @@2

@firstpass
[]\T1/ptm/b/n/12 Pick up: \T1/ptm/m/n/12 Penerima datang langsung ke lokasi donatur. 
@\par via @@0 b=0 p=-10000 d=100
@@1: line 1.2- t=100 -> @@0

@firstpass
@secondpass
[]\T1/ptm/b/n/12 Diantar: \T1/ptm/m/n/12 Sis-tem se-ca-ra oto-ma-tis ak-an mem-\T1/ptm/m/it/12 broadcast
@\kern via @@0 b=4048 p=0 d=16477364
@@1: line 1.0 t=16477364 -> @@0
 \T1/ptm/m/n/12 pe-san-an ter-se-but men-ja-di "mi-si" ba-gi pa-ra re-la-w-an. 
@\par via @@1 b=0 p=-10000 d=10100
@@2: line 2.2- t=16487464 -> @@1


Underfull \hbox (badness 4048) in paragraph at lines 158--159
[]\T1/ptm/b/n/12 Diantar: \T1/ptm/m/n/12 Sis-tem se-ca-ra oto-ma-tis ak-an mem-\T1/ptm/m/it/12 broadcast
 []

@firstpass
[]\T1/ptm/b/n/12 Pool Donatur (Penyedia Donasi) 
@\penalty via @@0 b=0 p=-10000 d=100
@@1: line 1.2 t=100 -> @@0
\T1/ptm/m/n/12 Alur donatur menjadi jauh lebih ringkas dan terarah: 
@\par via @@1 b=0 p=-10000 d=100
@@2: line 2.2- t=200 -> @@1

@firstpass
[]\T1/ptm/b/n/12 Notifikasi: \T1/ptm/m/n/12 Donatur menerima notifikasi order dari sistem, lalu mulai 
@ via @@0 b=13 p=0 d=529
@@1: line 1.1 t=529 -> @@0
mengemas makanan. 
@\par via @@1 b=0 p=-10000 d=100
@@2: line 2.2- t=629 -> @@1

@firstpass
[]\T1/ptm/b/n/12 Menunggu & Validasi: \T1/ptm/m/n/12 Donatur cukup menunggu pihak pengambil 
@ via @@0 b=74 p=0 d=7056
@@1: line 1.1 t=7056 -> @@0
(Penerima atau Relawan) datang. 
@\par via @@1 b=0 p=-10000 d=100
@@2: line 2.2- t=7156 -> @@1

@firstpass
[] 
@\par via @@0 b=0 p=-10000 d=100
@@1: line 1.2- t=100 -> @@0

File: image/Logo_Universitas_Telkom_Horizontal.png Graphic file (type png)
<use image/Logo_Universitas_Telkom_Horizontal.png>
Package pdftex.def Info: image/Logo_Universitas_Telkom_Horizontal.png  used on input line 166.
(pdftex.def)             Requested size: 77.11923pt x 34.14322pt.
@firstpass
[][] 
@ via @@0 b=0 p=0 d=100
@@1: line 1.2 t=100 -> @@0
|
@\par via @@0 b=0 p=-10000 d=100
@\par via @@1 b=0 p=-10000 d=100
@@2: line 1.2- t=100 -> @@0

@firstpass
[]
@\par via @@0 b=0 p=-10000 d=100
@@1: line 1.2- t=100 -> @@0

@firstpass
[] 
@\par via @@0 b=0 p=-10000 d=100
@@1: line 1.2- t=100 -> @@0

@firstpass
[]
@\par via @@0 b=0 p=-10000 d=100
@@1: line 1.2- t=100 -> @@0

@firstpass
[]\T1/ptm/m/n/12 15|
@\par via @@0 b=0 p=-10000 d=100
@@1: line 1.2- t=100 -> @@0

[15

]
@firstpass
[]\T1/ptm/b/n/12 Keamanan (QR Code): \T1/ptm/m/n/12 Saat pengambil tiba, donatur akan meminta 
@ via @@0 b=28 p=0 d=1444
@@1: line 1.1 t=1444 -> @@0
@secondpass
[]\T1/ptm/b/n/12 Keamanan (QR Co-de): \T1/ptm/m/n/12 Sa-at pe-ngam-bil ti-ba, do-na-tur ak-an 
@ via @@0 b=5331 p=0 d=28536281
@@1: line 1.0 t=28536281 -> @@0
me-min-ta 
@ via @@0 b=28 p=0 d=1444
@@2: line 1.1 t=1444 -> @@0
QR Co-de atau ko-de unik, me-la-kuk-an \T1/ptm/m/it/12 sc-an \T1/ptm/m/n/12 via apli-ka-si, 
@ via @@1 b=808 p=0 d=669124
@@3: line 2.0 t=29205405 -> @@1
dan 
@ via @@1 b=33 p=0 d=1849
@ via @@2 b=3907 p=0 d=15342889
@@4: line 2.0 t=15344333 -> @@2
ba-ru 
@ via @@2 b=568 p=0 d=334084
@@5: line 2.0 t=335528 -> @@2
me-nye-rahk-an ma-kan-an se-te-lah da-ta va-lid. 
@\par via @@3 b=0 p=-10000 d=10100
@\par via @@4 b=0 p=-10000 d=10100
@\par via @@5 b=0 p=-10000 d=10100
@@6: line 3.2- t=345628 -> @@5

@firstpass
[]\T1/ptm/b/n/12 Pool Relawan (Penyelesai Kendala Logistik) 
@\penalty via @@0 b=0 p=-10000 d=100
@@1: line 1.2 t=100 -> @@0
\T1/ptm/m/n/12 Alur ini hanya terpicu jika penerima memilih metode "Diantar": 
@\par via @@1 b=0 p=-10000 d=100
@@2: line 2.2- t=200 -> @@1

@firstpass
[]\T1/ptm/b/n/12 Klaim Misi: \T1/ptm/m/n/12 Relawan menerima notifikasi misi logistik di sekitarnya 
@ via @@0 b=15 p=0 d=625
@@1: line 1.1 t=625 -> @@0
dan melakukan "Klaim misi". 
@\par via @@1 b=0 p=-10000 d=100
@@2: line 2.2- t=725 -> @@1

@firstpass
@secondpass
[]\T1/ptm/b/n/12 Pengambilan: \T1/ptm/m/n/12 Re-la-w-an me-nu-ju lo-ka-si do-na-tur, me-le-wa-ti pro-ses 
@ via @@0 b=1472 p=0 d=2206324
@@1: line 1.0 t=2206324 -> @@0
ve-ri-fi-ka-si QR da-ri do-na-tur, dan me-ne-ri-ma ma-kan-an. 
@\par via @@1 b=0 p=-10000 d=10100
@@2: line 2.2- t=2216424 -> @@1


Underfull \hbox (badness 1472) in paragraph at lines 172--173
[]\T1/ptm/b/n/12 Pengambilan: \T1/ptm/m/n/12 Re-la-w-an me-nu-ju lo-ka-si do-na-tur, me-le-wa-ti pro-ses
 []

@firstpass
[]\T1/ptm/b/n/12 Pengantaran: \T1/ptm/m/n/12 Relawan mengantarkan makanan ke lokasi penerima. 
@\par via @@0 b=0 p=-10000 d=100
@@1: line 1.2- t=100 -> @@0

@firstpass
@secondpass
[]\T1/ptm/b/n/12 Validasi Akhir: \T1/ptm/m/n/12 Di lo-ka-si tu-ju-an, re-la-w-an me-min-ta QR Co-de 
@ via @@0 b=2096 p=0 d=4445236
@@1: line 1.0 t=4445236 -> @@0
da-ri 
@ via @@0 b=228 p=0 d=66644
@@2: line 1.0 t=66644 -> @@0
pe-ne-ri-ma, me-la-kuk-an \T1/ptm/m/it/12 sc-an\T1/ptm/m/n/12 , dan me-nye-rahk-an ma-kan-an. 
@\par via @@1 b=0 p=-10000 d=10100
@\par via @@2 b=0 p=-10000 d=10100
@@3: line 2.2- t=76744 -> @@2

@firstpass
|[]\T1/ptm/b/n/12 Solusi yang Ditawarkan (Perbaikan dari Sistem As-Is)| 
@\par via @@0 b=0 p=-10000 d=100
@@1: line 1.2- t=100 -> @@0

@firstpass
@secondpass
\T1/ptm/m/n/12 Sistem \T1/ptm/m/it/12 To-Be \T1/ptm/m/n/12 ini se-ca-ra lang-sung me-nye-le-sa-ik-an kelemahan-kelemahan (\T1/ptm/m/it/12 pa-in po-in-ts\T1/ptm/m/n/12 ) 
@ via @@0 b=213 p=0 d=59729
@@1: line 1.0 t=59729 -> @@0
pa-da sis-tem \T1/ptm/m/it/12 As-Is\T1/ptm/m/n/12 : 
@\par via @@1 b=0 p=-10000 d=10100
@@2: line 2.2- t=69829 -> @@1

@firstpass
[]\T1/ptm/b/n/12 Mengatasi \T1/ptm/b/it/12 Blind Spot \T1/ptm/b/n/12 Informasi: \T1/ptm/m/n/12 Fitur aplikasi membuat donatur tidak perlu 
@ via @@0 b=13 p=0 d=529
@@1: line 1.1 t=529 -> @@0
@secondpass
[]\T1/ptm/b/n/12 Mengatasi \T1/ptm/b/it/12 Blind Spot \T1/ptm/b/n/12 In-for-ma-si: \T1/ptm/m/n/12 Fi-tur apli-ka-si mem-bu-at do-na-tur ti-dak 
@ via @@0 b=1163 p=0 d=1385929
@@1: line 1.0 t=1385929 -> @@0
per-lu 
@ via @@0 b=13 p=0 d=529
@@2: line 1.1 t=529 -> @@0
pu-sing men-ca-ri si-a-pa yang mau me-ne-ri-ma do-na-si. Pe-ne-ri-ma 
@ via @@1 b=5374 p=0 d=28987456
@@3: line 2.0 t=30373385 -> @@1
da-pat 
@ via @@1 b=760 p=0 d=592900
@ via @@2 b=5064 p=0 d=25745476
@@4: line 2.0 t=1978829 -> @@1
lang-sung 
@ via @@2 b=107 p=0 d=13689
@@5: line 2.0 t=14218 -> @@2
me-li-hat ke-ter-se-di-a-an ma-kan-an di be-ran-da apli-ka-si dan 
@ via @@3 b=4132 p=0 d=17156164
@@6: line 3.0 t=47529549 -> @@3
me-me-san-nya 
@ via @@4 b=78 p=0 d=7744
@@7: line 3.1 t=1986573 -> @@4
se-ke-ti-ka. 
@\par via @@5 b=0 p=-10000 d=10100
@\par via @@6 b=0 p=-10000 d=10100
@\par via @@7 b=0 p=-10000 d=100
@@8: line 3.2- t=24318 -> @@5

@firstpass
@secondpass
[]\T1/ptm/b/n/12 Menyelesaikan Ken-da-la Lo-gis-tik: \T1/ptm/m/n/12 Ke-ha-dir-an en-ti-tas \T1/ptm/b/n/12 Re-la-w-an \T1/ptm/m/n/12 me-mas-tik-an 
@ via @@0 b=214 p=0 d=60176
@@1: line 1.0 t=60176 -> @@0
ran-tai pa-sok ti-dak ter-pu-tus. Ji-ka do-na-tur ti-dak bi-sa meng-an-tar dan 
@ via @@1 b=4096 p=0 d=16859236
@@2: line 2.0 t=16919412 -> @@1
pe-ne-ri-ma 
@ via @@1 b=87 p=0 d=9409
@@3: line 2.1 t=69585 -> @@1
ti-dak 
@ via @@1 b=61 p=0 d=15041
@@4: line 2.3 t=75217 -> @@1
bi-sa meng-am-bil, re-la-w-an ak-an meng-am-bil alih mi-si 
@ via @@2 b=7415 p=0 d=55130625
@@5: line 3.0 t=72050037 -> @@2
ter-se-but. 
@\par via @@2 b=0 p=-10000 d=10100
@\par via @@3 b=0 p=-10000 d=100
@\par via @@4 b=0 p=-10000 d=100
@\par via @@5 b=0 p=-10000 d=10100
@@6: line 3.2- t=69685 -> @@3

@firstpass
[]\T1/ptm/b/n/12 Validasi & Keamanan Pangan (Fitur QR Code): \T1/ptm/m/n/12 Proses \T1/ptm/m/it/12 Scan \T1/ptm/m/n/12 QR Code yang 
@ via @@0 b=0 p=0 d=100
@@1: line 1.2 t=100 -> @@0
dilakukan oleh Donatur dan Relawan memastikan bahwa donasi jatuh ke tangan 
@ via @@1 b=0 p=0 d=100
@@2: line 2.2 t=200 -> @@1
@secondpass
[]\T1/ptm/b/n/12 Validasi & Ke-a-man-an Pa-ngan (Fi-tur QR Co-de): \T1/ptm/m/n/12 Pro-ses \T1/ptm/m/it/12 Sc-an \T1/ptm/m/n/12 QR 
@ via @@0 b=3128 p=0 d=9857044
@@1: line 1.0 t=9857044 -> @@0
Co-de 
@ via @@0 b=295 p=0 d=103025
@@2: line 1.0 t=103025 -> @@0
yang 
@ via @@0 b=0 p=0 d=100
@@3: line 1.2 t=100 -> @@0
di-la-kuk-an oleh Do-na-tur dan Re-la-w-an me-mas-tik-an bah-wa 
@ via @@1 b=5893 p=0 d=34845409
@@4: line 2.0 t=44702453 -> @@1
do-na-si 
@ via @@1 b=240 p=0 d=62500
@ via @@2 b=4205 p=0 d=17766225
@@5: line 2.0 t=9919544 -> @@1
ja-tuh 
@ via @@1 b=38 p=0 d=12304
@ via @@2 b=289 p=0 d=89401
@ via @@3 b=4036 p=0 d=16380116
@@6: line 2.0 t=192426 -> @@2
ke 
@ via @@2 b=12 p=0 d=10484
@ via @@3 b=1024 p=0 d=1079156
@@7: line 2.2 t=113509 -> @@2
ta-ngan 
@ via @@3 b=0 p=0 d=100
@@8: line 2.2 t=200 -> @@3
orang yang te-pat se-ca-ra sis-tem. Ini ju-ga 
@ via @@4 b=5771 p=0 d=33419961
@@9: line 3.0 t=78122414 -> @@4
me-mi-ni-ma-li-sir 
@ via @@4 b=9 p=0 d=10361
@ via @@5 b=892 p=0 d=813604
@ via @@6 b=4765 p=0 d=22800625
@@10: line 3.0 t=10733148 -> @@5
pe-ni-pu-an 
@ via @@5 b=2 p=0 d=10144
@ via @@6 b=151 p=0 d=25921
@ via @@7 b=764 p=0 d=609076
@ via @@8 b=6927 p=0 d=48131969
@@11: line 3.0 t=218347 -> @@6
dan 
@ via @@6 b=1 p=0 d=10121
@ via @@7 b=65 p=0 d=5625
@ via @@8 b=1983 p=0 d=3982049
@@12: line 3.1 t=119134 -> @@7
mem-be-rik-an \T1/ptm/m/it/12 trac-king \T1/ptm/m/n/12 yang je-las kap-an ma-kan-an 
@ via @@9 b=59 p=0 d=4761
@@13: line 4.1 t=78127175 -> @@9
di-pin-dah 
@ via @@10 b=2150 p=0 d=4665600
@@14: line 4.0 t=15398748 -> @@10
ta-ngank-an. 
@\par via @@11 b=0 p=-10000 d=10100
@\par via @@12 b=0 p=-10000 d=100
@\par via @@13 b=0 p=-10000 d=100
@\par via @@14 b=0 p=-10000 d=10100
@@15: line 4.2- t=119234 -> @@12

@firstpass
[] 
@\par via @@0 b=0 p=-10000 d=100
@@1: line 1.2- t=100 -> @@0

File: image/Logo_Universitas_Telkom_Horizontal.png Graphic file (type png)
<use image/Logo_Universitas_Telkom_Horizontal.png>
Package pdftex.def Info: image/Logo_Universitas_Telkom_Horizontal.png  used on input line 187.
(pdftex.def)             Requested size: 77.11923pt x 34.14322pt.
@firstpass
[][] 
@ via @@0 b=0 p=0 d=100
@@1: line 1.2 t=100 -> @@0
|
@\par via @@0 b=0 p=-10000 d=100
@\par via @@1 b=0 p=-10000 d=100
@@2: line 1.2- t=100 -> @@0

@firstpass
[]
@\par via @@0 b=0 p=-10000 d=100
@@1: line 1.2- t=100 -> @@0

@firstpass
[] 
@\par via @@0 b=0 p=-10000 d=100
@@1: line 1.2- t=100 -> @@0

@firstpass
[]
@\par via @@0 b=0 p=-10000 d=100
@@1: line 1.2- t=100 -> @@0

@firstpass
[]\T1/ptm/m/n/12 16|
@\par via @@0 b=0 p=-10000 d=100
@@1: line 1.2- t=100 -> @@0

[16]
@firstpass
|[]\T1/ptm/b/n/14.4 Pengalaman Pengguna| 
@\par via @@0 b=0 p=-10000 d=100
@@1: line 1.2- t=100 -> @@0

@firstpass
@secondpass
\T1/ptm/m/n/12 Guna me-mas-tik-an bah-wa pla-tform Fo-od AI Re-scue yang di-kem-bangk-an da-pat 
@ via @@0 b=3260 p=0 d=10702900
@@1: line 1.0 t=10702900 -> @@0
me-nye-le-sa-ik-an per-ma-sa-lah-an se-ca-ra aku-rat dan te-pat sa-sar-an, pe-ne-li-ti-an ini me-ne-rapk-an 
@ via @@1 b=3 p=0 d=10169
@@2: line 2.2 t=10713069 -> @@1
pen-de-kat-an de-sa-in ber-pu-sat pa-da ma-nu-sia (\T1/ptm/m/it/12 Human-Centered De-sign\T1/ptm/m/n/12 ). Pen-de-kat-an 
@ via @@2 b=879 p=0 d=800321
@@3: line 3.0 t=11513390 -> @@2
ini 
@ via @@2 b=96 p=0 d=11236
@@4: line 3.1 t=10724305 -> @@2
se-ca-ra spe-si-fik me-me-tak-an pe-nga-lam-an da-ri tar-get peng-gu-na uta-ma di la-pang-an, 
@ via @@3 b=338 p=0 d=121104
@ via @@4 b=1831 p=0 d=3389281
@@5: line 4.0 t=11634494 -> @@3
yak-ni 
@ via @@3 b=4 p=0 d=10196
@ via @@4 b=35 p=0 d=2025
@@6: line 4.1 t=10726330 -> @@4
pi-hak do-na-tur, pe-ne-ri-ma do-na-si, dan re-la-w-an lo-gis-tik, ke-ti-ka me-re-ka 
@ via @@5 b=6316 p=0 d=40018276
@@7: line 5.0 t=51652770 -> @@5
ma-sih 
@ via @@5 b=772 p=0 d=611524
@ via @@6 b=5787 p=0 d=33605209
@@8: line 5.0 t=12246018 -> @@5
me-la-kuk-an 
@ via @@6 b=25 p=0 d=1225
@@9: line 5.1 t=10727555 -> @@6
pro-ses pe-nya-lur-an sur-plus ma-kan-an se-ca-ra ma-nu-al atau kon-ven-sio-nal 
@ via @@7 b=13 p=0 d=529
@ via @@8 b=2142 p=0 d=4631104
@@10: line 6.0 t=16877122 -> @@8
(\T1/ptm/m/it/12 As-Is\T1/ptm/m/n/12 ). 
@ via @@8 b=0 p=0 d=10100
@ via @@9 b=6188 p=0 d=38415204
@@11: line 6.2 t=12256118 -> @@8
Ha-sil 
@ via @@9 b=281 p=0 d=84681
@@12: line 6.0 t=10812236 -> @@9
pe-me-ta-an per-ma-sa-lah-an ter-se-but ke-mu-di-an di-tu-angk-an ke da-lam 
@ via @@10 b=2197 p=0 d=4870849
@@13: line 7.0 t=21747971 -> @@10
ti-ga 
@ via @@10 b=329 p=0 d=114921
@@14: line 7.0 t=16992043 -> @@10
ar-te-fak 
@ via @@10 b=97 p=0 d=21449
@ via @@11 b=820 p=0 d=698900
@ via @@12 b=7595 p=0 d=57836025
@@15: line 7.0 t=12955018 -> @@11
\T1/ptm/m/it/12 User 
@ via @@11 b=4 p=0 d=196
@ via @@12 b=981 p=0 d=982081
@@16: line 7.0 t=11794317 -> @@12
Expe-ri-en-ce \T1/ptm/m/n/12 (UX), me-li-pu-ti \T1/ptm/m/it/12 User Per-so-na\T1/ptm/m/n/12 , \T1/ptm/m/it/12 Em-pa-thy Map\T1/ptm/m/n/12 , 
@ via @@13 b=7504 p=0 d=56460196
@@17: line 8.0 t=78208167 -> @@13
dan 
@ via @@13 b=1845 p=0 d=3441025
@ via @@14 b=7116 p=0 d=50779876
@@18: line 8.0 t=25188996 -> @@13
\T1/ptm/m/it/12 User 
@ via @@13 b=149 p=0 d=25281
@ via @@14 b=1308 p=0 d=1737124
@@19: line 8.0 t=18729167 -> @@14
Jo-ur-ney 
@ via @@14 b=1 p=0 d=10121
@ via @@15 b=931 p=0 d=885481
@ via @@16 b=5771 p=0 d=33419961
@@20: line 8.0 t=13840499 -> @@15
Map\T1/ptm/m/n/12 , 
@ via @@15 b=18 p=0 d=784
@ via @@16 b=816 p=0 d=682276
@@21: line 8.0 t=12476593 -> @@16
yang 
@ via @@16 b=17 p=0 d=729
@@22: line 8.1 t=11795046 -> @@16
di-ja-bark-an se-ba-gai ber-i-kut: 
@\par via @@17 b=0 p=-10000 d=10100
@\par via @@18 b=0 p=-10000 d=10100
@\par via @@19 b=0 p=-10000 d=10100
@\par via @@20 b=0 p=-10000 d=10100
@\par via @@21 b=0 p=-10000 d=10100
@\par via @@22 b=0 p=-10000 d=100
@@23: line 9.2- t=11795146 -> @@22


Underfull \hbox (badness 3260) in paragraph at lines 190--191
\T1/ptm/m/n/12 Guna me-mas-tik-an bah-wa pla-tform Fo-od AI Re-scue yang di-kem-bangk-an da-pat
 []

<image/bab2/segmentasi/UserPersona/UP.DonaturIndividu.png, id=404, 1445.4pt x 813.0375pt>
File: image/bab2/segmentasi/UserPersona/UP.DonaturIndividu.png Graphic file (type png)
<use image/bab2/segmentasi/UserPersona/UP.DonaturIndividu.png>
Package pdftex.def Info: image/bab2/segmentasi/UserPersona/UP.DonaturIndividu.png  used on input line 194.
(pdftex.def)             Requested size: 426.95175pt x 240.15413pt.
@firstpass
[][]
@\par via @@0 b=0 p=-10000 d=100
@@1: line 1.2- t=100 -> @@0

@firstpass
[]\T1/ptm/m/n/12 Gambar 2.4: 
@ via @@0 b=0 p=0 d=100
@@1: line 1.2 t=100 -> @@0
|User 
@ via @@0 b=0 p=0 d=100
@ via @@1 b=0 p=0 d=100
@@2: line 1.2 t=100 -> @@0
Persona 
@ via @@0 b=0 p=0 d=100
@ via @@1 b=0 p=0 d=100
@ via @@2 b=0 p=0 d=100
@@3: line 1.2 t=100 -> @@0
Donatur 
@ via @@0 b=0 p=0 d=100
@ via @@1 b=0 p=0 d=100
@ via @@2 b=0 p=0 d=100
@ via @@3 b=0 p=0 d=100
@@4: line 1.2 t=100 -> @@0
Individu|
@\par via @@0 b=0 p=-10000 d=100
@\par via @@1 b=0 p=-10000 d=100
@\par via @@2 b=0 p=-10000 d=100
@\par via @@3 b=0 p=-10000 d=100
@\par via @@4 b=0 p=-10000 d=100
@@5: line 1.2- t=100 -> @@0

@firstpass
[][] 
@\par via @@0 b=0 p=-10000 d=100
@@1: line 1.2- t=100 -> @@0

@firstpass
[]\T1/ptm/b/n/12 Penjelasan Profil (Siti): \T1/ptm/m/n/12 Siti (32 tahun) adalah ibu rumah tangga sibuk di perkotaan 
@ via @@0 b=91 p=0 d=10201
@@1: line 1.1 t=10201 -> @@0
yang 
@ via @@0 b=6 p=0 d=256
@@2: line 1.2 t=256 -> @@0
sering memiliki makanan berlebih layak konsumsi namun bingung menyalurkannya 
@ via @@1 b=4 p=0 d=196
@@3: line 2.2 t=10397 -> @@1
dengan aman. 
@\par via @@3 b=0 p=-10000 d=100
@@4: line 3.2- t=10497 -> @@3

@firstpass
[]\T1/ptm/b/n/12 Motivasi: \T1/ptm/m/n/12 Ingin berbagi dan melihat dampak nyata, termasuk mengurangi jejak 
@ via @@0 b=0 p=0 d=100
@@1: line 1.2 t=100 -> @@0
karbon (mitigasi iklim). 
@\par via @@1 b=0 p=-10000 d=100
@@2: line 2.2- t=200 -> @@1

@firstpass
@secondpass
[]\T1/ptm/b/n/12 Tujuan: \T1/ptm/m/n/12 Me-nya-lurk-an ma-kan-an sur-plus de-ngan ce-pat se-be-lum ba-si, 
@ via @@0 b=6396 p=0 d=41046836
@@1: line 1.0 t=41046836 -> @@0
ser-ta 
@ via @@0 b=706 p=0 d=522656
@@2: line 1.0 t=522656 -> @@0
men-da-patk-an ja-min-an ke-a-man-an pa-ngan ba-gi pe-ne-ri-ma. 
@\par via @@1 b=0 p=-10000 d=10100
@\par via @@2 b=0 p=-10000 d=10100
@@3: line 2.2- t=532756 -> @@2

@firstpass
@secondpass
[]\T1/ptm/b/n/12 Frustrasi: \T1/ptm/m/n/12 Re-pot men-ca-ri pe-ne-ri-ma ma-nu-al; kha-wa-tir ma-ka-nan-nya ma-lah 
@ via @@0 b=688 p=0 d=497204
@@1: line 1.0 t=497204 -> @@0
me-ra-cu-ni orang la-in ka-re-na ti-dak ada alat ve-ri-fi-ka-si ke-la-yak-an. 
@\par via @@1 b=0 p=-10000 d=10100
@@2: line 2.2- t=507304 -> @@1

@firstpass
[] 
@\par via @@0 b=0 p=-10000 d=100
@@1: line 1.2- t=100 -> @@0

File: image/Logo_Universitas_Telkom_Horizontal.png Graphic file (type png)
<use image/Logo_Universitas_Telkom_Horizontal.png>
Package pdftex.def Info: image/Logo_Universitas_Telkom_Horizontal.png  used on input line 205.
(pdftex.def)             Requested size: 77.11923pt x 34.14322pt.
@firstpass
[][] 
@ via @@0 b=0 p=0 d=100
@@1: line 1.2 t=100 -> @@0
|
@\par via @@0 b=0 p=-10000 d=100
@\par via @@1 b=0 p=-10000 d=100
@@2: line 1.2- t=100 -> @@0

@firstpass
[]
@\par via @@0 b=0 p=-10000 d=100
@@1: line 1.2- t=100 -> @@0

@firstpass
[] 
@\par via @@0 b=0 p=-10000 d=100
@@1: line 1.2- t=100 -> @@0

@firstpass
[]
@\par via @@0 b=0 p=-10000 d=100
@@1: line 1.2- t=100 -> @@0

@firstpass
[]\T1/ptm/m/n/12 17|
@\par via @@0 b=0 p=-10000 d=100
@@1: line 1.2- t=100 -> @@0

[17 <./image/bab2/segmentasi/UserPersona/UP.DonaturIndividu.png (PNG copy)>]
@firstpass
@secondpass
[]\T1/ptm/b/n/12 Preferensi: \T1/ptm/m/n/12 Apli-ka-si mo-bi-le, me-dia so-si-al, ser-ta ni-lai ke-pe-du-li-an so-si-al 
@ via @@0 b=1565 p=0 d=2490625
@@1: line 1.0 t=2490625 -> @@0
dan 
@ via @@0 b=168 p=0 d=41684
@@2: line 1.0 t=41684 -> @@0
efi-si-en-si. 
@\par via @@1 b=0 p=-10000 d=10100
@\par via @@2 b=0 p=-10000 d=10100
@@3: line 2.2- t=51784 -> @@2

<image/bab2/segmentasi/EmpathyMap/EM.DonaturIndividu.png, id=409, 1445.4pt x 813.0375pt>
File: image/bab2/segmentasi/EmpathyMap/EM.DonaturIndividu.png Graphic file (type png)
<use image/bab2/segmentasi/EmpathyMap/EM.DonaturIndividu.png>
Package pdftex.def Info: image/bab2/segmentasi/EmpathyMap/EM.DonaturIndividu.png  used on input line 212.
(pdftex.def)             Requested size: 426.95175pt x 240.15413pt.
@firstpass
[][]
@\par via @@0 b=0 p=-10000 d=100
@@1: line 1.2- t=100 -> @@0

@firstpass
[]\T1/ptm/m/n/12 Gambar 2.5: 
@ via @@0 b=0 p=0 d=100
@@1: line 1.2 t=100 -> @@0
|Empathy 
@ via @@0 b=0 p=0 d=100
@ via @@1 b=0 p=0 d=100
@@2: line 1.2 t=100 -> @@0
Map 
@ via @@0 b=0 p=0 d=100
@ via @@1 b=0 p=0 d=100
@ via @@2 b=0 p=0 d=100
@@3: line 1.2 t=100 -> @@0
Donatur 
@ via @@0 b=0 p=0 d=100
@ via @@1 b=0 p=0 d=100
@ via @@2 b=0 p=0 d=100
@ via @@3 b=0 p=0 d=100
@@4: line 1.2 t=100 -> @@0
Individu|
@\par via @@0 b=0 p=-10000 d=100
@\par via @@1 b=0 p=-10000 d=100
@\par via @@2 b=0 p=-10000 d=100
@\par via @@3 b=0 p=-10000 d=100
@\par via @@4 b=0 p=-10000 d=100
@@5: line 1.2- t=100 -> @@0

@firstpass
[][] 
@\par via @@0 b=0 p=-10000 d=100
@@1: line 1.2- t=100 -> @@0

@firstpass
@secondpass
[]\T1/ptm/b/n/12 Penjelasan As-pek Em-pa-thy Map (Si-ti): \T1/ptm/m/n/12 Si-ti ada-lah ibu ru-mah tang-ga yang 
@ via @@0 b=2726 p=0 d=7495696
@@1: line 1.0 t=7495696 -> @@0
se-ring 
@ via @@0 b=201 p=0 d=54521
@@2: line 1.0 t=54521 -> @@0
me-mi-li-ki ma-kan-an ber-le-bih dan ingin me-nyum-bang de-ngan am-an tan-pa 
@ via @@1 b=3098 p=0 d=9659664
@@3: line 2.0 t=17155360 -> @@1
re-pot. 
@\par via @@1 b=0 p=-10000 d=10100
@\par via @@2 b=0 p=-10000 d=10100
@\par via @@3 b=0 p=-10000 d=10100
@@4: line 2.2- t=64621 -> @@2

@firstpass
@secondpass
[]\T1/ptm/b/n/12 THINKS: \T1/ptm/m/n/12 Me-ra-guk-an ke-a-man-an ma-kan-an si-sa ru-mah tang-ga; sa-yang 
@ via @@0 b=4726 p=0 d=22439696
@@1: line 1.0 t=22439696 -> @@0
ji-ka 
@ via @@0 b=601 p=0 d=383321
@@2: line 1.0 t=383321 -> @@0
di-bu-ang ka-re-na me-ru-sak ling-kung-an; ak-an prak-tis ji-ka ada ku-rir 
@ via @@1 b=3826 p=0 d=14714896
@@3: line 2.0 t=37154592 -> @@1
yang 
@ via @@1 b=452 p=0 d=213444
@ via @@2 b=2856 p=0 d=8213956
@@4: line 2.0 t=8597277 -> @@2
men-jem-put 
@ via @@2 b=31 p=0 d=11681
@@5: line 2.3 t=395002 -> @@2
se-be-lum ma-kan-an ba-si. 
@\par via @@3 b=0 p=-10000 d=10100
@\par via @@4 b=0 p=-10000 d=10100
@\par via @@5 b=0 p=-10000 d=100
@@6: line 3.2- t=395102 -> @@5

@firstpass
[]\T1/ptm/b/n/12 PAINS: \T1/ptm/m/n/12 Cemas akan keamanan pangan karena tidak punya alat ukur higienitas; 
@ via @@0 b=0 p=0 d=100
@@1: line 1.2 t=100 -> @@0
tidak ada sistem yang menghubungkan donatur rumah tangga dengan relawan 
@ via @@1 b=34 p=0 d=1936
@@2: line 2.1 t=2036 -> @@1
secara \T1/ptm/m/it/12 real-time\T1/ptm/m/n/12 ; buta informasi siapa yang membutuhkan di radius terdekat. 
@\par via @@2 b=0 p=-10000 d=100
@@3: line 3.2- t=2136 -> @@2

@firstpass
[]\T1/ptm/b/n/12 SAYS: \T1/ptm/m/n/12 "Saya punya makanan berlebih tapi bingung mau dibagikan ke mana." 
@ via @@0 b=19 p=0 d=841
@@1: line 1.1 t=841 -> @@0
"Mencari kontak panti asuhan sangat merepotkan." "Saya ingin menyumbang 
@ via @@1 b=63 p=0 d=5329
@@2: line 2.1 t=6170 -> @@1
tapi tidak punya waktu atau kendaraan." 
@\par via @@2 b=0 p=-10000 d=100
@@3: line 3.2- t=6270 -> @@2

@firstpass
[]\T1/ptm/b/n/12 DOES: \T1/ptm/m/n/12 Sering belanja berlebihan (\T1/ptm/m/it/12 over-purchasing\T1/ptm/m/n/12 ); menyimpan sisa makanan 
@ via @@0 b=1 p=0 d=121
@@1: line 1.2 t=121 -> @@0
@secondpass
[]\T1/ptm/b/n/12 DOES: \T1/ptm/m/n/12 Se-ring be-lan-ja ber-le-bih-an (\T1/ptm/m/it/12 over-purchasing\T1/ptm/m/n/12 ); me-nyimp-an si-sa 
@ via @@0 b=7256 p=0 d=52804756
@@1: line 1.0 t=52804756 -> @@0
ma-kan-an 
@ via @@0 b=1 p=0 d=121
@@2: line 1.2 t=121 -> @@0
di kul-kas na-mun akhir-nya ba-si ka-re-na per-en-ca-na-an ku-rang 
@ via @@1 b=6268 p=0 d=39413284
@@3: line 2.0 t=92218040 -> @@1
ba-ik; 
@ via @@1 b=645 p=0 d=429025
@@4: line 2.0 t=53233781 -> @@1
ter-pak-sa 
@ via @@2 b=752 p=0 d=590644
@@5: line 2.0 t=590765 -> @@2
mem-bu-ang ma-kan-an ru-sak ke tem-pat sam-pah (me-nyum-bang 
@ via @@3 b=396 p=0 d=164836
@ via @@4 b=6708 p=0 d=45131524
@@6: line 3.0 t=92382876 -> @@3
emi-si 
@ via @@3 b=45 p=0 d=13025
@ via @@4 b=366 p=0 d=141376
@@7: line 3.0 t=53375157 -> @@4
me-ta-na). 
@\par via @@5 b=0 p=-10000 d=10100
@\par via @@6 b=0 p=-10000 d=10100
@\par via @@7 b=0 p=-10000 d=10100
@@8: line 3.2- t=600865 -> @@5

@firstpass
[]\T1/ptm/b/n/12 GAINS: \T1/ptm/m/n/12 Mengharapkan "Polisi Pangan" berbasis AI (cukup foto untuk verifikasi 
@ via @@0 b=57 p=0 d=4489
@@1: line 1.3 t=4489 -> @@0
@secondpass
[]\T1/ptm/b/n/12 GAINS: \T1/ptm/m/n/12 Meng-ha-rapk-an "Po-li-si Pa-ngan" ber-ba-sis AI (cu-kup fo-to un-tuk 
@ via @@0 b=2495 p=0 d=6285025
@@1: line 1.0 t=6285025 -> @@0
ve-ri-fi-ka-si 
@ via @@0 b=57 p=0 d=4489
@@2: line 1.3 t=4489 -> @@0
ke-la-yak-an); eko-sis-tem re-la-w-an ku-rir yang men-jem-put ke ru-mah 
@ via @@1 b=900 p=0 d=828100
@@3: line 2.0 t=7113125 -> @@1
se-per-ti 
@ via @@1 b=13 p=0 d=10529
@ via @@2 b=2426 p=0 d=5944096
@@4: line 2.0 t=5948585 -> @@2
ojek 
@ via @@2 b=176 p=0 d=44596
@@5: line 2.0 t=49085 -> @@2
onli-ne, ter-ve-ri-fi-ka-si am-an de-ngan QR Co-de; das-bor dam-pak 
@ via @@3 b=1057 p=0 d=1138489
@@6: line 3.0 t=8251614 -> @@3
so-si-al 
@ via @@3 b=8 p=0 d=10324
@ via @@4 b=1490 p=0 d=2250000
@ via @@5 b=7649 p=0 d=58660281
@@7: line 3.2 t=7123449 -> @@3
(SROI) 
@ via @@4 b=2 p=0 d=10144
@ via @@5 b=452 p=0 d=213444
@@8: line 3.0 t=262529 -> @@5
un-tuk 
@ via @@5 b=1 p=0 d=10121
@@9: line 3.2 t=59206 -> @@5
me-li-hat kon-tri-bu-si pe-ngu-rang-an emi-si kar-bon & 
@ via @@6 b=5832 p=0 d=34128964
@@10: line 4.0 t=42380578 -> @@6
pe-nye-la-mat-an 
@ via @@7 b=157 p=0 d=37889
@ via @@8 b=8113 p=0 d=65983129
@@11: line 4.0 t=7161338 -> @@7
air. 
@\par via @@7 b=1 p=-10000 d=121
@\par via @@8 b=0 p=-10000 d=10100
@\par via @@9 b=0 p=-10000 d=100
@\par via @@10 b=0 p=-10000 d=10100
@\par via @@11 b=0 p=-10000 d=10100
@@12: line 4.2- t=59306 -> @@9

@firstpass
[] 
@\par via @@0 b=0 p=-10000 d=100
@@1: line 1.2- t=100 -> @@0

File: image/Logo_Universitas_Telkom_Horizontal.png Graphic file (type png)
<use image/Logo_Universitas_Telkom_Horizontal.png>
Package pdftex.def Info: image/Logo_Universitas_Telkom_Horizontal.png  used on input line 226.
(pdftex.def)             Requested size: 77.11923pt x 34.14322pt.
@firstpass
[][] 
@ via @@0 b=0 p=0 d=100
@@1: line 1.2 t=100 -> @@0
|
@\par via @@0 b=0 p=-10000 d=100
@\par via @@1 b=0 p=-10000 d=100
@@2: line 1.2- t=100 -> @@0

@firstpass
[]
@\par via @@0 b=0 p=-10000 d=100
@@1: line 1.2- t=100 -> @@0

@firstpass
[] 
@\par via @@0 b=0 p=-10000 d=100
@@1: line 1.2- t=100 -> @@0

@firstpass
[]
@\par via @@0 b=0 p=-10000 d=100
@@1: line 1.2- t=100 -> @@0

@firstpass
[]\T1/ptm/m/n/12 18|
@\par via @@0 b=0 p=-10000 d=100
@@1: line 1.2- t=100 -> @@0

 [18 <./image/bab2/segmentasi/EmpathyMap/EM.DonaturIndividu.png (PNG copy)>]
<image/bab2/segmentasi/CustomerJourneyMap/CJ.DonaturIndividu.png, id=414, 3252.15pt x 1838.87pt>
File: image/bab2/segmentasi/CustomerJourneyMap/CJ.DonaturIndividu.png Graphic file (type png)
<use image/bab2/segmentasi/CustomerJourneyMap/CJ.DonaturIndividu.png>
Package pdftex.def Info: image/bab2/segmentasi/CustomerJourneyMap/CJ.DonaturIndividu.png  used on input line 232.
(pdftex.def)             Requested size: 422.68457pt x 238.97731pt.
@firstpass
[][]
@\par via @@0 b=0 p=-10000 d=100
@@1: line 1.2- t=100 -> @@0

@firstpass
[]\T1/ptm/m/n/12 Gambar 2.6: 
@ via @@0 b=0 p=0 d=100
@@1: line 1.2 t=100 -> @@0
|Customer 
@ via @@0 b=0 p=0 d=100
@ via @@1 b=0 p=0 d=100
@@2: line 1.2 t=100 -> @@0
Journey 
@ via @@0 b=0 p=0 d=100
@ via @@1 b=0 p=0 d=100
@ via @@2 b=0 p=0 d=100
@@3: line 1.2 t=100 -> @@0
Map 
@ via @@0 b=0 p=0 d=100
@ via @@1 b=0 p=0 d=100
@ via @@2 b=0 p=0 d=100
@ via @@3 b=0 p=0 d=100
@@4: line 1.2 t=100 -> @@0
Donatur 
@ via @@0 b=0 p=0 d=100
@ via @@1 b=0 p=0 d=100
@ via @@2 b=0 p=0 d=100
@ via @@3 b=0 p=0 d=100
@ via @@4 b=0 p=0 d=100
@@5: line 1.2 t=100 -> @@0
Individu|
@\par via @@0 b=0 p=-10000 d=100
@\par via @@1 b=0 p=-10000 d=100
@\par via @@2 b=0 p=-10000 d=100
@\par via @@3 b=0 p=-10000 d=100
@\par via @@4 b=0 p=-10000 d=100
@\par via @@5 b=0 p=-10000 d=100
@@6: line 1.2- t=100 -> @@0

@firstpass
[][] 
@\par via @@0 b=0 p=-10000 d=100
@@1: line 1.2- t=100 -> @@0

@firstpass
[]\T1/ptm/b/n/12 Penjelasan Fase Customer Journey Map (Siti): 
@\penalty via @@0 b=0 p=-10000 d=100
@@1: line 1.2 t=100 -> @@0
@secondpass
[]\T1/ptm/b/n/12 Penjelasan Fa-se Cus-to-mer Jo-ur-ney Map (Si-ti): 
@\penalty via @@0 b=0 p=-10000 d=100
@@1: line 1.2 t=100 -> @@0
\T1/ptm/m/it/12 Fase per-ja-lan-an: Ke-sa-dar-an $\OMS/ztmcm/m/n/12 !$ \T1/ptm/m/it/12 Pen-ca-ri-an Pe-ne-ri-ma $\OMS/ztmcm/m/n/12 !$ \T1/ptm/m/it/12 Pe-lak-sa-na-an Do-na-si 
@ via @@1 b=4266 p=0 d=18294176
@@2: line 2.0 t=18294276 -> @@1
$\OMS/ztmcm/m/n/12 !$
@\math via @@1 b=1237 p=0 d=1565009
@@3: line 2.0 t=1565109 -> @@1
 \T1/ptm/m/it/12 Pasca-Donasi & Pe-la-por-an 
@\par via @@2 b=0 p=-10000 d=10100
@\par via @@3 b=0 p=-10000 d=10100
@@4: line 3.2- t=1575209 -> @@3


Underfull \hbox (badness 1237) in paragraph at lines 237--240
\T1/ptm/m/it/12 Fase per-ja-lan-an: Ke-sa-dar-an $\OMS/ztmcm/m/n/12 !$ \T1/ptm/m/it/12 Pen-ca-ri-an Pe-ne-ri-ma $\OMS/ztmcm/m/n/12 !$ \T1/ptm/m/it/12 Pe-lak-sa-na-an Do-na-si $\OMS/ztmcm/m/n/12 !$
 []

@firstpass
[]\T1/ptm/m/n/12 Siti melihat makanan berlebih di kulkas/dapur yang masih layak konsumsi 
@ via @@0 b=1 p=0 d=121
@@1: line 1.2 t=121 -> @@0
(Titik Sentuh: Kulkas). Ia merasa bersalah karena membuang makanan, namun 
@ via @@1 b=49 p=0 d=3481
@@2: line 2.1 t=3602 -> @@1
@secondpass
[]\T1/ptm/m/n/12 Siti me-li-hat ma-kan-an ber-le-bih di kul-kas/dapur yang ma-sih la-yak 
@ via @@0 b=4899 p=0 d=24108281
@@1: line 1.0 t=24108281 -> @@0
kon-sum-si 
@ via @@0 b=1 p=0 d=121
@@2: line 1.2 t=121 -> @@0
(Ti-tik Sen-tuh: Kul-kas). Ia me-ra-sa ber-sa-lah ka-re-na mem-bu-ang 
@ via @@1 b=1968 p=0 d=3912484
@@3: line 2.0 t=28020765 -> @@1
ma-kan-an, 
@ via @@1 b=1 p=0 d=10121
@ via @@2 b=1917 p=0 d=3723329
@@4: line 2.0 t=3723450 -> @@2
na-mun 
@ via @@2 b=49 p=0 d=3481
@@5: line 2.1 t=3602 -> @@2
ti-dak pa-ham stan-dar ke-a-ma-nan-nya (\T1/ptm/m/it/12 Pa-in Po-in-ts\T1/ptm/m/n/12 ). \T1/ptm/b/n/12 Pe-lu-ang 
@ via @@3 b=624 p=0 d=401956
@@6: line 3.0 t=28422721 -> @@3
So-lu-si 
@ via @@3 b=0 p=0 d=10100
@ via @@4 b=2096 p=0 d=4435236
@@7: line 3.0 t=8158686 -> @@4
(FAR):
@\kern via @@4 b=17 p=0 d=729
@\kern via @@5 b=1748 p=0 d=3090564
@@8: line 3.0 t=3094166 -> @@5
 \T1/ptm/m/n/12 Re-ko-men-da-si re-sep ma-sak-an da-ri bah-an si-sa meng-gu-nak-an 
@ via @@6 b=2503 p=0 d=6315169
@@9: line 4.0 t=34737890 -> @@6
AI. 
@\par via @@6 b=0 p=-10000 d=10100
@\par via @@7 b=0 p=-10000 d=10100
@\par via @@8 b=0 p=-10000 d=10100
@\par via @@9 b=0 p=-10000 d=10100
@@10: line 4.2- t=3104266 -> @@8


Underfull \hbox (badness 1748) in paragraph at lines 240--241
\T1/ptm/m/n/12 ti-dak pa-ham stan-dar ke-a-ma-nan-nya (\T1/ptm/m/it/12 Pa-in Po-in-ts\T1/ptm/m/n/12 ). \T1/ptm/b/n/12 Pe-lu-ang So-lu-si (FAR):
 []

@firstpass
@secondpass
@emergencypass
[]\T1/ptm/m/n/12 Secara ma-nu-al men-ca-ri pi-hak 
@ via @@0 b=7522 p=0 d=56741024
@@1: line 1.0 t=56741024 -> @@0
yang 
@ via @@0 b=4001 p=0 d=16098121
@@2: line 1.0 t=16098121 -> @@0
mem-bu-tuhk-an 
@ via @@0 b=463 p=0 d=233729
@@3: line 1.0 t=233729 -> @@0
via 
@ via @@0 b=181 p=0 d=46481
@@4: line 1.0 t=46481 -> @@0
in-ter-net/WhatsApp. Ini 
@ via @@1 b=5091 p=0 d=26020201
@@5: line 2.0 t=82761225 -> @@1
me-re-potk-an 
@ via @@1 b=1253 p=0 d=1595169
@ via @@2 b=2653 p=0 d=7091569
@@6: line 2.0 t=23189690 -> @@2
ka-re-na 
@ via @@1 b=359 p=0 d=136161
@ via @@2 b=981 p=0 d=982081
@ via @@3 b=5374 p=0 d=28987456
@ via @@4 b=8113 p=0 d=65983129
@@7: line 2.0 t=17080202 -> @@2
\T1/ptm/m/it/12 blind 
@ via @@1 b=83 p=0 d=8649
@ via @@2 b=341 p=0 d=123201
@ via @@3 b=2846 p=0 d=8156736
@ via @@4 b=4505 p=0 d=20385225
@@8: line 2.0 t=8390465 -> @@3
spot
@\kern via @@1 b=11 p=0 d=10441
@\kern via @@2 b=102 p=0 d=12544
@\kern via @@3 b=1527 p=0 d=2362369
@\kern via @@4 b=2547 p=0 d=6538249
@@9: line 2.0 t=2596098 -> @@3
 \T1/ptm/m/n/12 in-for-ma-si 
@ via @@2 b=0 p=0 d=10100
@ via @@3 b=297 p=0 d=94249
@ via @@4 b=628 p=0 d=407044
@@10: line 2.0 t=327978 -> @@3
pe-ne-ri-ma 
@ via @@3 b=12 p=0 d=10484
@ via @@4 b=63 p=0 d=5329
@ via @@5 b=4582 p=0 d=21086464
@@11: line 2.1 t=51810 -> @@4
(\T1/ptm/m/it/12 Pa-in 
@ via @@3 b=6 p=0 d=10256
@ via @@4 b=2 p=0 d=10144
@ via @@5 b=2229 p=0 d=5013121
@ via @@6 b=7832 p=0 d=61496964
@@12: line 2.2 t=56625 -> @@4
Po-in-ts\T1/ptm/m/n/12 ).
@\kern via @@5 b=663 p=0 d=452929
@\kern via @@6 b=3428 p=0 d=11819844
@\kern via @@7 b=7256 p=0 d=52794756
@@13: line 3.0 t=35009534 -> @@6
 \T1/ptm/b/n/12 Pe-lu-ang 
@ via @@5 b=61 p=0 d=5041
@ via @@6 b=845 p=0 d=731025
@ via @@7 b=2229 p=0 d=5013121
@ via @@8 b=4279 p=0 d=18395521
@ via @@9 b=7099 p=0 d=50537881
@@14: line 3.0 t=22093323 -> @@7
So-lu-si 
@ via @@5 b=1 p=0 d=10121
@ via @@6 b=237 p=0 d=61009
@ via @@7 b=874 p=0 d=781456
@ via @@8 b=1953 p=0 d=3853369
@ via @@9 b=3525 p=0 d=12496225
@@15: line 3.0 t=12243834 -> @@8
(FAR):
@\kern via @@6 b=20 p=0 d=900
@\kern via @@7 b=203 p=0 d=45369
@\kern via @@8 b=631 p=0 d=410881
@\kern via @@9 b=1354 p=0 d=1860496
@\kern via @@10 b=4279 p=0 d=18395521
@@16: line 3.0 t=4456594 -> @@9
 \T1/ptm/m/n/12 In-te-gra-si 
@ via @@7 b=7 p=0 d=10289
@ via @@8 b=85 p=0 d=9025
@ via @@9 b=293 p=0 d=91809
@ via @@10 b=1502 p=0 d=2286144
@ via @@11 b=4505 p=0 d=20385225
@ via @@12 b=8056 p=0 d=65070356
@@17: line 3.0 t=2614122 -> @@10
ke 
@ via @@7 b=0 p=0 d=10100
@ via @@8 b=28 p=0 d=1444
@ via @@9 b=138 p=0 d=21904
@ via @@10 b=936 p=0 d=894916
@ via @@11 b=3098 p=0 d=9659664
@ via @@12 b=5756 p=0 d=33256756
@@18: line 3.0 t=1222894 -> @@10
pe-ta 
@ via @@8 b=1 p=0 d=10121
@ via @@9 b=29 p=0 d=1521
@ via @@10 b=411 p=0 d=177241
@ via @@11 b=1728 p=0 d=3020644
@ via @@12 b=3460 p=0 d=12050900
@@19: line 3.0 t=505219 -> @@10
Ra-dar 
@ via @@9 b=0 p=0 d=10100
@ via @@10 b=93 p=0 d=10609
@ via @@11 b=688 p=0 d=487204
@ via @@12 b=1616 p=0 d=2653876
@ via @@13 b=5077 p=0 d=25877569
@@20: line 3.1 t=338587 -> @@10
Pe-ne-ri-ma 
@ via @@10 b=0 p=0 d=10100
@ via @@11 b=89 p=0 d=9801
@ via @@12 b=362 p=0 d=148384
@ via @@13 b=1661 p=0 d=2792241
@ via @@14 b=4713 p=0 d=22306729
@@21: line 3.1 t=61611 -> @@11
dan 
@ via @@11 b=19 p=0 d=841
@ via @@12 b=138 p=0 d=31904
@ via @@13 b=862 p=0 d=760384
@ via @@14 b=2837 p=0 d=8105409
@ via @@15 b=5939 p=0 d=35390601
@@22: line 3.1 t=52651 -> @@11
ak-ses 
@ via @@11 b=0 p=0 d=100
@ via @@12 b=18 p=0 d=784
@ via @@13 b=285 p=0 d=87025
@ via @@14 b=1308 p=0 d=1737124
@ via @@15 b=3118 p=0 d=9784384
@ via @@16 b=6927 p=0 d=48121969
@@23: line 3.1 t=57409 -> @@12
@@24: line 3.2 t=51910 -> @@11
Re-la-w-an 
@ via @@13 b=15 p=0 d=625
@ via @@14 b=277 p=0 d=82369
@ via @@15 b=972 p=0 d=964324
@ via @@16 b=2753 p=0 d=7634169
@ via @@17 b=6944 p=0 d=48358116
@@25: line 4.0 t=12090763 -> @@16
Ku-rir 
@ via @@13 b=0 p=0 d=10100
@ via @@14 b=54 p=0 d=4096
@ via @@15 b=336 p=0 d=119716
@ via @@16 b=1264 p=0 d=1623076
@ via @@17 b=3769 p=0 d=14280841
@ via @@18 b=5460 p=0 d=29920900
@@26: line 4.0 t=6079670 -> @@16
se-ca-ra 
@ via @@14 b=1 p=0 d=10121
@ via @@15 b=57 p=0 d=4489
@ via @@16 b=417 p=0 d=182329
@ via @@17 b=1694 p=0 d=2903616
@ via @@18 b=2600 p=0 d=6812100
@ via @@19 b=4582 p=0 d=21086464
@@27: line 4.0 t=4638923 -> @@16
in-st-an. 
@\par via @@15 b=0 p=-10000 d=10100
@\par via @@16 b=0 p=-10000 d=10100
@\par via @@17 b=0 p=-10000 d=10100
@\par via @@18 b=0 p=-10000 d=10100
@\par via @@19 b=0 p=-10000 d=10100
@\par via @@20 b=0 p=-10000 d=100
@\par via @@21 b=0 p=-10000 d=100
@\par via @@22 b=0 p=-10000 d=100
@\par via @@23 b=0 p=-10000 d=100
@\par via @@24 b=0 p=-10000 d=100
@\par via @@25 b=0 p=-10000 d=10100
@\par via @@26 b=0 p=-10000 d=10100
@\par via @@27 b=0 p=-10000 d=10100
@@28: line 4.2- t=52010 -> @@24


Underfull \hbox (badness 10000) in paragraph at lines 241--242
[]\T1/ptm/m/n/12 Secara ma-nu-al men-ca-ri pi-hak yang mem-bu-tuhk-an via
 []


Underfull \hbox (badness 2005) in paragraph at lines 241--242
\T1/ptm/m/n/12 in-ter-net/WhatsApp. Ini me-re-potk-an ka-re-na \T1/ptm/m/it/12 blind spot \T1/ptm/m/n/12 in-for-ma-si pe-ne-ri-ma
 []

@firstpass
[]\T1/ptm/m/n/12 Memotret makanan melalui aplikasi FAR dan melakukan validasi 
@ via @@0 b=0 p=0 d=100
@@1: line 1.2 t=100 -> @@0
QR. Proses terasa mudah, tapi ada keraguan donasi bisa basi di jalan. \T1/ptm/b/n/12 Peluang 
@ via @@1 b=54 p=0 d=4096
@@2: line 2.1 t=4196 -> @@1
@secondpass
[]\T1/ptm/m/n/12 Memotret ma-kan-an me-la-lui apli-ka-si FAR dan me-la-kuk-an 
@ via @@0 b=5036 p=0 d=25472116
@@1: line 1.0 t=25472116 -> @@0
va-li-da-si 
@ via @@0 b=0 p=0 d=100
@@2: line 1.2 t=100 -> @@0
QR. Pro-ses ter-a-sa mu-dah, ta-pi ada ke-ra-gu-an do-na-si bi-sa ba-si 
@ via @@1 b=4859 p=0 d=23707161
@@3: line 2.0 t=49179277 -> @@1
di 
@ via @@1 b=2005 p=0 d=4060225
@@4: line 2.0 t=29532341 -> @@1
jal-an.
@\kern via @@1 b=158 p=0 d=28224
@\kern via @@2 b=3417 p=0 d=11754329
@@5: line 2.0 t=11754429 -> @@2
 \T1/ptm/b/n/12 Pe-lu-ang 
@ via @@2 b=54 p=0 d=4096
@@6: line 2.1 t=4196 -> @@2
So-lu-si (FAR): \T1/ptm/m/n/12 Ve-ri-fi-ka-si AI \T1/ptm/m/it/12 Qu-a-li-ty Ve-ri-fi-ca-tion \T1/ptm/m/n/12 un-tuk 
@ via @@3 b=1558 p=0 d=2458624
@ via @@4 b=4048 p=0 d=16467364
@@7: line 3.0 t=45999705 -> @@4
me-mas-tik-an 
@ via @@4 b=0 p=0 d=10100
@ via @@5 b=986 p=0 d=992016
@@8: line 3.0 t=12746445 -> @@5
ke-a-man-an 
@ via @@6 b=433 p=0 d=196249
@@9: line 3.0 t=200445 -> @@6
pa-ngan. 
@\par via @@7 b=0 p=-10000 d=10100
@\par via @@8 b=0 p=-10000 d=10100
@\par via @@9 b=0 p=-10000 d=10100
@@10: line 4.2- t=210545 -> @@9

@firstpass
[]\T1/ptm/m/n/12 Melihat kontribusinya melalui dasbor SROI personal, yang 
@ via @@0 b=22 p=0 d=1024
@@1: line 1.3 t=1024 -> @@0
@secondpass
[]\T1/ptm/m/n/12 Melihat kon-tri-bu-si-nya me-la-lui das-bor SROI per-so-nal, 
@ via @@0 b=1852 p=0 d=3477044
@@1: line 1.0 t=3477044 -> @@0
yang 
@ via @@0 b=22 p=0 d=1024
@@2: line 1.3 t=1024 -> @@0
meng-a-ta-si ke-ti-dak-ta-hu-an ak-an dam-pak ling-kung-an da-ri tin-da-kan-nya.
@\kern via @@1 b=3895 p=0 d=15249025
@@3: line 2.0 t=18726069 -> @@1
 \T1/ptm/b/n/12 Pe-lu-ang 
@ via @@1 b=6 p=0 d=10256
@ via @@2 b=334 p=0 d=128336
@@4: line 2.0 t=129360 -> @@2
So-lu-si (FAR): \T1/ptm/m/n/12 Das-bor SROI Pri-ba-di me-nam-pilk-an to-tal por-si 
@ via @@3 b=6995 p=0 d=49070025
@@5: line 3.0 t=67796094 -> @@3
ter-se-la-matk-an 
@ via @@4 b=1292 p=0 d=1695204
@@6: line 3.0 t=1824564 -> @@4
dan 
@ via @@4 b=57 p=0 d=4489
@@7: line 3.1 t=133849 -> @@4
emi-si yang di-ce-gah. 
@\par via @@5 b=0 p=-10000 d=10100
@\par via @@6 b=0 p=-10000 d=10100
@\par via @@7 b=0 p=-10000 d=100
@@8: line 4.2- t=133949 -> @@7

@firstpass
[] 
@\par via @@0 b=0 p=-10000 d=100
@@1: line 1.2- t=100 -> @@0

File: image/Logo_Universitas_Telkom_Horizontal.png Graphic file (type png)
<use image/Logo_Universitas_Telkom_Horizontal.png>
Package pdftex.def Info: image/Logo_Universitas_Telkom_Horizontal.png  used on input line 244.
(pdftex.def)             Requested size: 77.11923pt x 34.14322pt.
@firstpass
[][] 
@ via @@0 b=0 p=0 d=100
@@1: line 1.2 t=100 -> @@0
|
@\par via @@0 b=0 p=-10000 d=100
@\par via @@1 b=0 p=-10000 d=100
@@2: line 1.2- t=100 -> @@0

@firstpass
[]
@\par via @@0 b=0 p=-10000 d=100
@@1: line 1.2- t=100 -> @@0

@firstpass
[] 
@\par via @@0 b=0 p=-10000 d=100
@@1: line 1.2- t=100 -> @@0

@firstpass
[]
@\par via @@0 b=0 p=-10000 d=100
@@1: line 1.2- t=100 -> @@0

@firstpass
[]\T1/ptm/m/n/12 19|
@\par via @@0 b=0 p=-10000 d=100
@@1: line 1.2- t=100 -> @@0

[19 <./image/bab2/segmentasi/CustomerJourneyMap/CJ.DonaturIndividu.png>]
<image/bab2/segmentasi/UserPersona/UP.DonaturKorporat.png, id=422, 1445.4pt x 813.0375pt>
File: image/bab2/segmentasi/UserPersona/UP.DonaturKorporat.png Graphic file (type png)
<use image/bab2/segmentasi/UserPersona/UP.DonaturKorporat.png>
Package pdftex.def Info: image/bab2/segmentasi/UserPersona/UP.DonaturKorporat.png  used on input line 250.
(pdftex.def)             Requested size: 426.95175pt x 240.15413pt.
@firstpass
[][]
@\par via @@0 b=0 p=-10000 d=100
@@1: line 1.2- t=100 -> @@0

@firstpass
[]\T1/ptm/m/n/12 Gambar 2.7: 
@ via @@0 b=0 p=0 d=100
@@1: line 1.2 t=100 -> @@0
|User 
@ via @@0 b=0 p=0 d=100
@ via @@1 b=0 p=0 d=100
@@2: line 1.2 t=100 -> @@0
Persona 
@ via @@0 b=0 p=0 d=100
@ via @@1 b=0 p=0 d=100
@ via @@2 b=0 p=0 d=100
@@3: line 1.2 t=100 -> @@0
Donatur 
@ via @@0 b=0 p=0 d=100
@ via @@1 b=0 p=0 d=100
@ via @@2 b=0 p=0 d=100
@ via @@3 b=0 p=0 d=100
@@4: line 1.2 t=100 -> @@0
Korporat|
@\par via @@0 b=0 p=-10000 d=100
@\par via @@1 b=0 p=-10000 d=100
@\par via @@2 b=0 p=-10000 d=100
@\par via @@3 b=0 p=-10000 d=100
@\par via @@4 b=0 p=-10000 d=100
@@5: line 1.2- t=100 -> @@0

@firstpass
[][] 
@\par via @@0 b=0 p=-10000 d=100
@@1: line 1.2- t=100 -> @@0

@firstpass
@secondpass
[]\T1/ptm/b/n/12 Penjelasan Pro-fil (Hen-dra): \T1/ptm/m/n/12 Hen-dra (40 ta-hun) ada-lah ma-na-jer res-tor-an/CSR 
@ via @@0 b=3068 p=0 d=9484084
@@1: line 1.0 t=9484084 -> @@0
yang 
@ via @@0 b=250 p=0 d=77600
@@2: line 1.0 t=77600 -> @@0
se-ring meng-a-la-mi ke-le-bih-an stok ma-kan-an la-yak kon-sum-si di akhir jam 
@ via @@1 b=3219 p=0 d=10426441
@@3: line 2.0 t=19910525 -> @@1
ope-ra-sio-nal. 
@ via @@1 b=13 p=0 d=10529
@ via @@2 b=190 p=0 d=40000
@@4: line 2.0 t=117600 -> @@2
Per-u-sa-ha-an-nya ingin ber-do-na-si ru-tin na-mun bu-tuh pe-la-por-an dam-pak 
@ via @@3 b=618 p=0 d=394384
@@5: line 3.0 t=20304909 -> @@3
so-si-al 
@ via @@3 b=0 p=0 d=10100
@@6: line 3.2 t=19920625 -> @@3
yang 
@ via @@4 b=1331 p=0 d=1798281
@@7: line 3.0 t=1915881 -> @@4
ter-s-truk-tur. 
@\par via @@5 b=0 p=-10000 d=10100
@\par via @@6 b=0 p=-10000 d=100
@\par via @@7 b=0 p=-10000 d=10100
@@8: line 4.2- t=1925981 -> @@7


Underfull \hbox (badness 1331) in paragraph at lines 255--258
\T1/ptm/m/n/12 Per-u-sa-ha-an-nya ingin ber-do-na-si ru-tin na-mun bu-tuh pe-la-por-an dam-pak so-si-al yang
 []

@firstpass
@secondpass
[]\T1/ptm/b/n/12 Motivasi: \T1/ptm/m/n/12 Men-ja-lank-an CSR, mem-ba-ngun ci-tra me-rek po-si-tif, ser-ta 
@ via @@0 b=6204 p=0 d=38623796
@@1: line 1.0 t=38623796 -> @@0
ber-kon-tri-bu-si pa-da pe-ngu-rang-an emi-si gas ru-mah ka-ca da-ri lim-bah ku-li-ner. 
@\par via @@1 b=0 p=-10000 d=10100
@@2: line 2.2- t=38633896 -> @@1


Underfull \hbox (badness 6204) in paragraph at lines 258--259
[]\T1/ptm/b/n/12 Motivasi: \T1/ptm/m/n/12 Men-ja-lank-an CSR, mem-ba-ngun ci-tra me-rek po-si-tif, ser-ta
 []

@firstpass
[]\T1/ptm/b/n/12 Frustrasi: \T1/ptm/m/n/12 Tidak ada metrik dampak sosial (SROI) yang konkret; repot mencari 
@ via @@0 b=0 p=0 d=100
@@1: line 1.2 t=100 -> @@0
penerima satu per satu; khawatir makanan berlebih terpaksa dibuang ke TPA 
@ via @@1 b=69 p=0 d=6241
@@2: line 2.1 t=6341 -> @@1
dan 
@ via @@1 b=10 p=0 d=400
@@3: line 2.2 t=500 -> @@1
merusak reputasi. 
@\par via @@2 b=0 p=-10000 d=100
@\par via @@3 b=0 p=-10000 d=100
@@4: line 3.2- t=600 -> @@3

@firstpass
[]\T1/ptm/b/n/12 Preferensi: \T1/ptm/m/n/12 Aplikasi mobile, AI, media sosial, dengan nilai kepedulian sosial 
@ via @@0 b=27 p=0 d=1369
@@1: line 1.1 t=1369 -> @@0
dan efisiensi. 
@\par via @@1 b=0 p=-10000 d=100
@@2: line 2.2- t=1469 -> @@1

<image/bab2/segmentasi/EmpathyMap/EM.DonaturKorporat.png, id=423, 1445.4pt x 813.0375pt>
File: image/bab2/segmentasi/EmpathyMap/EM.DonaturKorporat.png Graphic file (type png)
<use image/bab2/segmentasi/EmpathyMap/EM.DonaturKorporat.png>
Package pdftex.def Info: image/bab2/segmentasi/EmpathyMap/EM.DonaturKorporat.png  used on input line 266.
(pdftex.def)             Requested size: 426.95175pt x 240.15413pt.
@firstpass
[][]
@\par via @@0 b=0 p=-10000 d=100
@@1: line 1.2- t=100 -> @@0

@firstpass
[]\T1/ptm/m/n/12 Gambar 2.8: 
@ via @@0 b=0 p=0 d=100
@@1: line 1.2 t=100 -> @@0
|Empathy 
@ via @@0 b=0 p=0 d=100
@ via @@1 b=0 p=0 d=100
@@2: line 1.2 t=100 -> @@0
Map 
@ via @@0 b=0 p=0 d=100
@ via @@1 b=0 p=0 d=100
@ via @@2 b=0 p=0 d=100
@@3: line 1.2 t=100 -> @@0
Donatur 
@ via @@0 b=0 p=0 d=100
@ via @@1 b=0 p=0 d=100
@ via @@2 b=0 p=0 d=100
@ via @@3 b=0 p=0 d=100
@@4: line 1.2 t=100 -> @@0
Korporat|
@\par via @@0 b=0 p=-10000 d=100
@\par via @@1 b=0 p=-10000 d=100
@\par via @@2 b=0 p=-10000 d=100
@\par via @@3 b=0 p=-10000 d=100
@\par via @@4 b=0 p=-10000 d=100
@@5: line 1.2- t=100 -> @@0

@firstpass
[][] 
@\par via @@0 b=0 p=-10000 d=100
@@1: line 1.2- t=100 -> @@0

@firstpass
[] 
@\par via @@0 b=0 p=-10000 d=100
@@1: line 1.2- t=100 -> @@0

File: image/Logo_Universitas_Telkom_Horizontal.png Graphic file (type png)
<use image/Logo_Universitas_Telkom_Horizontal.png>
Package pdftex.def Info: image/Logo_Universitas_Telkom_Horizontal.png  used on input line 270.
(pdftex.def)             Requested size: 77.11923pt x 34.14322pt.
@firstpass
[][] 
@ via @@0 b=0 p=0 d=100
@@1: line 1.2 t=100 -> @@0
|
@\par via @@0 b=0 p=-10000 d=100
@\par via @@1 b=0 p=-10000 d=100
@@2: line 1.2- t=100 -> @@0

@firstpass
[]
@\par via @@0 b=0 p=-10000 d=100
@@1: line 1.2- t=100 -> @@0

@firstpass
[] 
@\par via @@0 b=0 p=-10000 d=100
@@1: line 1.2- t=100 -> @@0

@firstpass
[]
@\par via @@0 b=0 p=-10000 d=100
@@1: line 1.2- t=100 -> @@0

@firstpass
[]\T1/ptm/m/n/12 20|
@\par via @@0 b=0 p=-10000 d=100
@@1: line 1.2- t=100 -> @@0

[20 <./image/bab2/segmentasi/UserPersona/UP.DonaturKorporat.png (PNG copy)>]
@firstpass
[]\T1/ptm/b/n/12 Penjelasan Aspek Empathy Map (Hendra): \T1/ptm/m/n/12 Hendra adalah manajer restoran/CSR yang 
@ via @@0 b=21 p=0 d=961
@@1: line 1.3 t=961 -> @@0
@secondpass
[]\T1/ptm/b/n/12 Penjelasan As-pek Em-pa-thy Map (Hen-dra): \T1/ptm/m/n/12 Hen-dra ada-lah ma-na-jer res-tor-an/CSR 
@ via @@0 b=275 p=0 d=91225
@@1: line 1.0 t=91225 -> @@0
yang 
@ via @@0 b=21 p=0 d=961
@@2: line 1.3 t=961 -> @@0
ingin me-nya-lurk-an sur-plus ma-kan-an de-ngan te-tap men-ja-ga re-pu-ta-si dan 
@ via @@1 b=4505 p=0 d=20385225
@@3: line 2.0 t=20476450 -> @@1
efi-si-en-si 
@ via @@1 b=61 p=0 d=5041
@ via @@2 b=1694 p=0 d=2913616
@@4: line 2.1 t=96266 -> @@1
ope-ra-sio-nal. 
@\par via @@3 b=0 p=-10000 d=10100
@\par via @@4 b=0 p=-10000 d=100
@@5: line 3.2- t=96366 -> @@4

@firstpass
[]\T1/ptm/b/n/12 THINKS: \T1/ptm/m/n/12 Membuang makanan ke TPA melepas gas metana & memperburuk 
@ via @@0 b=22 p=0 d=1024
@@1: line 1.1 t=1024 -> @@0
@secondpass
[]\T1/ptm/b/n/12 THINKS: \T1/ptm/m/n/12 Mem-bu-ang ma-kan-an ke TPA me-le-pas gas me-ta-na & mem-per-bu-ruk 
@ via @@0 b=22 p=0 d=1024
@@1: line 1.1 t=1024 -> @@0
je-jak kar-bon; bi-sa me-mi-cu pu-bli-si-tas bu-ruk ji-ka di-ke-ta-hui pu-blik; ak-an 
@ via @@1 b=1701 p=0 d=2927521
@@2: line 2.0 t=2928545 -> @@1
meng-un-tungk-an ji-ka ada sis-tem oto-ma-tis peng-hi-tung-an he-mat air & 
@ via @@2 b=7116 p=0 d=50779876
@@3: line 3.0 t=53708421 -> @@2
emi-si 
@ via @@2 b=677 p=0 d=471969
@@4: line 3.0 t=3400514 -> @@2
CO$[]$. 
@\par via @@2 b=0 p=-10000 d=10100
@\par via @@3 b=0 p=-10000 d=10100
@\par via @@4 b=0 p=-10000 d=10100
@@5: line 3.2- t=2938645 -> @@2


Underfull \hbox (badness 1701) in paragraph at lines 274--275
\T1/ptm/m/n/12 je-jak kar-bon; bi-sa me-mi-cu pu-bli-si-tas bu-ruk ji-ka di-ke-ta-hui pu-blik; ak-an
 []

@firstpass
[]\T1/ptm/b/n/12 PAINS: \T1/ptm/m/n/12 Tidak ada metrik \T1/ptm/m/it/12 Social Return on Investment \T1/ptm/m/n/12 (SROI) yang valid; tidak 
@ via @@0 b=0 p=0 d=100
@@1: line 1.2 t=100 -> @@0
punya asisten cepat untuk menyusun promosi CSR & desain kemasan ekologis; 
@ via @@1 b=0 p=0 d=100
@@2: line 2.2 t=200 -> @@1
risiko inefisiensi waktu jika mengurus logistik sendiri. 
@\par via @@2 b=0 p=-10000 d=100
@@3: line 3.2- t=300 -> @@2

@firstpass
@secondpass
[]\T1/ptm/b/n/12 SAYS: \T1/ptm/m/n/12 "Per-u-sa-ha-an pu-nya ba-nyak \T1/ptm/m/it/12 overs-tock \T1/ptm/m/n/12 la-yak kon-sum-si." "Ka-mi 
@ via @@0 b=6094 p=0 d=37268816
@@1: line 1.0 t=37268816 -> @@0
bu-tuh 
@ via @@0 b=248 p=0 d=76564
@@2: line 1.0 t=76564 -> @@0
pla-tform lo-gis-tik yang efi-si-en agar ti-dak gang-gu ope-ra-sio-nal." 
@ via @@1 b=6559 p=0 d=43151761
@@3: line 2.0 t=80420577 -> @@1
"Ka-mi 
@ via @@1 b=305 p=0 d=99225
@ via @@2 b=5161 p=0 d=26739241
@@4: line 2.0 t=26815805 -> @@2
bu-tuh 
@ via @@1 b=75 p=0 d=17225
@ via @@2 b=305 p=0 d=99225
@@5: line 2.0 t=175789 -> @@2
la-por-an CSR konk-ret un-tuk pu-blik & pe-me-gang sa-ham." 
@\par via @@3 b=0 p=-10000 d=10100
@\par via @@4 b=0 p=-10000 d=10100
@\par via @@5 b=0 p=-10000 d=10100
@@6: line 3.2- t=185889 -> @@5

@firstpass
@secondpass
[]\T1/ptm/b/n/12 FEELS: \T1/ptm/m/n/12 Frus-tra-si ka-re-na su-lit men-ca-ri pan-ti asuh-an te-pat se-ca-ra ma-nu-al; 
@ via @@0 b=816 p=0 d=692276
@@1: line 1.0 t=692276 -> @@0
kha-wa-tir ma-kan-an ti-dak hi-gi-e-nis bi-sa me-mi-cu ke-ra-cun-an & tun-tut-an 
@ via @@1 b=6332 p=0 d=40220964
@@2: line 2.0 t=40913240 -> @@1
hu-kum; 
@ via @@1 b=131 p=0 d=19881
@@3: line 2.0 t=712157 -> @@1
ter-mo-ti-va-si mem-ba-ngun ci-tra me-rek pe-du-li ling-kung-an & pe-nek-an 
@ via @@2 b=506 p=0 d=266256
@@4: line 3.0 t=41179496 -> @@2
ke-la-par-an. 
@\par via @@3 b=0 p=-10000 d=10100
@\par via @@4 b=0 p=-10000 d=10100
@@5: line 3.2- t=722257 -> @@3

@firstpass
[]\T1/ptm/b/n/12 DOES: \T1/ptm/m/n/12 Terpaksa membuang surplus ke tempat sampah karena tidak ada sistem 
@ via @@0 b=0 p=0 d=100
@@1: line 1.2 t=100 -> @@0
penjemputan praktis; beroperasi dengan volume limbah & jejak karbon tinggi 
@ via @@1 b=31 p=0 d=1681
@@2: line 2.1 t=1781 -> @@1
dari \T1/ptm/m/it/12 overstock\T1/ptm/m/n/12 ; masih menggunakan sistem manajemen limbah linear. 
@\par via @@2 b=0 p=-10000 d=100
@@3: line 3.2- t=1881 -> @@2

@firstpass
@secondpass
[]\T1/ptm/b/n/12 GAINS: \T1/ptm/m/n/12 Meng-ha-rapk-an pla-tform de-ngan das-bor dam-pak so-si-al (SROI) 
@ via @@0 b=3492 p=0 d=12274004
@@1: line 1.0 t=12274004 -> @@0
oto-ma-tis; ak-ses AI ge-ne-ra-tif (\T1/ptm/m/it/12 Eco Pac-ka-ging Edi-tor\T1/ptm/m/n/12 , \T1/ptm/m/it/12 CSR Co-pywri-ter\T1/ptm/m/n/12 ) 
@ via @@1 b=2772 p=0 d=7739524
@@2: line 2.0 t=20013528 -> @@1
un-tuk 
@ via @@1 b=96 p=0 d=11236
@@3: line 2.1 t=12285240 -> @@1
ke-mas-an ra-mah ling-kung-an & nas-kah pro-mo-si; ada-nya "Po-li-si 
@ via @@2 b=4832 p=0 d=23444964
@@4: line 3.0 t=43458492 -> @@2
Pa-ngan" 
@ via @@2 b=41 p=0 d=2601
@ via @@3 b=2229 p=0 d=5013121
@@5: line 3.0 t=17298361 -> @@3
AI 
@ via @@2 b=7 p=0 d=10289
@ via @@3 b=411 p=0 d=177241
@@6: line 3.0 t=12462481 -> @@3
un-tuk 
@ via @@3 b=7 p=0 d=289
@@7: line 3.2 t=12285529 -> @@3
ve-ri-fi-ka-si ke-la-yak-an oto-ma-tis. 
@\par via @@4 b=0 p=-10000 d=10100
@\par via @@5 b=0 p=-10000 d=10100
@\par via @@6 b=0 p=-10000 d=10100
@\par via @@7 b=0 p=-10000 d=100
@@8: line 4.2- t=12285629 -> @@7


Underfull \hbox (badness 3492) in paragraph at lines 279--280
[]\T1/ptm/b/n/12 GAINS: \T1/ptm/m/n/12 Meng-ha-rapk-an pla-tform de-ngan das-bor dam-pak so-si-al (SROI)
 []

@firstpass
[] 
@\par via @@0 b=0 p=-10000 d=100
@@1: line 1.2- t=100 -> @@0

File: image/Logo_Universitas_Telkom_Horizontal.png Graphic file (type png)
<use image/Logo_Universitas_Telkom_Horizontal.png>
Package pdftex.def Info: image/Logo_Universitas_Telkom_Horizontal.png  used on input line 280.
(pdftex.def)             Requested size: 77.11923pt x 34.14322pt.
@firstpass
[][] 
@ via @@0 b=0 p=0 d=100
@@1: line 1.2 t=100 -> @@0
|
@\par via @@0 b=0 p=-10000 d=100
@\par via @@1 b=0 p=-10000 d=100
@@2: line 1.2- t=100 -> @@0

@firstpass
[]
@\par via @@0 b=0 p=-10000 d=100
@@1: line 1.2- t=100 -> @@0

@firstpass
[] 
@\par via @@0 b=0 p=-10000 d=100
@@1: line 1.2- t=100 -> @@0

@firstpass
[]
@\par via @@0 b=0 p=-10000 d=100
@@1: line 1.2- t=100 -> @@0

@firstpass
[]\T1/ptm/m/n/12 21|
@\par via @@0 b=0 p=-10000 d=100
@@1: line 1.2- t=100 -> @@0

[21 <./image/bab2/segmentasi/EmpathyMap/EM.DonaturKorporat.png (PNG copy)>]
<image/bab2/segmentasi/CustomerJourneyMap/CJ.DonaturKorporat.png, id=433, 3252.15pt x 2031.59pt>
File: image/bab2/segmentasi/CustomerJourneyMap/CJ.DonaturKorporat.png Graphic file (type png)
<use image/bab2/segmentasi/CustomerJourneyMap/CJ.DonaturKorporat.png>
Package pdftex.def Info: image/bab2/segmentasi/CustomerJourneyMap/CJ.DonaturKorporat.png  used on input line 284.
(pdftex.def)             Requested size: 422.68457pt x 264.02298pt.
@firstpass
[][]
@\par via @@0 b=0 p=-10000 d=100
@@1: line 1.2- t=100 -> @@0

@firstpass
[]\T1/ptm/m/n/12 Gambar 2.9: 
@ via @@0 b=0 p=0 d=100
@@1: line 1.2 t=100 -> @@0
|Customer 
@ via @@0 b=0 p=0 d=100
@ via @@1 b=0 p=0 d=100
@@2: line 1.2 t=100 -> @@0
Journey 
@ via @@0 b=0 p=0 d=100
@ via @@1 b=0 p=0 d=100
@ via @@2 b=0 p=0 d=100
@@3: line 1.2 t=100 -> @@0
Map 
@ via @@0 b=0 p=0 d=100
@ via @@1 b=0 p=0 d=100
@ via @@2 b=0 p=0 d=100
@ via @@3 b=0 p=0 d=100
@@4: line 1.2 t=100 -> @@0
Donatur 
@ via @@0 b=0 p=0 d=100
@ via @@1 b=0 p=0 d=100
@ via @@2 b=0 p=0 d=100
@ via @@3 b=0 p=0 d=100
@ via @@4 b=0 p=0 d=100
@@5: line 1.2 t=100 -> @@0
Korporat|
@\par via @@0 b=0 p=-10000 d=100
@\par via @@1 b=0 p=-10000 d=100
@\par via @@2 b=0 p=-10000 d=100
@\par via @@3 b=0 p=-10000 d=100
@\par via @@4 b=0 p=-10000 d=100
@\par via @@5 b=0 p=-10000 d=100
@@6: line 1.2- t=100 -> @@0

@firstpass
[][] 
@\par via @@0 b=0 p=-10000 d=100
@@1: line 1.2- t=100 -> @@0

@firstpass
[]\T1/ptm/b/n/12 Penjelasan Fase Customer Journey Map (Hendra): 
@\penalty via @@0 b=0 p=-10000 d=100
@@1: line 1.2 t=100 -> @@0
\T1/ptm/m/it/12 Fase perjalanan: Inisiatif & Niat Baik $\OMS/ztmcm/m/n/12 !$ \T1/ptm/m/it/12 Pemilihan Misi $\OMS/ztmcm/m/n/12 !$ \T1/ptm/m/it/12 Penjemputan & Pengantaran 
@ via @@1 b=24 p=0 d=1156
@@2: line 2.3 t=1256 -> @@1
$\OMS/ztmcm/m/n/12 !$ \T1/ptm/m/it/12 Serah Terima & Apresiasi 
@\par via @@2 b=0 p=-10000 d=100
@@3: line 3.2- t=1356 -> @@2

@firstpass
@secondpass
[]\T1/ptm/m/n/12 Ingin ber-kon-tri-bu-si na-mun ni-at ba-ik se-ring ti-dak ter-sa-lurk-an 
@ via @@0 b=699 p=0 d=512681
@@1: line 1.0 t=512681 -> @@0
aki-bat ke-ti-a-da-an pla-tform ter-pu-sat. \T1/ptm/b/n/12 Pe-lu-ang So-lu-si (FAR): \T1/ptm/m/n/12 Lo-gin per-an 
@ via @@1 b=2503 p=0 d=6315169
@@2: line 2.0 t=6827850 -> @@1
khu-sus 
@ via @@1 b=56 p=0 d=4356
@@3: line 2.1 t=517037 -> @@1
(RBAC) de-ngan ling-kung-an tu-gas man-di-ri. 
@\par via @@2 b=0 p=-10000 d=10100
@\par via @@3 b=0 p=-10000 d=100
@@4: line 3.2- t=517137 -> @@3

@firstpass
[]\T1/ptm/m/n/12 Memilih opsi pengantaran di aplikasi (Missions Board). Sering repot 
@ via @@0 b=11 p=0 d=441
@@1: line 1.2 t=441 -> @@0
@secondpass
[]\T1/ptm/m/n/12 Memilih opsi pe-ngan-tar-an di apli-ka-si (Mis-sions Bo-a-rd). Se-ring 
@ via @@0 b=1127 p=0 d=1302769
@@1: line 1.0 t=1302769 -> @@0
re-pot 
@ via @@0 b=11 p=0 d=441
@@2: line 1.2 t=441 -> @@0
ka-re-na alo-ka-si tu-gas tum-pang tin-dih se-ca-ra ma-nu-al. \T1/ptm/b/n/12 Pe-lu-ang 
@ via @@1 b=7981 p=0 d=63856081
@@3: line 2.0 t=65158850 -> @@1
So-lu-si 
@ via @@1 b=1082 p=0 d=1192464
@ via @@2 b=6268 p=0 d=39423284
@@4: line 2.0 t=2495233 -> @@1
(FAR):
@\kern via @@1 b=1 p=0 d=10121
@\kern via @@2 b=460 p=0 d=230900
@@5: line 2.0 t=231341 -> @@2
 \T1/ptm/m/n/12 Mis-sions Bo-a-rd in-te-rak-tif yang me-nam-pilk-an daf-tar pe-nu-gas-an 
@ via @@3 b=430 p=0 d=193600
@@6: line 3.0 t=65352450 -> @@3
lo-gis-tik 
@ via @@4 b=198 p=0 d=43264
@@7: line 3.0 t=2538497 -> @@4
ha-ri-an. 
@\par via @@5 b=0 p=-10000 d=10100
@\par via @@6 b=0 p=-10000 d=10100
@\par via @@7 b=0 p=-10000 d=10100
@@8: line 3.2- t=241441 -> @@5

@firstpass
[]\T1/ptm/m/n/12 Takut donasi salah sasaran atau rentan dituduh jika tak 
@ via @@0 b=5 p=0 d=225
@@1: line 1.2 t=225 -> @@0
ada bukti penyelesaian. \T1/ptm/b/n/12 Peluang Solusi (FAR): \T1/ptm/m/n/12 Wajib Pindai (\T1/ptm/m/it/12 Mandatory Scan\T1/ptm/m/n/12 ) 
@ via @@1 b=27 p=0 d=1369
@@2: line 2.1 t=1594 -> @@1
QR Code nirkontak sebagai validasi transaksi mutlak. 
@\par via @@2 b=0 p=-10000 d=100
@@3: line 3.2- t=1694 -> @@2

@firstpass
@secondpass
[]\T1/ptm/m/n/12 Sistem la-ma ku-rang mem-be-ri mo-ti-va-si jang-ka pan-jang 
@ via @@0 b=963 p=0 d=956729
@@1: line 1.0 t=956729 -> @@0
ka-re-na mi-nim pen-ca-tat-an ap-re-si-a-si. \T1/ptm/b/n/12 Pe-lu-ang So-lu-si (FAR): \T1/ptm/m/n/12 Sis-tem Ga-mi-fi-ka-si 
@ via @@1 b=147 p=0 d=24649
@@2: line 2.0 t=981378 -> @@1
Di-na-mis de-ngan po-in XP dan per-ing-kat. 
@\par via @@2 b=0 p=-10000 d=10100
@@3: line 3.2- t=991478 -> @@2

@firstpass
[] 
@\par via @@0 b=0 p=-10000 d=100
@@1: line 1.2- t=100 -> @@0

File: image/Logo_Universitas_Telkom_Horizontal.png Graphic file (type png)
<use image/Logo_Universitas_Telkom_Horizontal.png>
Package pdftex.def Info: image/Logo_Universitas_Telkom_Horizontal.png  used on input line 296.
(pdftex.def)             Requested size: 77.11923pt x 34.14322pt.
@firstpass
[][] 
@ via @@0 b=0 p=0 d=100
@@1: line 1.2 t=100 -> @@0
|
@\par via @@0 b=0 p=-10000 d=100
@\par via @@1 b=0 p=-10000 d=100
@@2: line 1.2- t=100 -> @@0

@firstpass
[]
@\par via @@0 b=0 p=-10000 d=100
@@1: line 1.2- t=100 -> @@0

@firstpass
[] 
@\par via @@0 b=0 p=-10000 d=100
@@1: line 1.2- t=100 -> @@0

@firstpass
[]
@\par via @@0 b=0 p=-10000 d=100
@@1: line 1.2- t=100 -> @@0

@firstpass
[]\T1/ptm/m/n/12 22|
@\par via @@0 b=0 p=-10000 d=100
@@1: line 1.2- t=100 -> @@0

 [22 <./image/bab2/segmentasi/CustomerJourneyMap/CJ.DonaturKorporat.png>]
<image/bab2/segmentasi/UserPersona/UP.Penerima.png, id=439, 1445.4pt x 813.0375pt>
File: image/bab2/segmentasi/UserPersona/UP.Penerima.png Graphic file (type png)
<use image/bab2/segmentasi/UserPersona/UP.Penerima.png>
Package pdftex.def Info: image/bab2/segmentasi/UserPersona/UP.Penerima.png  used on input line 302.
(pdftex.def)             Requested size: 426.95175pt x 240.15413pt.
@firstpass
[][]
@\par via @@0 b=0 p=-10000 d=100
@@1: line 1.2- t=100 -> @@0

@firstpass
[]\T1/ptm/m/n/12 Gambar 2.10: 
@ via @@0 b=0 p=0 d=100
@@1: line 1.2 t=100 -> @@0
|User 
@ via @@0 b=0 p=0 d=100
@ via @@1 b=0 p=0 d=100
@@2: line 1.2 t=100 -> @@0
Persona 
@ via @@0 b=0 p=0 d=100
@ via @@1 b=0 p=0 d=100
@ via @@2 b=0 p=0 d=100
@@3: line 1.2 t=100 -> @@0
Penerima|
@\par via @@0 b=0 p=-10000 d=100
@\par via @@1 b=0 p=-10000 d=100
@\par via @@2 b=0 p=-10000 d=100
@\par via @@3 b=0 p=-10000 d=100
@@4: line 1.2- t=100 -> @@0

@firstpass
[][] 
@\par via @@0 b=0 p=-10000 d=100
@@1: line 1.2- t=100 -> @@0

@firstpass
[]\T1/ptm/b/n/12 Penjelasan Profil (Bu Ani): \T1/ptm/m/n/12 Bu Ani (45 tahun) adalah pengurus panti asuhan di pinggiran 
@ via @@0 b=78 p=0 d=7744
@@1: line 1.3 t=7744 -> @@0
kota. Ia bertanggung jawab atas gizi puluhan anak asuhnya dan sangat mengandalkan 
@ via @@1 b=38 p=0 d=12304
@@2: line 2.1 t=20048 -> @@1
bantuan sosial, namun harus ekstra hati-hati dengan sumbangan makanan. 
@\par via @@2 b=0 p=-10000 d=100
@@3: line 3.2- t=20148 -> @@2

@firstpass
[]\T1/ptm/b/n/12 Motivasi: \T1/ptm/m/n/12 Memenuhi kebutuhan gizi anak asuh untuk mencegah stunting; ingin 
@ via @@0 b=0 p=0 d=100
@@1: line 1.2 t=100 -> @@0
bisa melakukan klaim (\T1/ptm/m/it/12 booking\T1/ptm/m/n/12 ) donasi agar tidak berebut di lapangan. 
@\par via @@1 b=0 p=-10000 d=100
@@2: line 2.2- t=200 -> @@1

@firstpass
[]\T1/ptm/b/n/12 Frustrasi: \T1/ptm/m/n/12 Takut makanan sisa menyebabkan keracunan massal; merasa pasif 
@ via @@0 b=26 p=0 d=1296
@@1: line 1.1 t=1296 -> @@0
karena hanya bisa menunggu tanpa kepastian informasi pasokan makanan. 
@\par via @@1 b=0 p=-10000 d=100
@@2: line 2.2- t=1396 -> @@1

@firstpass
[]\T1/ptm/b/n/12 Preferensi: \T1/ptm/m/n/12 Aplikasi mobile, AI, media sosial, serta mengutamakan kepedulian 
@ via @@0 b=0 p=0 d=100
@@1: line 1.2 t=100 -> @@0
sosial dan efisiensi. 
@\par via @@1 b=0 p=-10000 d=100
@@2: line 2.2- t=200 -> @@1

<image/bab2/segmentasi/EmpathyMap/EM.Penerima.png, id=440, 1445.4pt x 813.0375pt>
File: image/bab2/segmentasi/EmpathyMap/EM.Penerima.png Graphic file (type png)
<use image/bab2/segmentasi/EmpathyMap/EM.Penerima.png>
Package pdftex.def Info: image/bab2/segmentasi/EmpathyMap/EM.Penerima.png  used on input line 317.
(pdftex.def)             Requested size: 426.95175pt x 240.15413pt.
@firstpass
[][]
@\par via @@0 b=0 p=-10000 d=100
@@1: line 1.2- t=100 -> @@0

@firstpass
[]\T1/ptm/m/n/12 Gambar 2.11: 
@ via @@0 b=0 p=0 d=100
@@1: line 1.2 t=100 -> @@0
|Empathy 
@ via @@0 b=0 p=0 d=100
@ via @@1 b=0 p=0 d=100
@@2: line 1.2 t=100 -> @@0
Map 
@ via @@0 b=0 p=0 d=100
@ via @@1 b=0 p=0 d=100
@ via @@2 b=0 p=0 d=100
@@3: line 1.2 t=100 -> @@0
Penerima|
@\par via @@0 b=0 p=-10000 d=100
@\par via @@1 b=0 p=-10000 d=100
@\par via @@2 b=0 p=-10000 d=100
@\par via @@3 b=0 p=-10000 d=100
@@4: line 1.2- t=100 -> @@0

@firstpass
[][] 
@\par via @@0 b=0 p=-10000 d=100
@@1: line 1.2- t=100 -> @@0

@firstpass
[] 
@\par via @@0 b=0 p=-10000 d=100
@@1: line 1.2- t=100 -> @@0

File: image/Logo_Universitas_Telkom_Horizontal.png Graphic file (type png)
<use image/Logo_Universitas_Telkom_Horizontal.png>
Package pdftex.def Info: image/Logo_Universitas_Telkom_Horizontal.png  used on input line 321.
(pdftex.def)             Requested size: 77.11923pt x 34.14322pt.
@firstpass
[][] 
@ via @@0 b=0 p=0 d=100
@@1: line 1.2 t=100 -> @@0
|
@\par via @@0 b=0 p=-10000 d=100
@\par via @@1 b=0 p=-10000 d=100
@@2: line 1.2- t=100 -> @@0

@firstpass
[]
@\par via @@0 b=0 p=-10000 d=100
@@1: line 1.2- t=100 -> @@0

@firstpass
[] 
@\par via @@0 b=0 p=-10000 d=100
@@1: line 1.2- t=100 -> @@0

@firstpass
[]
@\par via @@0 b=0 p=-10000 d=100
@@1: line 1.2- t=100 -> @@0

@firstpass
[]\T1/ptm/m/n/12 23|
@\par via @@0 b=0 p=-10000 d=100
@@1: line 1.2- t=100 -> @@0

 [23 <./image/bab2/segmentasi/UserPersona/UP.Penerima.png (PNG copy)>]
@firstpass
[]\T1/ptm/b/n/12 Penjelasan Aspek Empathy Map (Bu Ani): \T1/ptm/m/n/12 Bu Ani adalah pengurus panti asuhan yang 
@ via @@0 b=0 p=0 d=100
@@1: line 1.2 t=100 -> @@0
sangat waspada terhadap keamanan pangan donasi. 
@\par via @@1 b=0 p=-10000 d=100
@@2: line 2.2- t=200 -> @@1

@firstpass
@secondpass
[]\T1/ptm/b/n/12 THINKS: \T1/ptm/m/n/12 Kha-wa-tir ma-kan-an ba-si bi-sa me-nye-babk-an ke-ra-cun-an anak 
@ via @@0 b=5504 p=0 d=30414196
@@1: line 1.0 t=30414196 -> @@0
asuh; 
@ via @@0 b=252 p=0 d=78644
@@2: line 1.0 t=78644 -> @@0
ber-ha-rap do-na-si me-mi-li-ki gi-zi cu-kup ce-gah stun-ting; ya-kin ak-an 
@ via @@1 b=1997 p=0 d=4028049
@@3: line 2.0 t=34442245 -> @@1
ter-ban-tu 
@ via @@1 b=4 p=0 d=10196
@ via @@2 b=849 p=0 d=737881
@@4: line 2.0 t=816525 -> @@2
ji-ka 
@ via @@2 b=40 p=0 d=2500
@@5: line 2.1 t=81144 -> @@2
ada 
@ via @@2 b=42 p=0 d=12704
@@6: line 2.3 t=91348 -> @@2
apli-ka-si pe-me-san-an ma-kan-an. 
@\par via @@3 b=0 p=-10000 d=10100
@\par via @@4 b=0 p=-10000 d=10100
@\par via @@5 b=0 p=-10000 d=100
@\par via @@6 b=0 p=-10000 d=100
@@7: line 3.2- t=81244 -> @@5

@firstpass
@secondpass
[]\T1/ptm/b/n/12 PAINS: \T1/ptm/m/n/12 An-cam-an ke-a-man-an pa-ngan ting-gi ka-re-na ti-dak ada va-li-da-si 
@ via @@0 b=5374 p=0 d=28997456
@@1: line 1.0 t=28997456 -> @@0
in-de-pen-den; ri-si-ko pe-ngam-bil-an gan-da (\T1/ptm/m/it/12 double-claim\T1/ptm/m/n/12 ) yang me-nye-babk-an 
@ via @@1 b=1484 p=0 d=2232036
@@2: line 2.0 t=31229492 -> @@1
wak-tu 
@ via @@1 b=37 p=0 d=12209
@@3: line 2.3 t=29009665 -> @@1
& te-na-ga ter-bu-ang; ti-dak ada pla-tform ter-pa-du. 
@\par via @@2 b=0 p=-10000 d=10100
@\par via @@3 b=0 p=-10000 d=100
@@4: line 3.2- t=29009765 -> @@3


Underfull \hbox (badness 5374) in paragraph at lines 326--327
[]\T1/ptm/b/n/12 PAINS: \T1/ptm/m/n/12 An-cam-an ke-a-man-an pa-ngan ting-gi ka-re-na ti-dak ada va-li-da-si
 []

@firstpass
[]\T1/ptm/b/n/12 SAYS: \T1/ptm/m/n/12 "Apakah makanan sisa ini masih higienis dan aman?" "Kami bingung 
@ via @@0 b=42 p=0 d=2704
@@1: line 1.1 t=2704 -> @@0
@secondpass
[]\T1/ptm/b/n/12 SAYS: \T1/ptm/m/n/12 "Apa-kah ma-kan-an si-sa ini ma-sih hi-gi-e-nis dan am-an?" "Ka-mi 
@ via @@0 b=4084 p=0 d=16770836
@@1: line 1.0 t=16770836 -> @@0
bi-ngung 
@ via @@0 b=42 p=0 d=2704
@@2: line 1.1 t=2704 -> @@0
men-ca-ri pa-sok-an ma-kan-an ber-gi-zi di se-ki-tar." "Ka-dang da-tang 
@ via @@1 b=2799 p=0 d=7890481
@@3: line 2.0 t=24661317 -> @@1
jauh-jauh 
@ via @@1 b=35 p=0 d=12025
@ via @@2 b=1803 p=0 d=3286969
@@4: line 2.0 t=3289673 -> @@2
ta-pi 
@ via @@2 b=110 p=0 d=14400
@@5: line 2.0 t=17104 -> @@2
su-dah di-am-bil orang la-in." 
@\par via @@3 b=0 p=-10000 d=10100
@\par via @@4 b=0 p=-10000 d=10100
@\par via @@5 b=0 p=-10000 d=10100
@@6: line 3.2- t=27204 -> @@5

@firstpass
[]\T1/ptm/b/n/12 FEELS: \T1/ptm/m/n/12 Cemas & waspada takut makanan berbahaya bagi anak asuh; frustrasi 
@ via @@0 b=1 p=0 d=121
@@1: line 1.2 t=121 -> @@0
& lelah karena tidak ada kepastian informasi; penuh harap akan akses pasokan 
@ via @@1 b=5 p=0 d=225
@@2: line 2.2 t=346 -> @@1
pangan yang terjamin mutunya. 
@\par via @@2 b=0 p=-10000 d=100
@@3: line 3.2- t=446 -> @@2

@firstpass
@secondpass
[]\T1/ptm/b/n/12 DOES: \T1/ptm/m/n/12 Me-nung-gu do-na-si se-ca-ra pa-sif tan-pa pe-la-cak-an \T1/ptm/m/it/12 real-time\T1/ptm/m/n/12 ; meng-e-cek 
@ via @@0 b=149 p=0 d=35281
@@1: line 1.0 t=35281 -> @@0
ke-la-yak-an ha-nya de-ngan ma-ta & pen-ci-um-an; se-ring te-ri-ma ma-kan-an 
@ via @@1 b=5077 p=0 d=25877569
@@2: line 2.0 t=25912850 -> @@1
si-sa 
@ via @@1 b=909 p=0 d=844561
@@3: line 2.0 t=879842 -> @@1
tan-pa 
@ via @@1 b=4 p=0 d=10196
@@4: line 2.2 t=45477 -> @@1
ta-hu wak-tu pro-duk-si via grup Wha-tsApp. 
@\par via @@2 b=0 p=-10000 d=10100
@\par via @@3 b=0 p=-10000 d=10100
@\par via @@4 b=0 p=-10000 d=100
@@5: line 3.2- t=45577 -> @@4

@firstpass
[]\T1/ptm/b/n/12 GAINS: \T1/ptm/m/n/12 Mendambakan AI \T1/ptm/m/it/12 Quality Verification \T1/ptm/m/n/12 ("Polisi Pangan") untuk jaminan 
@ via @@0 b=18 p=0 d=784
@@1: line 1.3 t=784 -> @@0
mutu otomatis; fitur radar/peta ketersediaan makanan surplus \T1/ptm/m/it/12 real-time\T1/ptm/m/n/12 ; sistem 
@ via @@1 b=10 p=0 d=400
@@2: line 2.2 t=1184 -> @@1
klaim (\T1/ptm/m/it/12 booking\T1/ptm/m/n/12 ) tetap dan forum \T1/ptm/m/it/12 request\T1/ptm/m/n/12 . 
@\par via @@2 b=0 p=-10000 d=100
@@3: line 3.2- t=1284 -> @@2

@firstpass
[] 
@\par via @@0 b=0 p=-10000 d=100
@@1: line 1.2- t=100 -> @@0

File: image/Logo_Universitas_Telkom_Horizontal.png Graphic file (type png)
<use image/Logo_Universitas_Telkom_Horizontal.png>
Package pdftex.def Info: image/Logo_Universitas_Telkom_Horizontal.png  used on input line 331.
(pdftex.def)             Requested size: 77.11923pt x 34.14322pt.
@firstpass
[][] 
@ via @@0 b=0 p=0 d=100
@@1: line 1.2 t=100 -> @@0
|
@\par via @@0 b=0 p=-10000 d=100
@\par via @@1 b=0 p=-10000 d=100
@@2: line 1.2- t=100 -> @@0

@firstpass
[]
@\par via @@0 b=0 p=-10000 d=100
@@1: line 1.2- t=100 -> @@0

@firstpass
[] 
@\par via @@0 b=0 p=-10000 d=100
@@1: line 1.2- t=100 -> @@0

@firstpass
[]
@\par via @@0 b=0 p=-10000 d=100
@@1: line 1.2- t=100 -> @@0

@firstpass
[]\T1/ptm/m/n/12 24|
@\par via @@0 b=0 p=-10000 d=100
@@1: line 1.2- t=100 -> @@0

[24 <./image/bab2/segmentasi/EmpathyMap/EM.Penerima.png (PNG copy)>]
<image/bab2/segmentasi/CustomerJourneyMap/CJ.Penerima.png, id=449, 3252.15pt x 2031.59pt>
File: image/bab2/segmentasi/CustomerJourneyMap/CJ.Penerima.png Graphic file (type png)
<use image/bab2/segmentasi/CustomerJourneyMap/CJ.Penerima.png>
Package pdftex.def Info: image/bab2/segmentasi/CustomerJourneyMap/CJ.Penerima.png  used on input line 335.
(pdftex.def)             Requested size: 422.68457pt x 264.02298pt.
@firstpass
[][]
@\par via @@0 b=0 p=-10000 d=100
@@1: line 1.2- t=100 -> @@0

@firstpass
[]\T1/ptm/m/n/12 Gambar 2.12: 
@ via @@0 b=0 p=0 d=100
@@1: line 1.2 t=100 -> @@0
|Customer 
@ via @@0 b=0 p=0 d=100
@ via @@1 b=0 p=0 d=100
@@2: line 1.2 t=100 -> @@0
Journey 
@ via @@0 b=0 p=0 d=100
@ via @@1 b=0 p=0 d=100
@ via @@2 b=0 p=0 d=100
@@3: line 1.2 t=100 -> @@0
Map 
@ via @@0 b=0 p=0 d=100
@ via @@1 b=0 p=0 d=100
@ via @@2 b=0 p=0 d=100
@ via @@3 b=0 p=0 d=100
@@4: line 1.2 t=100 -> @@0
Penerima|
@\par via @@0 b=0 p=-10000 d=100
@\par via @@1 b=0 p=-10000 d=100
@\par via @@2 b=0 p=-10000 d=100
@\par via @@3 b=0 p=-10000 d=100
@\par via @@4 b=0 p=-10000 d=100
@@5: line 1.2- t=100 -> @@0

@firstpass
[][] 
@\par via @@0 b=0 p=-10000 d=100
@@1: line 1.2- t=100 -> @@0

@firstpass
[]\T1/ptm/b/n/12 Penjelasan Fase Customer Journey Map (Bu Ani): 
@\penalty via @@0 b=0 p=-10000 d=100
@@1: line 1.2 t=100 -> @@0
\T1/ptm/m/it/12 Fase perjalanan: Inisiatif & Niat Baik $\OMS/ztmcm/m/n/12 !$ \T1/ptm/m/it/12 Pemilihan Misi $\OMS/ztmcm/m/n/12 !$ \T1/ptm/m/it/12 Penjemputan & Pengantaran 
@ via @@1 b=24 p=0 d=1156
@@2: line 2.3 t=1256 -> @@1
$\OMS/ztmcm/m/n/12 !$ \T1/ptm/m/it/12 Serah Terima & Apresiasi 
@\par via @@2 b=0 p=-10000 d=100
@@3: line 3.2- t=1356 -> @@2

@firstpass
@secondpass
[]\T1/ptm/m/n/12 Ingin men-da-patk-an do-na-si ta-pi bu-tuh sis-tem yang je-las. 
@ via @@0 b=4967 p=0 d=24780529
@@1: line 1.0 t=24780529 -> @@0
Ni-at 
@ via @@0 b=181 p=0 d=46481
@@2: line 1.0 t=46481 -> @@0
men-da-pat ban-tu-an ter-ham-bat tan-pa pla-tform ter-pu-sat. \T1/ptm/b/n/12 Pe-lu-ang So-lu-si 
@ via @@1 b=1052 p=0 d=1127844
@ via @@2 b=5908 p=0 d=35022724
@@3: line 2.0 t=25908373 -> @@1
(FAR):
@\kern via @@1 b=0 p=0 d=10100
@\kern via @@2 b=253 p=0 d=69169
@@4: line 2.0 t=115650 -> @@2
 \T1/ptm/m/n/12 Lo-gin per-an khu-sus (RBAC) se-ba-gai pe-ne-ri-ma, de-ngan ak-ses me-li-hat 
@ via @@3 b=399 p=0 d=167281
@@5: line 3.0 t=26075654 -> @@3
do-na-si 
@ via @@4 b=621 p=0 d=398161
@@6: line 3.0 t=513811 -> @@4
ter-se-dia. 
@\par via @@5 b=0 p=-10000 d=10100
@\par via @@6 b=0 p=-10000 d=10100
@@7: line 4.2- t=523911 -> @@6

@firstpass
[]\T1/ptm/m/n/12 Antusias jika donasi dekat panti dan bisa segera diklaim. Sering repot 
@ via @@0 b=1 p=0 d=121
@@1: line 1.2 t=121 -> @@0
berebut klaim (tumpang tindih) secara manual. \T1/ptm/b/n/12 Peluang Solusi (FAR): \T1/ptm/m/n/12 Missions 
@ via @@1 b=12 p=0 d=484
@@2: line 2.2 t=605 -> @@1
Board interaktif untuk melihat daftar donasi yang bisa diklaim oleh penerima. 
@\par via @@2 b=0 p=-10000 d=100
@@3: line 3.2- t=705 -> @@2

@firstpass
@secondpass
[]\T1/ptm/m/n/12 Takut ma-kan-an buk-an un-tuk di-ri-nya; ti-dak ada 
@ via @@0 b=5417 p=0 d=29462329
@@1: line 1.0 t=29462329 -> @@0
buk-ti 
@ via @@0 b=195 p=0 d=52025
@@2: line 1.0 t=52025 -> @@0
se-rah te-ri-ma yang sah. \T1/ptm/b/n/12 Pe-lu-ang So-lu-si (FAR): \T1/ptm/m/n/12 Wa-jib Pin-dai 
@ via @@1 b=6758 p=0 d=45805824
@@3: line 2.0 t=75268153 -> @@1
QR 
@ via @@1 b=2253 p=0 d=5121169
@@4: line 2.0 t=34583498 -> @@1
Co-de 
@ via @@1 b=273 p=0 d=80089
@ via @@2 b=2158 p=0 d=4700224
@@5: line 2.0 t=4752249 -> @@2
nir-kon-tak 
@ via @@2 b=11 p=0 d=10441
@@6: line 2.2 t=62466 -> @@2
se-ba-gai va-li-da-si bah-wa do-na-si sam-pai ke pe-ne-ri-ma 
@ via @@3 b=4429 p=0 d=19704721
@@7: line 3.0 t=94972874 -> @@3
yang 
@ via @@3 b=512 p=0 d=272484
@ via @@4 b=3058 p=0 d=9412624
@@8: line 3.0 t=43996122 -> @@4
be-nar. 
@\par via @@3 b=0 p=-10000 d=10100
@\par via @@4 b=0 p=-10000 d=10100
@\par via @@5 b=0 p=-10000 d=10100
@\par via @@6 b=0 p=-10000 d=100
@\par via @@7 b=0 p=-10000 d=10100
@\par via @@8 b=0 p=-10000 d=10100
@@9: line 3.2- t=62566 -> @@6

@firstpass
@secondpass
[]\T1/ptm/m/n/12 Bangga ter-ca-tat se-ba-gai pe-ne-ri-ma ter-ve-ri-fi-ka-si dan am-an 
@ via @@0 b=164 p=0 d=40276
@@1: line 1.0 t=40276 -> @@0
da-ri \T1/ptm/m/it/12 double-claim\T1/ptm/m/n/12 . Se-be-lum-nya ku-rang ada ca-tat-an ap-re-si-a-si / ting-kat 
@ via @@1 b=4940 p=0 d=24502500
@@2: line 2.0 t=24542776 -> @@1
ke-per-ca-ya-an.
@\kern via @@1 b=0 p=0 d=10100
@@3: line 2.2 t=50376 -> @@1
 \T1/ptm/b/n/12 Pe-lu-ang So-lu-si (FAR): \T1/ptm/m/n/12 Sis-tem Ga-mi-fi-ka-si Di-na-mis mem-be-rik-an 
@ via @@2 b=178 p=0 d=35344
@@4: line 3.0 t=24578120 -> @@2
po-in 
@ via @@2 b=69 p=0 d=16241
@@5: line 3.3 t=24559017 -> @@2
ke-per-ca-ya-an 
@ via @@3 b=0 p=0 d=100
@@6: line 3.2 t=50476 -> @@3
atau \T1/ptm/m/it/12 ba-dge \T1/ptm/m/n/12 ba-gi pe-ne-ri-ma yang ak-tif dan ter-ve-ri-fi-ka-si. 
@\par via @@4 b=0 p=-10000 d=10100
@\par via @@5 b=0 p=-10000 d=100
@\par via @@6 b=0 p=-10000 d=100
@@7: line 4.2- t=50576 -> @@6

@firstpass
[] 
@\par via @@0 b=0 p=-10000 d=100
@@1: line 1.2- t=100 -> @@0

File: image/Logo_Universitas_Telkom_Horizontal.png Graphic file (type png)
<use image/Logo_Universitas_Telkom_Horizontal.png>
Package pdftex.def Info: image/Logo_Universitas_Telkom_Horizontal.png  used on input line 347.
(pdftex.def)             Requested size: 77.11923pt x 34.14322pt.
@firstpass
[][] 
@ via @@0 b=0 p=0 d=100
@@1: line 1.2 t=100 -> @@0
|
@\par via @@0 b=0 p=-10000 d=100
@\par via @@1 b=0 p=-10000 d=100
@@2: line 1.2- t=100 -> @@0

@firstpass
[]
@\par via @@0 b=0 p=-10000 d=100
@@1: line 1.2- t=100 -> @@0

@firstpass
[] 
@\par via @@0 b=0 p=-10000 d=100
@@1: line 1.2- t=100 -> @@0

@firstpass
[]
@\par via @@0 b=0 p=-10000 d=100
@@1: line 1.2- t=100 -> @@0

@firstpass
[]\T1/ptm/m/n/12 25|
@\par via @@0 b=0 p=-10000 d=100
@@1: line 1.2- t=100 -> @@0

 [25 <./image/bab2/segmentasi/CustomerJourneyMap/CJ.Penerima.png>]
<image/bab2/segmentasi/UserPersona/UP.Relawan.png, id=456, 1445.4pt x 813.0375pt>
File: image/bab2/segmentasi/UserPersona/UP.Relawan.png Graphic file (type png)
<use image/bab2/segmentasi/UserPersona/UP.Relawan.png>
Package pdftex.def Info: image/bab2/segmentasi/UserPersona/UP.Relawan.png  used on input line 353.
(pdftex.def)             Requested size: 426.95175pt x 240.15413pt.
@firstpass
[][]
@\par via @@0 b=0 p=-10000 d=100
@@1: line 1.2- t=100 -> @@0

@firstpass
[]\T1/ptm/m/n/12 Gambar 2.13: 
@ via @@0 b=0 p=0 d=100
@@1: line 1.2 t=100 -> @@0
|User 
@ via @@0 b=0 p=0 d=100
@ via @@1 b=0 p=0 d=100
@@2: line 1.2 t=100 -> @@0
Persona 
@ via @@0 b=0 p=0 d=100
@ via @@1 b=0 p=0 d=100
@ via @@2 b=0 p=0 d=100
@@3: line 1.2 t=100 -> @@0
Relawan|
@\par via @@0 b=0 p=-10000 d=100
@\par via @@1 b=0 p=-10000 d=100
@\par via @@2 b=0 p=-10000 d=100
@\par via @@3 b=0 p=-10000 d=100
@@4: line 1.2- t=100 -> @@0

@firstpass
[][] 
@\par via @@0 b=0 p=-10000 d=100
@@1: line 1.2- t=100 -> @@0

@firstpass
@secondpass
[]\T1/ptm/b/n/12 Penjelasan Pro-fil (Ri-zky): \T1/ptm/m/n/12 Ri-zky (22 ta-hun) ada-lah ma-ha-sis-wa \T1/ptm/m/it/12 tech-savvy
@\kern via @@0 b=7203 p=0 d=52037369
@@1: line 1.0 t=52037369 -> @@0
 \T1/ptm/m/n/12 de-ngan 
@ via @@0 b=454 p=0 d=225296
@@2: line 1.0 t=225296 -> @@0
mo-bi-li-tas ting-gi (ken-da-ra-an pri-ba-di) yang ingin me-nyum-bangk-an wak-tu 
@ via @@1 b=3009 p=0 d=9114361
@@3: line 2.0 t=61151730 -> @@1
lu-ang-nya 
@ via @@1 b=3 p=0 d=10169
@ via @@2 b=1509 p=0 d=2307361
@@4: line 2.0 t=2532657 -> @@2
un-tuk 
@ via @@2 b=3 p=0 d=10169
@@5: line 2.2 t=235465 -> @@2
meng-an-tark-an do-na-si ma-kan-an. Ia mem-bu-tuhk-an sis-tem yang 
@ via @@3 b=2662 p=0 d=7139584
@@6: line 3.0 t=68291314 -> @@3
ter-a-rah, 
@ via @@3 b=38 p=0 d=2304
@ via @@4 b=3930 p=0 d=15523600
@@7: line 3.0 t=18056257 -> @@4
efi-si-en, 
@ via @@4 b=165 p=0 d=30625
@ via @@5 b=2538 p=0 d=6502304
@@8: line 3.0 t=2563282 -> @@4
dan 
@ via @@4 b=0 p=0 d=10100
@ via @@5 b=441 p=0 d=213401
@@9: line 3.0 t=448866 -> @@5
trans-par-an. 
@\par via @@6 b=0 p=-10000 d=10100
@\par via @@7 b=0 p=-10000 d=10100
@\par via @@8 b=0 p=-10000 d=10100
@\par via @@9 b=0 p=-10000 d=10100
@@10: line 4.2- t=458966 -> @@9

@firstpass
[]\T1/ptm/b/n/12 Motivasi: \T1/ptm/m/n/12 Memiliki jiwa sosial tinggi dan senang berkontribusi nyata, terutama 
@ via @@0 b=0 p=0 d=100
@@1: line 1.2 t=100 -> @@0
jika ada sistem penghargaan (\T1/ptm/m/it/12 reward/leaderboard\T1/ptm/m/n/12 ) seperti permainan. 
@\par via @@1 b=0 p=-10000 d=100
@@2: line 2.2- t=200 -> @@1

@firstpass
@secondpass
[]\T1/ptm/b/n/12 Frustrasi: \T1/ptm/m/n/12 Ku-rang ap-re-si-a-si/pencatatan kon-tri-bu-si da-lam sis-tem re-la-w-an 
@ via @@0 b=2285 p=0 d=5277025
@@1: line 1.0 t=5277025 -> @@0
kon-ven-sio-nal; kha-wa-tir do-na-si sa-lah sa-sar-an; ti-dak ada buk-ti se-rah 
@ via @@1 b=7064 p=0 d=50041476
@@2: line 2.0 t=55318501 -> @@1
te-ri-ma 
@ via @@1 b=631 p=0 d=410881
@@3: line 2.0 t=5687906 -> @@1
yang 
@ via @@1 b=4 p=0 d=10196
@@4: line 2.2 t=5287221 -> @@1
sah; re-pot men-ca-ri ala-mat pe-ne-ri-ma ma-nu-al. 
@\par via @@2 b=0 p=-10000 d=10100
@\par via @@3 b=0 p=-10000 d=10100
@\par via @@4 b=0 p=-10000 d=100
@@5: line 3.2- t=5287321 -> @@4


Underfull \hbox (badness 2285) in paragraph at lines 362--363
[]\T1/ptm/b/n/12 Frustrasi: \T1/ptm/m/n/12 Ku-rang ap-re-si-a-si/pencatatan kon-tri-bu-si da-lam sis-tem re-la-w-an
 []

@firstpass
[]\T1/ptm/b/n/12 Preferensi: \T1/ptm/m/n/12 Aplikasi mobile, kecerdasan buatan (AI), media sosial, serta nilai 
@ via @@0 b=20 p=0 d=900
@@1: line 1.1 t=900 -> @@0
efisiensi dan kepedulian sosial. 
@\par via @@1 b=0 p=-10000 d=100
@@2: line 2.2- t=1000 -> @@1

<image/bab2/segmentasi/EmpathyMap/EM.Relawan.png, id=457, 1445.4pt x 813.0375pt>
File: image/bab2/segmentasi/EmpathyMap/EM.Relawan.png Graphic file (type png)
<use image/bab2/segmentasi/EmpathyMap/EM.Relawan.png>
Package pdftex.def Info: image/bab2/segmentasi/EmpathyMap/EM.Relawan.png  used on input line 368.
(pdftex.def)             Requested size: 426.95175pt x 240.15413pt.
@firstpass
[][]
@\par via @@0 b=0 p=-10000 d=100
@@1: line 1.2- t=100 -> @@0

@firstpass
[]\T1/ptm/m/n/12 Gambar 2.14: 
@ via @@0 b=0 p=0 d=100
@@1: line 1.2 t=100 -> @@0
|Empathy 
@ via @@0 b=0 p=0 d=100
@ via @@1 b=0 p=0 d=100
@@2: line 1.2 t=100 -> @@0
Map 
@ via @@0 b=0 p=0 d=100
@ via @@1 b=0 p=0 d=100
@ via @@2 b=0 p=0 d=100
@@3: line 1.2 t=100 -> @@0
Relawan|
@\par via @@0 b=0 p=-10000 d=100
@\par via @@1 b=0 p=-10000 d=100
@\par via @@2 b=0 p=-10000 d=100
@\par via @@3 b=0 p=-10000 d=100
@@4: line 1.2- t=100 -> @@0

@firstpass
[][] 
@\par via @@0 b=0 p=-10000 d=100
@@1: line 1.2- t=100 -> @@0

@firstpass
[] 
@\par via @@0 b=0 p=-10000 d=100
@@1: line 1.2- t=100 -> @@0

File: image/Logo_Universitas_Telkom_Horizontal.png Graphic file (type png)
<use image/Logo_Universitas_Telkom_Horizontal.png>
Package pdftex.def Info: image/Logo_Universitas_Telkom_Horizontal.png  used on input line 372.
(pdftex.def)             Requested size: 77.11923pt x 34.14322pt.
@firstpass
[][] 
@ via @@0 b=0 p=0 d=100
@@1: line 1.2 t=100 -> @@0
|
@\par via @@0 b=0 p=-10000 d=100
@\par via @@1 b=0 p=-10000 d=100
@@2: line 1.2- t=100 -> @@0

@firstpass
[]
@\par via @@0 b=0 p=-10000 d=100
@@1: line 1.2- t=100 -> @@0

@firstpass
[] 
@\par via @@0 b=0 p=-10000 d=100
@@1: line 1.2- t=100 -> @@0

@firstpass
[]
@\par via @@0 b=0 p=-10000 d=100
@@1: line 1.2- t=100 -> @@0

@firstpass
[]\T1/ptm/m/n/12 26|
@\par via @@0 b=0 p=-10000 d=100
@@1: line 1.2- t=100 -> @@0

[26 <./image/bab2/segmentasi/UserPersona/UP.Relawan.png (PNG copy)>]
@firstpass
[]\T1/ptm/b/n/12 Penjelasan Aspek Empathy Map (Rizky): \T1/ptm/m/n/12 Rizky adalah relawan mahasiswa yang ingin 
@ via @@0 b=2 p=0 d=144
@@1: line 1.2 t=144 -> @@0
mengantarkan donasi makanan secara efisien dan terarah. 
@\par via @@1 b=0 p=-10000 d=100
@@2: line 2.2- t=244 -> @@1

@firstpass
@secondpass
[]\T1/ptm/b/n/12 THINKS: \T1/ptm/m/n/12 Men-ca-ri ala-mat ma-nu-al itu me-re-potk-an; bu-tuh ca-ra prak-tis 
@ via @@0 b=3460 p=0 d=12050900
@@1: line 1.0 t=12050900 -> @@0
mem-buk-tik-an tu-gas se-le-sai tan-pa la-por-an ter-tu-lis; sis-tem kom-pe-ti-si/\T1/ptm/m/it/12 leaderboard
@\kern via @@1 b=0 p=0 d=10100
@@2: line 2.2 t=12061000 -> @@1
 \T1/ptm/m/n/12 se-per-ti ga-me ak-an me-mo-ti-va-si. 
@\par via @@2 b=0 p=-10000 d=100
@@3: line 3.2- t=12061100 -> @@2


Underfull \hbox (badness 3460) in paragraph at lines 376--377
[]\T1/ptm/b/n/12 THINKS: \T1/ptm/m/n/12 Men-ca-ri ala-mat ma-nu-al itu me-re-potk-an; bu-tuh ca-ra prak-tis
 []

@firstpass
[]\T1/ptm/b/n/12 PAINS: \T1/ptm/m/n/12 Motivasi jangka panjang rendah karena kurang apresiasi; risiko salah 
@ via @@0 b=26 p=0 d=1296
@@1: line 1.1 t=1296 -> @@0
sasaran & miskomunikasi akibat tidak ada bukti serah terima nirkontak; proses 
@ via @@1 b=3 p=0 d=169
@@2: line 2.2 t=1465 -> @@1
lambat tanpa papan misi terpusat. 
@\par via @@2 b=0 p=-10000 d=100
@@3: line 3.2- t=1565 -> @@2

@firstpass
[]\T1/ptm/b/n/12 SAYS: \T1/ptm/m/n/12 "Saya butuh panduan rute yang jelas dan efisien." "Apakah ada jaminan 
@ via @@0 b=1 p=0 d=121
@@1: line 1.2 t=121 -> @@0
@secondpass
[]\T1/ptm/b/n/12 SAYS: \T1/ptm/m/n/12 "Sa-ya bu-tuh pan-du-an ru-te yang je-las dan efi-si-en." "Apa-kah 
@ via @@0 b=6477 p=0 d=42091169
@@1: line 1.0 t=42091169 -> @@0
ada 
@ via @@0 b=1603 p=0 d=2611769
@@2: line 1.0 t=2611769 -> @@0
ja-min-an 
@ via @@0 b=1 p=0 d=121
@@3: line 1.2 t=121 -> @@0
ma-kan-an ini sam-pai ke pi-hak yang te-pat?" "Ak-an le-bih 
@ via @@1 b=3568 p=0 d=12802084
@@4: line 2.0 t=54893253 -> @@1
se-ru 
@ via @@1 b=618 p=0 d=394384
@ via @@2 b=3000 p=0 d=9060100
@@5: line 2.0 t=11671869 -> @@2
ji-ka 
@ via @@1 b=35 p=0 d=2025
@ via @@2 b=549 p=0 d=312481
@ via @@3 b=7704 p=0 d=59515796
@@6: line 2.0 t=2924250 -> @@2
ada 
@ via @@1 b=10 p=0 d=10400
@ via @@2 b=35 p=0 d=2025
@ via @@3 b=2384 p=0 d=5741236
@@7: line 2.1 t=2613794 -> @@2
sis-tem 
@ via @@3 b=125 p=0 d=28225
@@8: line 2.0 t=28346 -> @@3
peng-har-ga-an." 
@\par via @@4 b=0 p=-10000 d=10100
@\par via @@5 b=0 p=-10000 d=10100
@\par via @@6 b=0 p=-10000 d=10100
@\par via @@7 b=0 p=-10000 d=100
@\par via @@8 b=0 p=-10000 d=10100
@@9: line 3.2- t=38446 -> @@8

@firstpass
@secondpass
[]\T1/ptm/b/n/12 FEELS: \T1/ptm/m/n/12 Frus-tra-si ji-ka ti-tik lo-ka-si ti-dak aku-rat; kha-wa-tir ma-kan-an ja-tuh 
@ via @@0 b=1365 p=0 d=1900625
@@1: line 1.0 t=1900625 -> @@0
ke 
@ via @@0 b=281 p=0 d=94681
@@2: line 1.0 t=94681 -> @@0
ta-ngan sa-lah; an-tu-si-as & pe-du-li ji-ka kon-tri-bu-si di-a-kui dan ber-dam-pak 
@ via @@1 b=824 p=0 d=695556
@ via @@2 b=2865 p=0 d=8265625
@@3: line 2.0 t=2596181 -> @@1
nya-ta. 
@\par via @@1 b=0 p=-10000 d=10100
@\par via @@2 b=0 p=-10000 d=10100
@\par via @@3 b=0 p=-10000 d=10100
@@4: line 2.2- t=104781 -> @@2

@firstpass
@secondpass
[]\T1/ptm/b/n/12 DOES: \T1/ptm/m/n/12 Ber-tin-dak su-ka-re-la se-ba-gai ar-ma-da lo-gis-tik; ak-tif meng-gu-nak-an 
@ via @@0 b=2478 p=0 d=6200144
@@1: line 1.0 t=6200144 -> @@0
smar-tpho-ne & GPS; pa-da sis-tem kon-ven-sio-nal se-ring meng-ha-bisk-an wak-tu 
@ via @@1 b=533 p=0 d=294849
@@2: line 2.0 t=6494993 -> @@1
men-ca-ri lo-ka-si ma-nu-al tan-pa buk-ti va-lid. 
@\par via @@2 b=0 p=-10000 d=10100
@@3: line 3.2- t=6505093 -> @@2


Underfull \hbox (badness 2478) in paragraph at lines 380--381
[]\T1/ptm/b/n/12 DOES: \T1/ptm/m/n/12 Ber-tin-dak su-ka-re-la se-ba-gai ar-ma-da lo-gis-tik; ak-tif meng-gu-nak-an
 []

@firstpass
[]\T1/ptm/b/n/12 GAINS: \T1/ptm/m/n/12 Ingin fitur wajib scan QR Code penerima sebagai bukti sah; sistem 
@ via @@0 b=78 p=0 d=7744
@@1: line 1.1 t=7744 -> @@0
gamifikasi sosial berbasis AI dengan poin XP dinamis; \T1/ptm/m/it/12 badge rank \T1/ptm/m/n/12 (Trainee $\OMS/ztmcm/m/n/12 !$
@\math via @@1 b=2 p=0 d=144
@@2: line 2.2 t=7888 -> @@1
 \T1/ptm/m/n/12 Sultan Relawan). 
@\par via @@2 b=0 p=-10000 d=100
@@3: line 3.2- t=7988 -> @@2

<image/bab2/segmentasi/CustomerJourneyMap/CJ.Relawan.png, id=462, 3252.15pt x 1983.41pt>
File: image/bab2/segmentasi/CustomerJourneyMap/CJ.Relawan.png Graphic file (type png)
<use image/bab2/segmentasi/CustomerJourneyMap/CJ.Relawan.png>
Package pdftex.def Info: image/bab2/segmentasi/CustomerJourneyMap/CJ.Relawan.png  used on input line 386.
(pdftex.def)             Requested size: 362.91159pt x 221.32327pt.
@firstpass
[][]
@\par via @@0 b=0 p=-10000 d=100
@@1: line 1.2- t=100 -> @@0

@firstpass
[]\T1/ptm/m/n/12 Gambar 2.15: 
@ via @@0 b=0 p=0 d=100
@@1: line 1.2 t=100 -> @@0
|Customer 
@ via @@0 b=0 p=0 d=100
@ via @@1 b=0 p=0 d=100
@@2: line 1.2 t=100 -> @@0
Journey 
@ via @@0 b=0 p=0 d=100
@ via @@1 b=0 p=0 d=100
@ via @@2 b=0 p=0 d=100
@@3: line 1.2 t=100 -> @@0
Map 
@ via @@0 b=0 p=0 d=100
@ via @@1 b=0 p=0 d=100
@ via @@2 b=0 p=0 d=100
@ via @@3 b=0 p=0 d=100
@@4: line 1.2 t=100 -> @@0
Relawan|
@\par via @@0 b=0 p=-10000 d=100
@\par via @@1 b=0 p=-10000 d=100
@\par via @@2 b=0 p=-10000 d=100
@\par via @@3 b=0 p=-10000 d=100
@\par via @@4 b=0 p=-10000 d=100
@@5: line 1.2- t=100 -> @@0

@firstpass
[][] 
@\par via @@0 b=0 p=-10000 d=100
@@1: line 1.2- t=100 -> @@0

@firstpass
[] 
@\par via @@0 b=0 p=-10000 d=100
@@1: line 1.2- t=100 -> @@0

File: image/Logo_Universitas_Telkom_Horizontal.png Graphic file (type png)
<use image/Logo_Universitas_Telkom_Horizontal.png>
Package pdftex.def Info: image/Logo_Universitas_Telkom_Horizontal.png  used on input line 390.
(pdftex.def)             Requested size: 77.11923pt x 34.14322pt.
@firstpass
[][] 
@ via @@0 b=0 p=0 d=100
@@1: line 1.2 t=100 -> @@0
|
@\par via @@0 b=0 p=-10000 d=100
@\par via @@1 b=0 p=-10000 d=100
@@2: line 1.2- t=100 -> @@0

@firstpass
[]
@\par via @@0 b=0 p=-10000 d=100
@@1: line 1.2- t=100 -> @@0

@firstpass
[] 
@\par via @@0 b=0 p=-10000 d=100
@@1: line 1.2- t=100 -> @@0

@firstpass
[]
@\par via @@0 b=0 p=-10000 d=100
@@1: line 1.2- t=100 -> @@0

@firstpass
[]\T1/ptm/m/n/12 27|
@\par via @@0 b=0 p=-10000 d=100
@@1: line 1.2- t=100 -> @@0

[27 <./image/bab2/segmentasi/EmpathyMap/EM.Relawan.png (PNG copy)>]
@firstpass
[]\T1/ptm/b/n/12 Penjelasan Fase Customer Journey Map (Rizky): 
@\penalty via @@0 b=0 p=-10000 d=100
@@1: line 1.2 t=100 -> @@0
\T1/ptm/m/it/12 Fase perjalanan: Inisiatif & Niat Baik $\OMS/ztmcm/m/n/12 !$ \T1/ptm/m/it/12 Pemilihan Misi $\OMS/ztmcm/m/n/12 !$ \T1/ptm/m/it/12 Penjemputan & Pengantaran 
@ via @@1 b=24 p=0 d=1156
@@2: line 2.3 t=1256 -> @@1
$\OMS/ztmcm/m/n/12 !$ \T1/ptm/m/it/12 Serah Terima & Apresiasi 
@\par via @@2 b=0 p=-10000 d=100
@@3: line 3.2- t=1356 -> @@2

@firstpass
[]\T1/ptm/m/n/12 Antusias untuk mengisi waktu luang membantu distribusi donasi, 
@ via @@0 b=3 p=0 d=169
@@1: line 1.2 t=169 -> @@0
@secondpass
[]\T1/ptm/m/n/12 Antusias un-tuk meng-i-si wak-tu lu-ang mem-ban-tu dis-tri-bu-si 
@ via @@0 b=3623 p=0 d=13208689
@@1: line 1.0 t=13208689 -> @@0
do-na-si, 
@ via @@0 b=3 p=0 d=169
@@2: line 1.2 t=169 -> @@0
na-mun ni-at ba-ik se-ring ti-dak ter-sa-lurk-an aki-bat ke-ti-a-da-an pla-tform 
@ via @@1 b=1571 p=0 d=2499561
@@3: line 2.0 t=15708250 -> @@1
ter-pu-sat.
@\kern via @@1 b=3 p=0 d=10169
@\kern via @@2 b=1014 p=0 d=1058576
@@4: line 2.0 t=1058745 -> @@2
 \T1/ptm/b/n/12 Pe-lu-ang So-lu-si (FAR): \T1/ptm/m/n/12 Lo-gin per-an khu-sus (RBAC) de-ngan 
@ via @@3 b=3977 p=0 d=15896169
@@5: line 3.0 t=31604419 -> @@3
ling-kung-an 
@ via @@3 b=1 p=0 d=10121
@ via @@4 b=4001 p=0 d=16088121
@@6: line 3.2 t=15718371 -> @@3
tu-gas 
@ via @@4 b=216 p=0 d=51076
@@7: line 3.0 t=1109821 -> @@4
man-di-ri. 
@\par via @@5 b=0 p=-10000 d=10100
@\par via @@6 b=0 p=-10000 d=100
@\par via @@7 b=0 p=-10000 d=10100
@@8: line 4.2- t=1119921 -> @@7


Underfull \hbox (badness 1014) in paragraph at lines 394--395
\T1/ptm/m/n/12 na-mun ni-at ba-ik se-ring ti-dak ter-sa-lurk-an aki-bat ke-ti-a-da-an pla-tform ter-pu-sat.
 []

@firstpass
[]\T1/ptm/m/n/12 Termotivasi memilih misi (Missions Board) yang searah jalan pulang. 
@ via @@0 b=4 p=0 d=196
@@1: line 1.2 t=196 -> @@0
Sering repot karena alokasi tugas tumpang tindih secara manual. \T1/ptm/b/n/12 Peluang Solusi 
@ via @@1 b=8 p=0 d=324
@@2: line 2.2 t=520 -> @@1
(FAR): \T1/ptm/m/n/12 Missions Board interaktif menampilkan daftar penugasan logistik harian. 
@\par via @@2 b=0 p=-10000 d=100
@@3: line 3.2- t=620 -> @@2

@firstpass
[]\T1/ptm/m/n/12 Harus memastikan makanan diserahkan ke alamat dan 
@ via @@0 b=21 p=0 d=961
@@1: line 1.1 t=961 -> @@0
orang yang tepat. Takut salah sasaran atau dituduh jika tak ada bukti penyelesaian.
@\kern via @@1 b=0 p=0 d=100
@@2: line 2.2 t=1061 -> @@1
@secondpass
[]\T1/ptm/m/n/12 Harus me-mas-tik-an ma-kan-an di-se-rahk-an ke ala-mat 
@ via @@0 b=2617 p=0 d=6911129
@@1: line 1.0 t=6911129 -> @@0
dan 
@ via @@0 b=21 p=0 d=961
@@2: line 1.1 t=961 -> @@0
orang yang te-pat. Ta-kut sa-lah sa-sar-an atau di-tu-duh ji-ka tak ada 
@ via @@1 b=3492 p=0 d=12264004
@@3: line 2.0 t=19175133 -> @@1
buk-ti 
@ via @@1 b=737 p=0 d=558009
@ via @@2 b=2608 p=0 d=6853924
@@4: line 2.0 t=6854885 -> @@2
pe-nye-le-sa-i-an.
@\kern via @@2 b=0 p=0 d=100
@@5: line 2.2 t=1061 -> @@2
 \T1/ptm/b/n/12 Pe-lu-ang So-lu-si (FAR): \T1/ptm/m/n/12 Wa-jib Pin-dai (\T1/ptm/m/it/12 Man-da-tory 
@ via @@3 b=5847 p=0 d=34304449
@@6: line 3.0 t=53479582 -> @@3
Sc-an\T1/ptm/m/n/12 ) 
@ via @@3 b=591 p=0 d=361201
@ via @@4 b=5077 p=0 d=25877569
@@7: line 3.0 t=19536334 -> @@3
QR 
@ via @@3 b=27 p=0 d=1369
@ via @@4 b=1122 p=0 d=1281424
@@8: line 3.0 t=8136309 -> @@4
Co-de 
@ via @@4 b=22 p=0 d=1024
@@9: line 3.1 t=6855909 -> @@4
nir-kon-tak 
@ via @@5 b=744 p=0 d=578516
@@10: line 3.0 t=579577 -> @@5
se-ba-gai va-li-da-si tran-sak-si mut-lak. 
@\par via @@6 b=0 p=-10000 d=10100
@\par via @@7 b=0 p=-10000 d=10100
@\par via @@8 b=0 p=-10000 d=10100
@\par via @@9 b=0 p=-10000 d=100
@\par via @@10 b=0 p=-10000 d=10100
@@11: line 4.2- t=589677 -> @@10

@firstpass
[]\T1/ptm/m/n/12 Termotivasi memantau kenaikan pangkat (poin XP) setelah 
@ via @@0 b=0 p=0 d=100
@@1: line 1.2 t=100 -> @@0
@secondpass
[]\T1/ptm/m/n/12 Termotivasi me-man-tau ke-na-ik-an pang-kat (po-in XP) 
@ via @@0 b=6559 p=0 d=43161761
@@1: line 1.0 t=43161761 -> @@0
se-te-lah 
@ via @@0 b=0 p=0 d=100
@@2: line 1.2 t=100 -> @@0
me-min-dai QR Co-de pe-ne-ri-ma. Se-be-lum-nya ku-rang mo-ti-va-si ka-re-na 
@ via @@1 b=845 p=0 d=731025
@@3: line 2.0 t=43892786 -> @@1
mi-nim 
@ via @@1 b=0 p=0 d=10100
@ via @@2 b=991 p=0 d=1012001
@@4: line 2.0 t=1012101 -> @@2
pen-ca-tat-an ap-re-si-a-si. \T1/ptm/b/n/12 Pe-lu-ang So-lu-si (FAR): \T1/ptm/m/n/12 Sis-tem Ga-mi-fi-ka-si 
@ via @@3 b=4013 p=0 d=16184529
@@5: line 3.0 t=60077315 -> @@3
Di-na-mis 
@ via @@3 b=28 p=0 d=1444
@ via @@4 b=2310 p=0 d=5382400
@@6: line 3.0 t=6394501 -> @@4
de-ngan 
@ via @@4 b=11 p=0 d=10441
@@7: line 3.2 t=1022542 -> @@4
po-in XP dan kas-ta per-ing-kat (Tra-i-nee $\OMS/ztmcm/m/n/12 !$ \T1/ptm/m/n/12 Sult-an). 
@\par via @@5 b=0 p=-10000 d=10100
@\par via @@6 b=0 p=-10000 d=10100
@\par via @@7 b=0 p=-10000 d=100
@@8: line 4.2- t=1022642 -> @@7

@firstpass
|[]\T1/ptm/b/n/17.28 Identifikasi Aplikasi Sejenis| 
@\par via @@0 b=0 p=-10000 d=100
@@1: line 1.2- t=100 -> @@0

@firstpass
\T1/ptm/m/n/12 Tahapan identifikasi aplikasi sejenis merupakan langkah analitis yang dilakukan untuk 
@ via @@0 b=43 p=0 d=2809
@@1: line 1.1 t=2809 -> @@0
memetakan produk atau platform digital pendahulu (\T1/ptm/m/it/12 existing solutions\T1/ptm/m/n/12 ) yang memiliki 
@ via @@1 b=58 p=0 d=4624
@@2: line 2.1 t=7433 -> @@1
kesamaan fungsional dengan sistem yang diusulkan. Tujuan utama dari observasi ini 
@ via @@2 b=91 p=0 d=10201
@@3: line 3.1 t=17634 -> @@2
adalah untuk menemukan celah kelemahan (\T1/ptm/m/it/12 gap\T1/ptm/m/n/12 ) serta batasan operasional pada aplikasi 
@ via @@3 b=0 p=0 d=100
@@4: line 4.2 t=17734 -> @@3
@secondpass
\T1/ptm/m/n/12 Tahapan iden-ti-fi-ka-si apli-ka-si se-je-nis me-ru-pak-an lang-kah ana-li-tis yang di-la-kuk-an 
@ via @@0 b=2591 p=0 d=6775201
@@1: line 1.0 t=6775201 -> @@0
un-tuk 
@ via @@0 b=43 p=0 d=2809
@@2: line 1.1 t=2809 -> @@0
me-me-tak-an pro-duk atau pla-tform di-gi-tal pen-da-hu-lu (\T1/ptm/m/it/12 exis-ting so-lu-tions\T1/ptm/m/n/12 ) 
@ via @@1 b=5832 p=0 d=34128964
@@3: line 2.0 t=40904165 -> @@1
yang 
@ via @@1 b=607 p=0 d=380689
@ via @@2 b=7186 p=0 d=51782416
@@4: line 2.0 t=7155890 -> @@1
me-mi-li-ki 
@ via @@2 b=58 p=0 d=4624
@@5: line 2.1 t=7433 -> @@2
ke-sa-ma-an fung-sio-nal de-ngan sis-tem yang di-u-sulk-an. Tu-ju-an 
@ via @@3 b=4913 p=0 d=24235929
@@6: line 3.0 t=65140094 -> @@3
uta-ma 
@ via @@3 b=488 p=0 d=248004
@ via @@4 b=3690 p=0 d=13690000
@@7: line 3.0 t=20845890 -> @@4
da-ri 
@ via @@3 b=17 p=0 d=729
@ via @@4 b=721 p=0 d=534361
@@8: line 3.0 t=7690251 -> @@4
ob-se-rva-si 
@ via @@5 b=631 p=0 d=410881
@@9: line 3.0 t=418314 -> @@5
ini 
@ via @@5 b=91 p=0 d=10201
@@10: line 3.1 t=17634 -> @@5
ada-lah un-tuk me-ne-muk-an ce-lah ke-le-mah-an (\T1/ptm/m/it/12 gap\T1/ptm/m/n/12 ) ser-ta 
@ via @@6 b=1910 p=0 d=3686400
@@11: line 4.0 t=68826494 -> @@6
ba-tas-an 
@ via @@6 b=10 p=0 d=10400
@ via @@7 b=1221 p=0 d=1515361
@ via @@8 b=5908 p=0 d=35022724
@@12: line 4.0 t=22361251 -> @@7
ope-ra-sio-nal 
@ via @@8 b=2 p=0 d=10144
@ via @@9 b=3460 p=0 d=12040900
@@13: line 4.2 t=7700395 -> @@8
pa-da 
@ via @@9 b=343 p=0 d=124609
@ via @@10 b=1845 p=0 d=3441025
@@14: line 4.0 t=542923 -> @@9
apli-ka-si 
@ via @@10 b=0 p=0 d=100
@@15: line 4.2 t=17734 -> @@10
yang te-lah ber-e-dar di ma-sya-ra-kat. Me-la-lui 
@ via @@11 b=2913 p=0 d=8543929
@@16: line 5.0 t=77370423 -> @@11
ana-li-sis 
@ via @@11 b=105 p=0 d=13225
@ via @@12 b=2913 p=0 d=8543929
@@17: line 5.0 t=30905180 -> @@12
kom-pa-ra-tif 
@ via @@12 b=2 p=0 d=10144
@ via @@13 b=3333 p=0 d=11185649
@@18: line 5.0 t=18886044 -> @@13
ini, 
@ via @@13 b=909 p=0 d=854561
@ via @@14 b=4556 p=0 d=20848356
@@19: line 5.0 t=8554956 -> @@13
pe-ngem-bang-an 
@ via @@14 b=40 p=0 d=12500
@ via @@15 b=536 p=0 d=308116
@@20: line 5.0 t=325850 -> @@15
pla-tform Fo-od AI Re-scue da-pat di-fo-kusk-an 
@ via @@16 b=624 p=0 d=401956
@@21: line 6.0 t=77772379 -> @@16
un-tuk 
@ via @@16 b=0 p=0 d=10100
@ via @@17 b=1320 p=0 d=1768900
@@22: line 6.0 t=32674080 -> @@17
me-ran-cang 
@ via @@18 b=1308 p=0 d=1737124
@ via @@19 b=6493 p=0 d=42289009
@@23: line 6.0 t=20623168 -> @@18
ni-lai 
@ via @@18 b=53 p=0 d=3969
@ via @@19 b=887 p=0 d=804609
@@24: line 6.0 t=9359565 -> @@19
tam-bah 
@ via @@19 b=28 p=0 d=11444
@@25: line 6.3 t=8566400 -> @@19
(\T1/ptm/m/it/12 va-lue 
@ via @@20 b=927 p=0 d=877969
@@26: line 6.0 t=1203819 -> @@20
pro-po-si-tion\T1/ptm/m/n/12 ) yang le-bih ino-va-tif, te-pat 
@ via @@21 b=5667 p=0 d=32228329
@@27: line 7.0 t=110000708 -> @@21
sa-sar-an, 
@ via @@21 b=185 p=0 d=38025
@ via @@22 b=3229 p=0 d=10491121
@@28: line 7.0 t=43165201 -> @@22
dan 
@ via @@21 b=0 p=0 d=10100
@ via @@22 b=515 p=0 d=275625
@@29: line 7.0 t=32949705 -> @@22
re-lev-an 
@ via @@22 b=28 p=0 d=11444
@ via @@23 b=1917 p=0 d=3713329
@@30: line 7.0 t=24336497 -> @@23
da-lam 
@ via @@23 b=69 p=0 d=6241
@ via @@24 b=1147 p=0 d=1338649
@@31: line 7.0 t=10698214 -> @@24
men-jem-ba-ta-ni 
@ via @@25 b=14 p=0 d=10576
@ via @@26 b=1584 p=0 d=2540836
@@32: line 7.0 t=3744655 -> @@26
ke-bu-tuh-an pa-ra pe-mang-ku ke-pen-ting-an 
@ via @@27 b=1484 p=0 d=2232036
@@33: line 8.0 t=112232744 -> @@27
di 
@ via @@27 b=305 p=0 d=99225
@@34: line 8.0 t=110099933 -> @@27
eko-sis-tem 
@ via @@28 b=73 p=0 d=6889
@ via @@29 b=1424 p=0 d=2056356
@@35: line 8.0 t=35006061 -> @@29
do-na-si 
@ via @@29 b=0 p=0 d=10100
@ via @@30 b=1881 p=0 d=3575881
@@36: line 8.0 t=27912378 -> @@30
pa-ngan. 
@\par via @@30 b=4 p=-10000 d=10196
@\par via @@31 b=0 p=-10000 d=10100
@\par via @@32 b=0 p=-10000 d=10100
@\par via @@33 b=0 p=-10000 d=10100
@\par via @@34 b=0 p=-10000 d=10100
@\par via @@35 b=0 p=-10000 d=10100
@\par via @@36 b=0 p=-10000 d=10100
@@37: line 8.2- t=3754755 -> @@32


Underfull \hbox (badness 1584) in paragraph at lines 402--403
\T1/ptm/m/it/12 pro-po-si-tion\T1/ptm/m/n/12 ) yang le-bih ino-va-tif, te-pat sa-sar-an, dan re-lev-an da-lam men-jem-ba-ta-ni
 []

@firstpass
[] 
@\par via @@0 b=0 p=-10000 d=100
@@1: line 1.2- t=100 -> @@0

File: image/Logo_Universitas_Telkom_Horizontal.png Graphic file (type png)
<use image/Logo_Universitas_Telkom_Horizontal.png>
Package pdftex.def Info: image/Logo_Universitas_Telkom_Horizontal.png  used on input line 403.
(pdftex.def)             Requested size: 77.11923pt x 34.14322pt.
@firstpass
[][] 
@ via @@0 b=0 p=0 d=100
@@1: line 1.2 t=100 -> @@0
|
@\par via @@0 b=0 p=-10000 d=100
@\par via @@1 b=0 p=-10000 d=100
@@2: line 1.2- t=100 -> @@0

@firstpass
[]
@\par via @@0 b=0 p=-10000 d=100
@@1: line 1.2- t=100 -> @@0

@firstpass
[] 
@\par via @@0 b=0 p=-10000 d=100
@@1: line 1.2- t=100 -> @@0

@firstpass
[]
@\par via @@0 b=0 p=-10000 d=100
@@1: line 1.2- t=100 -> @@0

@firstpass
[]\T1/ptm/m/n/12 28|
@\par via @@0 b=0 p=-10000 d=100
@@1: line 1.2- t=100 -> @@0

[28 <./image/bab2/segmentasi/CustomerJourneyMap/CJ.Relawan.png>]
@firstpass
@secondpass
[]\T1/ptm/m/n/12 Dalam ob-se-rva-si ini, per-ban-ding-an di-fo-kusk-an pa-da em-pat pla-tform pe-nge-lo-la 
@ via @@0 b=4217 p=0 d=17877529
@@1: line 1.0 t=17877529 -> @@0
si-sa 
@ via @@0 b=624 p=0 d=411956
@@2: line 1.0 t=411956 -> @@0
ma-kan-an yang men-ja-di to-lok ukur da-lam ini-si-a-tif fo-od re-scue, ya-i-tu: 
@\par via @@1 b=0 p=-10000 d=10100
@\par via @@2 b=0 p=-10000 d=10100
@@3: line 2.2- t=422056 -> @@2

@firstpass
@secondpass
@emergencypass
[]\T1/ptm/m/n/12 Surplus In-do-ne-sia: Apli-ka-si \T1/ptm/m/it/12 fo-od re-scue
@\kern via @@0 b=8170 p=0 d=66922400
@@1: line 1.0 t=66922400 -> @@0
 \T1/ptm/m/n/12 ko-mer-si-al 
@ via @@0 b=2913 p=0 d=8553929
@@2: line 1.0 t=8553929 -> @@0
yang 
@ via @@0 b=1400 p=0 d=1998100
@@3: line 1.0 t=1998100 -> @@0
ber-fo-kus 
@ via @@0 b=285 p=0 d=97025
@@4: line 1.0 t=97025 -> @@0
me-nye-la-matk-an ma-kan-an 
@ via @@1 b=3635 p=0 d=13286025
@@5: line 2.0 t=80208425 -> @@1
ber-le-bih 
@ via @@1 b=1092 p=0 d=1214404
@ via @@2 b=4279 p=0 d=18395521
@ via @@3 b=7944 p=0 d=63266116
@@6: line 2.0 t=26949450 -> @@2
da-ri 
@ via @@1 b=460 p=0 d=220900
@ via @@2 b=2351 p=0 d=5574321
@ via @@3 b=4686 p=0 d=22052416
@@7: line 2.0 t=14128250 -> @@2
pe-la-ku 
@ via @@1 b=66 p=0 d=5776
@ via @@2 b=791 p=0 d=641601
@ via @@3 b=1902 p=0 d=3655744
@ via @@4 b=5667 p=0 d=32228329
@@8: line 2.0 t=5653844 -> @@3
usa-ha 
@ via @@1 b=1 p=0 d=10121
@ via @@2 b=213 p=0 d=49729
@ via @@3 b=692 p=0 d=492804
@ via @@4 b=2698 p=0 d=7333264
@@9: line 2.0 t=2490904 -> @@3
(res-tor-an, 
@ via @@2 b=2 p=0 d=10144
@ via @@3 b=55 p=0 d=4225
@ via @@4 b=611 p=0 d=385641
@@10: line 2.0 t=482666 -> @@4
ho-tel, 
@ via @@3 b=1 p=0 d=10121
@ via @@4 b=141 p=0 d=22801
@ via @@5 b=6445 p=0 d=41667025
@@11: line 2.0 t=119826 -> @@4
ka-te-ring) 
@ via @@4 b=0 p=0 d=10100
@ via @@5 b=2269 p=0 d=5193841
@ via @@6 b=5847 p=0 d=34304449
@@12: line 2.2 t=107125 -> @@4
de-ngan 
@ via @@5 b=748 p=0 d=574564
@ via @@6 b=2521 p=0 d=6405961
@ via @@7 b=4391 p=0 d=19368801
@@13: line 3.0 t=33355411 -> @@6
me-mfa-si-li-ta-si 
@ via @@5 b=17 p=0 d=729
@ via @@6 b=297 p=0 d=94249
@ via @@7 b=748 p=0 d=574564
@ via @@8 b=2213 p=0 d=4941729
@ via @@9 b=4765 p=0 d=22800625
@@14: line 3.0 t=10595573 -> @@8
pe-langg-an 
@ via @@6 b=4 p=0 d=10196
@ via @@7 b=53 p=0 d=3969
@ via @@8 b=399 p=0 d=167281
@ via @@9 b=1253 p=0 d=1595169
@ via @@10 b=4582 p=0 d=21086464
@@15: line 3.0 t=4086073 -> @@9
un-tuk 
@ via @@7 b=1 p=0 d=10121
@ via @@8 b=74 p=0 d=7056
@ via @@9 b=399 p=0 d=167281
@ via @@10 b=2088 p=0 d=4401604
@ via @@11 b=4699 p=0 d=22174681
@@16: line 3.0 t=2658185 -> @@9
mem-be-li 
@ via @@8 b=0 p=0 d=10100
@ via @@9 b=22 p=0 d=1024
@ via @@10 b=474 p=0 d=234256
@ via @@11 b=1460 p=0 d=2160900
@ via @@12 b=4819 p=0 d=23329241
@@17: line 3.0 t=716922 -> @@10
ma-kan-an 
@ via @@10 b=29 p=0 d=1521
@ via @@11 b=242 p=0 d=63504
@ via @@12 b=1460 p=0 d=2170900
@ via @@13 b=4048 p=0 d=16467364
@@18: line 3.0 t=183330 -> @@11
yang 
@ via @@10 b=0 p=0 d=10100
@ via @@11 b=41 p=0 d=2601
@ via @@12 b=562 p=0 d=337184
@ via @@13 b=1968 p=0 d=3912484
@@19: line 3.1 t=122427 -> @@11
be-lum 
@ via @@11 b=0 p=0 d=10100
@ via @@12 b=106 p=0 d=23456
@ via @@13 b=659 p=0 d=447561
@ via @@14 b=4217 p=0 d=17867529
@@20: line 3.0 t=130581 -> @@12
@@21: line 3.2 t=129926 -> @@11
ha-bis 
@ via @@12 b=7 p=0 d=289
@ via @@13 b=179 p=0 d=35721
@ via @@14 b=2027 p=0 d=4149369
@ via @@15 b=6493 p=0 d=42289009
@@22: line 3.2 t=107414 -> @@12
ter-ju-al 
@ via @@13 b=12 p=0 d=10484
@ via @@14 b=710 p=0 d=518400
@ via @@15 b=3068 p=0 d=9474084
@ via @@16 b=6141 p=0 d=37834801
@@23: line 4.0 t=11113973 -> @@14
ter-se-but 
@ via @@14 b=109 p=0 d=14161
@ via @@15 b=1009 p=0 d=1038361
@ via @@16 b=2452 p=0 d=6061444
@ via @@17 b=6592 p=0 d=43586404
@@24: line 4.0 t=5124434 -> @@15
di 
@ via @@14 b=43 p=0 d=2809
@ via @@15 b=618 p=0 d=394384
@ via @@16 b=1635 p=0 d=2706025
@ via @@17 b=4726 p=0 d=22429696
@@25: line 4.0 t=4480457 -> @@15
akhir 
@ via @@14 b=1 p=0 d=10121
@ via @@15 b=187 p=0 d=38809
@ via @@16 b=674 p=0 d=467856
@ via @@17 b=2443 p=0 d=6017209
@ via @@18 b=6493 p=0 d=42289009
@@26: line 4.0 t=3126041 -> @@16
jam 
@ via @@15 b=51 p=0 d=3721
@ via @@16 b=283 p=0 d=85849
@ via @@17 b=1337 p=0 d=1814409
@ via @@18 b=4036 p=0 d=16370116
@ via @@19 b=7081 p=0 d=50282281
@@27: line 4.0 t=2531331 -> @@17
ope-ra-sio-nal 
@ via @@16 b=2 p=0 d=10144
@ via @@17 b=154 p=0 d=26896
@ via @@18 b=968 p=0 d=956484
@ via @@19 b=2103 p=0 d=4464769
@ via @@20 b=4608 p=0 d=21325924
@ via @@21 b=4608 p=0 d=21335924
@@28: line 4.0 t=743818 -> @@17
de-ngan 
@ via @@17 b=7 p=0 d=10289
@ via @@18 b=233 p=0 d=59049
@ via @@19 b=692 p=0 d=492804
@ via @@20 b=1895 p=0 d=3629025
@ via @@21 b=1895 p=0 d=3639025
@ via @@22 b=3884 p=0 d=15173236
@ via @@23 b=7851 p=0 d=61795321
@@29: line 4.0 t=242379 -> @@18
po-tong-an 
@ via @@18 b=6 p=0 d=10256
@ via @@19 b=76 p=0 d=7396
@ via @@20 b=417 p=0 d=182329
@ via @@21 b=417 p=0 d=192329
@ via @@22 b=1158 p=0 d=1374224
@ via @@23 b=2932 p=0 d=8655364
@ via @@24 b=7030 p=0 d=49561600
@@30: line 4.1 t=129823 -> @@19
har-ga 
@ via @@19 b=4 p=0 d=196
@ via @@20 b=95 p=0 d=11025
@ via @@21 b=95 p=0 d=11025
@ via @@22 b=401 p=0 d=178921
@ via @@23 b=1303 p=0 d=1723969
@ via @@24 b=3690 p=0 d=13690000
@ via @@25 b=5245 p=0 d=27615025
@@31: line 4.2 t=122623 -> @@19
hing-ga 
@ via @@20 b=2 p=0 d=10144
@ via @@21 b=2 p=0 d=144
@ via @@22 b=60 p=0 d=4900
@ via @@23 b=371 p=0 d=145161
@ via @@24 b=1490 p=0 d=2250000
@ via @@25 b=2253 p=0 d=5121169
@ via @@26 b=4531 p=0 d=20620681
@ via @@27 b=7468 p=0 d=55920484
@@32: line 4.1 t=112314 -> @@22
se-te-ngah-nya. 
@\par via @@23 b=0 p=-10000 d=10100
@\par via @@24 b=0 p=-10000 d=10100
@\par via @@25 b=0 p=-10000 d=10100
@\par via @@26 b=0 p=-10000 d=10100
@\par via @@27 b=0 p=-10000 d=10100
@\par via @@28 b=0 p=-10000 d=10100
@\par via @@29 b=0 p=-10000 d=10100
@\par via @@30 b=0 p=-10000 d=100
@\par via @@31 b=0 p=-10000 d=100
@\par via @@32 b=0 p=-10000 d=100
@@33: line 5.2- t=112414 -> @@32


Underfull \hbox (badness 10000) in paragraph at lines 406--407
[]\T1/ptm/m/n/12 Surplus In-do-ne-sia: Apli-ka-si \T1/ptm/m/it/12 fo-od re-scue \T1/ptm/m/n/12 ko-mer-si-al yang ber-fo-kus
 []


Underfull \hbox (badness 1917) in paragraph at lines 406--407
\T1/ptm/m/n/12 ter-ju-al ter-se-but di akhir jam ope-ra-sio-nal de-ngan po-tong-an har-ga hing-ga
 []

@firstpass
@secondpass
[]\T1/ptm/m/n/12 Garda Pa-ngan: Or-ga-ni-sa-si \T1/ptm/m/it/12 fo-od bank \T1/ptm/m/n/12 di In-do-ne-sia yang ber-fo-kus pa-da 
@ via @@0 b=2005 p=0 d=4070225
@@1: line 1.0 t=4070225 -> @@0
pe-nye-la-mat-an sur-plus ma-kan-an da-ri in-dus-tri \T1/ptm/m/it/12 hos-pi-ta-li-ty \T1/ptm/m/n/12 dan men-dis-tri-bu-si-kan-nya 
@ via @@1 b=53 p=0 d=13969
@@2: line 2.3 t=4084194 -> @@1
se-ca-ra gra-tis ke-pa-da ma-sya-ra-kat pra-sejahtera me-la-lui ope-ra-sio-nal ja-ring-an 
@ via @@2 b=832 p=0 d=718964
@@3: line 3.0 t=4803158 -> @@2
re-la-w-an se-ca-ra kon-ven-sio-nal. 
@\par via @@3 b=0 p=-10000 d=10100
@@4: line 4.2- t=4813258 -> @@3


Underfull \hbox (badness 2005) in paragraph at lines 407--408
[]\T1/ptm/m/n/12 Garda Pa-ngan: Or-ga-ni-sa-si \T1/ptm/m/it/12 fo-od bank \T1/ptm/m/n/12 di In-do-ne-sia yang ber-fo-kus pa-da
 []

@firstpass
@secondpass
[]\T1/ptm/m/n/12 Foodbank of In-do-ne-sia (FOI): Ja-ring-an nir-la-ba na-sio-nal yang meng-e-lo-la 
@ via @@0 b=1817 p=0 d=3347929
@@1: line 1.0 t=3347929 -> @@0
dis-tri-bu-si do-na-si dan ma-kan-an ber-le-bih da-ri ber-ba-gai pi-hak un-tuk men-ce-gah 
@ via @@1 b=166 p=0 d=30976
@@2: line 2.0 t=3378905 -> @@1
ke-la-par-an, de-ngan fo-kus kam-pa-nye pa-da per-ba-ik-an gi-zi anak-anak ba-li-ta 
@ via @@2 b=1472 p=0 d=2196324
@@3: line 3.0 t=5575229 -> @@2
dan 
@ via @@2 b=89 p=0 d=9801
@@4: line 3.1 t=3388706 -> @@2
ke-lom-pok rent-an di ber-ba-gai wi-la-yah. 
@\par via @@3 b=0 p=-10000 d=10100
@\par via @@4 b=0 p=-10000 d=100
@@5: line 4.2- t=3388806 -> @@4


Underfull \hbox (badness 1817) in paragraph at lines 408--409
[]\T1/ptm/m/n/12 Foodbank of In-do-ne-sia (FOI): Ja-ring-an nir-la-ba na-sio-nal yang meng-e-lo-la
 []

@firstpass
@secondpass
[]\T1/ptm/m/n/12 Too Go-od To Go: Apli-ka-si glo-bal pio-nir \T1/ptm/m/it/12 fo-od re-scue \T1/ptm/m/n/12 (po-pu-ler di 
@ via @@0 b=5787 p=0 d=33615209
@@1: line 1.0 t=33615209 -> @@0
Ero-pa 
@ via @@0 b=900 p=0 d=838100
@@2: line 1.0 t=838100 -> @@0
dan 
@ via @@0 b=116 p=0 d=25876
@@3: line 1.0 t=25876 -> @@0
Ame-ri-ka) yang meng-hu-bungk-an pe-langg-an de-ngan res-tor-an 
@ via @@1 b=4765 p=0 d=22800625
@@4: line 2.0 t=56415834 -> @@1
atau 
@ via @@1 b=391 p=0 d=160801
@ via @@2 b=8019 p=0 d=64464841
@@5: line 2.0 t=33776010 -> @@1
to-ko 
@ via @@1 b=1 p=0 d=10121
@ via @@2 b=918 p=0 d=861184
@ via @@3 b=6428 p=0 d=41447844
@@6: line 2.0 t=1699284 -> @@2
ke-lon-tong 
@ via @@3 b=0 p=0 d=10100
@@7: line 2.2 t=35976 -> @@3
un-tuk mem-be-li ``pa-ket ke-jut-an'' (\T1/ptm/m/it/12 ma-gic ba-gs\T1/ptm/m/n/12 ) ber-i-si 
@ via @@4 b=1584 p=0 d=2540836
@@8: line 3.0 t=58956670 -> @@4
ma-kan-an 
@ via @@4 b=47 p=0 d=13249
@ via @@5 b=123 p=0 d=17689
@ via @@6 b=2401 p=0 d=5812921
@@9: line 3.0 t=7512205 -> @@6
si-sa 
@ via @@5 b=13 p=0 d=10529
@ via @@6 b=204 p=0 d=45796
@@10: line 3.0 t=1745080 -> @@6
la-yak 
@ via @@7 b=1796 p=0 d=3271636
@@11: line 3.0 t=3307612 -> @@7
kon-sum-si 
@ via @@7 b=70 p=0 d=6400
@@12: line 3.3 t=42376 -> @@7
de-ngan har-ga yang sa-ngat mu-rah. 
@\par via @@8 b=0 p=-10000 d=10100
@\par via @@9 b=0 p=-10000 d=10100
@\par via @@10 b=0 p=-10000 d=10100
@\par via @@11 b=0 p=-10000 d=10100
@\par via @@12 b=0 p=-10000 d=100
@@13: line 4.2- t=42476 -> @@12

@firstpass
[]\T1/ptm/m/n/12 Rincian perbandingan fitur dan kapabilitas layanan antara platform kompetitor dengan 
@ via @@0 b=51 p=0 d=3721
@@1: line 1.1 t=3721 -> @@0
sistem Food AI Rescue yang diusulkan dapat diringkas pada tabel berikut: 
@\par via @@1 b=0 p=-10000 d=100
@@2: line 2.2- t=3821 -> @@1

@firstpass
[]\T1/ptm/m/n/12 Tabel 2.1: 
@ via @@0 b=0 p=0 d=100
@@1: line 1.2 t=100 -> @@0
|Perbandingan 
@ via @@0 b=0 p=0 d=100
@ via @@1 b=0 p=0 d=100
@@2: line 1.2 t=100 -> @@0
Fitur 
@ via @@0 b=0 p=0 d=100
@ via @@1 b=0 p=0 d=100
@ via @@2 b=0 p=0 d=100
@@3: line 1.2 t=100 -> @@0
dan 
@ via @@0 b=0 p=0 d=100
@ via @@1 b=0 p=0 d=100
@ via @@2 b=0 p=0 d=100
@ via @@3 b=0 p=0 d=100
@@4: line 1.2 t=100 -> @@0
Kapabilitas 
@ via @@0 b=0 p=0 d=100
@ via @@1 b=0 p=0 d=100
@ via @@2 b=0 p=0 d=100
@ via @@3 b=0 p=0 d=100
@ via @@4 b=0 p=0 d=100
@@5: line 1.2 t=100 -> @@0
Layanan 
@ via @@0 b=0 p=0 d=100
@ via @@1 b=0 p=0 d=100
@ via @@2 b=0 p=0 d=100
@ via @@3 b=0 p=0 d=100
@ via @@4 b=0 p=0 d=100
@ via @@5 b=0 p=0 d=100
@@6: line 1.2 t=100 -> @@0
Platform 
@ via @@0 b=0 p=0 d=100
@ via @@1 b=0 p=0 d=100
@ via @@2 b=0 p=0 d=100
@ via @@3 b=0 p=0 d=100
@ via @@4 b=0 p=0 d=100
@ via @@5 b=0 p=0 d=100
@ via @@6 b=0 p=0 d=100
@@7: line 1.2 t=100 -> @@0
Food 
@ via @@0 b=0 p=0 d=100
@ via @@1 b=0 p=0 d=100
@ via @@2 b=0 p=0 d=100
@ via @@3 b=0 p=0 d=100
@ via @@4 b=0 p=0 d=100
@ via @@5 b=0 p=0 d=100
@ via @@6 b=0 p=0 d=100
@ via @@7 b=0 p=0 d=100
@@8: line 1.2 t=100 -> @@0
Rescue|
@\par via @@0 b=0 p=-10000 d=100
@\par via @@1 b=0 p=-10000 d=100
@\par via @@2 b=0 p=-10000 d=100
@\par via @@3 b=0 p=-10000 d=100
@\par via @@4 b=0 p=-10000 d=100
@\par via @@5 b=0 p=-10000 d=100
@\par via @@6 b=0 p=-10000 d=100
@\par via @@7 b=0 p=-10000 d=100
@\par via @@8 b=0 p=-10000 d=100
@@9: line 1.2- t=100 -> @@0

@firstpass
[][] 
@\par via @@0 b=0 p=-10000 d=100
@@1: line 1.2- t=100 -> @@0

@firstpass
[]|\T1/ptm/b/n/12 Fitur 
@ via @@0 b=0 p=0 d=100
@@1: line 1.2 t=100 -> @@0
/ 
@ via @@0 b=0 p=0 d=100
@ via @@1 b=0 p=0 d=100
@@2: line 1.2 t=100 -> @@0
Layanan 
@ via @@0 b=0 p=0 d=100
@ via @@1 b=0 p=0 d=100
@ via @@2 b=0 p=0 d=100
@@3: line 1.2 t=100 -> @@0
Utama| 
@\par via @@0 b=0 p=-10000 d=100
@\par via @@1 b=0 p=-10000 d=100
@\par via @@2 b=0 p=-10000 d=100
@\par via @@3 b=0 p=-10000 d=100
@@4: line 1.2- t=100 -> @@0

@firstpass
[]|\T1/ptm/b/n/12 Surplus 
@ via @@0 b=0 p=0 d=100
@@1: line 1.2 t=100 -> @@0
Indonesia|
@\par via @@0 b=0 p=-10000 d=100
@\par via @@1 b=0 p=-10000 d=100
@@2: line 1.2- t=100 -> @@0

@firstpass
[]|\T1/ptm/b/n/12 Garda 
@ via @@0 b=0 p=0 d=100
@@1: line 1.2 t=100 -> @@0
Pangan|
@\par via @@0 b=0 p=-10000 d=100
@\par via @@1 b=0 p=-10000 d=100
@@2: line 1.2- t=100 -> @@0

@firstpass
[]|\T1/ptm/b/n/12 Foodbank 
@ via @@0 b=0 p=0 d=100
@@1: line 1.2 t=100 -> @@0
of 
@ via @@0 b=0 p=0 d=100
@ via @@1 b=0 p=0 d=100
@@2: line 1.2 t=100 -> @@0
Indonesia|
@\par via @@0 b=0 p=-10000 d=100
@\par via @@1 b=0 p=-10000 d=100
@\par via @@2 b=0 p=-10000 d=100
@@3: line 1.2- t=100 -> @@0

@firstpass
[]|\T1/ptm/b/n/12 Too 
@ via @@0 b=0 p=0 d=100
@@1: line 1.2 t=100 -> @@0
Good 
@ via @@0 b=0 p=0 d=100
@ via @@1 b=0 p=0 d=100
@@2: line 1.2 t=100 -> @@0
To 
@ via @@0 b=0 p=0 d=100
@ via @@1 b=0 p=0 d=100
@ via @@2 b=0 p=0 d=100
@@3: line 1.2 t=100 -> @@0
Go|
@\par via @@0 b=0 p=-10000 d=100
@\par via @@1 b=0 p=-10000 d=100
@\par via @@2 b=0 p=-10000 d=100
@\par via @@3 b=0 p=-10000 d=100
@@4: line 1.2- t=100 -> @@0

@firstpass
[]|\T1/ptm/b/n/12 Food 
@ via @@0 b=0 p=0 d=100
@@1: line 1.2 t=100 -> @@0
AI 
@ via @@0 b=0 p=0 d=100
@ via @@1 b=0 p=0 d=100
@@2: line 1.2 t=100 -> @@0
Rescue 
@ via @@0 b=0 p=0 d=100
@ via @@1 b=0 p=0 d=100
@ via @@2 b=0 p=0 d=100
@@3: line 1.2 t=100 -> @@0
(Usulan)|
@\par via @@0 b=0 p=-10000 d=100
@\par via @@1 b=0 p=-10000 d=100
@\par via @@2 b=0 p=-10000 d=100
@\par via @@3 b=0 p=-10000 d=100
@@4: line 1.2- t=100 -> @@0

@firstpass
[]|\T1/ptm/m/n/12 Penyaluran 
@ via @@0 b=0 p=0 d=100
@@1: line 1.2 t=100 -> @@0
Donasi 
@ via @@0 b=0 p=0 d=100
@ via @@1 b=0 p=0 d=100
@@2: line 1.2 t=100 -> @@0
Makanan 
@ via @@0 b=0 p=0 d=100
@ via @@1 b=0 p=0 d=100
@ via @@2 b=0 p=0 d=100
@@3: line 1.2 t=100 -> @@0
Secara 
@ via @@0 b=0 p=0 d=100
@ via @@1 b=0 p=0 d=100
@ via @@2 b=0 p=0 d=100
@ via @@3 b=0 p=0 d=100
@@4: line 1.2 t=100 -> @@0
Gratis| 
@\par via @@0 b=0 p=-10000 d=100
@\par via @@1 b=0 p=-10000 d=100
@\par via @@2 b=0 p=-10000 d=100
@\par via @@3 b=0 p=-10000 d=100
@\par via @@4 b=0 p=-10000 d=100
@@5: line 1.2- t=100 -> @@0

@firstpass
[]|[]|
@\par via @@0 b=0 p=-10000 d=100
@@1: line 1.2- t=100 -> @@0

@firstpass
[]|[]|
@\par via @@0 b=0 p=-10000 d=100
@@1: line 1.2- t=100 -> @@0

@firstpass
[]|[]|
@\par via @@0 b=0 p=-10000 d=100
@@1: line 1.2- t=100 -> @@0

@firstpass
[]|[]|
@\par via @@0 b=0 p=-10000 d=100
@@1: line 1.2- t=100 -> @@0

@firstpass
[]|[]|
@\par via @@0 b=0 p=-10000 d=100
@@1: line 1.2- t=100 -> @@0

@firstpass
[]|\T1/ptm/m/n/12 Verifikasi 
@ via @@0 b=0 p=0 d=100
@@1: line 1.2 t=100 -> @@0
Kelayakan 
@ via @@0 b=0 p=0 d=100
@ via @@1 b=0 p=0 d=100
@@2: line 1.2 t=100 -> @@0
Makanan 
@ via @@0 b=0 p=0 d=100
@ via @@1 b=0 p=0 d=100
@ via @@2 b=0 p=0 d=100
@@3: line 1.2 t=100 -> @@0
Otomatis 
@ via @@0 b=0 p=0 d=100
@ via @@1 b=0 p=0 d=100
@ via @@2 b=0 p=0 d=100
@ via @@3 b=0 p=0 d=100
@@4: line 1.2 t=100 -> @@0
(AI)| 
@\par via @@0 b=0 p=-10000 d=100
@\par via @@1 b=0 p=-10000 d=100
@\par via @@2 b=0 p=-10000 d=100
@\par via @@3 b=0 p=-10000 d=100
@\par via @@4 b=0 p=-10000 d=100
@@5: line 1.2- t=100 -> @@0

@firstpass
[]|[]|
@\par via @@0 b=0 p=-10000 d=100
@@1: line 1.2- t=100 -> @@0

@firstpass
[]|[]|
@\par via @@0 b=0 p=-10000 d=100
@@1: line 1.2- t=100 -> @@0

@firstpass
[]|[]|
@\par via @@0 b=0 p=-10000 d=100
@@1: line 1.2- t=100 -> @@0

@firstpass
[]|[]|
@\par via @@0 b=0 p=-10000 d=100
@@1: line 1.2- t=100 -> @@0

@firstpass
[]|[]|
@\par via @@0 b=0 p=-10000 d=100
@@1: line 1.2- t=100 -> @@0

@firstpass
[]|\T1/ptm/m/n/12 Sistem 
@ via @@0 b=0 p=0 d=100
@@1: line 1.2 t=100 -> @@0
Penjemputan 
@ via @@0 b=0 p=0 d=100
@ via @@1 b=0 p=0 d=100
@@2: line 1.2 t=100 -> @@0
oleh 
@ via @@0 b=0 p=0 d=100
@ via @@1 b=0 p=0 d=100
@ via @@2 b=0 p=0 d=100
@@3: line 1.2 t=100 -> @@0
Relawan 
@ via @@0 b=0 p=0 d=100
@ via @@1 b=0 p=0 d=100
@ via @@2 b=0 p=0 d=100
@ via @@3 b=0 p=0 d=100
@@4: line 1.2 t=100 -> @@0
Tergamifikasi| 
@\par via @@0 b=0 p=-10000 d=100
@\par via @@1 b=0 p=-10000 d=100
@\par via @@2 b=0 p=-10000 d=100
@\par via @@3 b=0 p=-10000 d=100
@\par via @@4 b=0 p=-10000 d=100
@@5: line 1.2- t=100 -> @@0

@firstpass
[]|[]|
@\par via @@0 b=0 p=-10000 d=100
@@1: line 1.2- t=100 -> @@0

@firstpass
[]|[]|
@\par via @@0 b=0 p=-10000 d=100
@@1: line 1.2- t=100 -> @@0

@firstpass
[]|[]|
@\par via @@0 b=0 p=-10000 d=100
@@1: line 1.2- t=100 -> @@0

@firstpass
[]|[]|
@\par via @@0 b=0 p=-10000 d=100
@@1: line 1.2- t=100 -> @@0

@firstpass
[]|[]|
@\par via @@0 b=0 p=-10000 d=100
@@1: line 1.2- t=100 -> @@0

@firstpass
[]|\T1/ptm/m/n/12 Validasi 
@ via @@0 b=0 p=0 d=100
@@1: line 1.2 t=100 -> @@0
Serah 
@ via @@0 b=0 p=0 d=100
@ via @@1 b=0 p=0 d=100
@@2: line 1.2 t=100 -> @@0
Terima 
@ via @@0 b=0 p=0 d=100
@ via @@1 b=0 p=0 d=100
@ via @@2 b=0 p=0 d=100
@@3: line 1.2 t=100 -> @@0
Nirkontak 
@ via @@0 b=0 p=0 d=100
@ via @@1 b=0 p=0 d=100
@ via @@2 b=0 p=0 d=100
@ via @@3 b=0 p=0 d=100
@@4: line 1.2 t=100 -> @@0
(QR 
@ via @@0 b=0 p=0 d=100
@ via @@1 b=0 p=0 d=100
@ via @@2 b=0 p=0 d=100
@ via @@3 b=0 p=0 d=100
@ via @@4 b=0 p=0 d=100
@@5: line 1.2 t=100 -> @@0
Code)| 
@\par via @@0 b=0 p=-10000 d=100
@\par via @@1 b=0 p=-10000 d=100
@\par via @@2 b=0 p=-10000 d=100
@\par via @@3 b=0 p=-10000 d=100
@\par via @@4 b=0 p=-10000 d=100
@\par via @@5 b=0 p=-10000 d=100
@@6: line 1.2- t=100 -> @@0

@firstpass
[]|[]|
@\par via @@0 b=0 p=-10000 d=100
@@1: line 1.2- t=100 -> @@0

@firstpass
[]|[]|
@\par via @@0 b=0 p=-10000 d=100
@@1: line 1.2- t=100 -> @@0

@firstpass
[]|[]|
@\par via @@0 b=0 p=-10000 d=100
@@1: line 1.2- t=100 -> @@0

@firstpass
[]|[]|
@\par via @@0 b=0 p=-10000 d=100
@@1: line 1.2- t=100 -> @@0

@firstpass
[]|[]|
@\par via @@0 b=0 p=-10000 d=100
@@1: line 1.2- t=100 -> @@0

@firstpass
[]|\T1/ptm/m/n/12 Dasbor 
@ via @@0 b=0 p=0 d=100
@@1: line 1.2 t=100 -> @@0
Kalkulasi 
@ via @@0 b=0 p=0 d=100
@ via @@1 b=0 p=0 d=100
@@2: line 1.2 t=100 -> @@0
Dampak 
@ via @@0 b=0 p=0 d=100
@ via @@1 b=0 p=0 d=100
@ via @@2 b=0 p=0 d=100
@@3: line 1.2 t=100 -> @@0
Sosial 
@ via @@0 b=0 p=0 d=100
@ via @@1 b=0 p=0 d=100
@ via @@2 b=0 p=0 d=100
@ via @@3 b=0 p=0 d=100
@@4: line 1.2 t=100 -> @@0
(SROI) 
@ via @@0 b=0 p=0 d=100
@ via @@1 b=0 p=0 d=100
@ via @@2 b=0 p=0 d=100
@ via @@3 b=0 p=0 d=100
@ via @@4 b=0 p=0 d=100
@@5: line 1.2 t=100 -> @@0
\T1/ptm/m/it/12 Real-Time| 
@\par via @@0 b=0 p=-10000 d=100
@\par via @@1 b=0 p=-10000 d=100
@\par via @@2 b=0 p=-10000 d=100
@\par via @@3 b=0 p=-10000 d=100
@\par via @@4 b=0 p=-10000 d=100
@\par via @@5 b=0 p=-10000 d=100
@@6: line 1.2- t=100 -> @@0

@firstpass
[]|[]|
@\par via @@0 b=0 p=-10000 d=100
@@1: line 1.2- t=100 -> @@0

@firstpass
[]|[]|
@\par via @@0 b=0 p=-10000 d=100
@@1: line 1.2- t=100 -> @@0

@firstpass
[]|[]|
@\par via @@0 b=0 p=-10000 d=100
@@1: line 1.2- t=100 -> @@0

@firstpass
[]|[]|
@\par via @@0 b=0 p=-10000 d=100
@@1: line 1.2- t=100 -> @@0

@firstpass
[]|[]|
@\par via @@0 b=0 p=-10000 d=100
@@1: line 1.2- t=100 -> @@0

@firstpass
[]|\T1/ptm/m/n/12 Fitur 
@ via @@0 b=0 p=0 d=100
@@1: line 1.2 t=100 -> @@0
AI 
@ via @@0 b=0 p=0 d=100
@ via @@1 b=0 p=0 d=100
@@2: line 1.2 t=100 -> @@0
Generatif 
@ via @@0 b=0 p=0 d=100
@ via @@1 b=0 p=0 d=100
@ via @@2 b=0 p=0 d=100
@@3: line 1.2 t=100 -> @@0
untuk 
@ via @@0 b=0 p=0 d=100
@ via @@1 b=0 p=0 d=100
@ via @@2 b=0 p=0 d=100
@ via @@3 b=0 p=0 d=100
@@4: line 1.2 t=100 -> @@0
Kampanye 
@ via @@0 b=0 p=0 d=100
@ via @@1 b=0 p=0 d=100
@ via @@2 b=0 p=0 d=100
@ via @@3 b=0 p=0 d=100
@ via @@4 b=0 p=0 d=100
@@5: line 1.2 t=100 -> @@0
CSR 
@ via @@0 b=0 p=0 d=100
@ via @@1 b=0 p=0 d=100
@ via @@2 b=0 p=0 d=100
@ via @@3 b=0 p=0 d=100
@ via @@4 b=0 p=0 d=100
@ via @@5 b=0 p=0 d=100
@@6: line 1.2 t=100 -> @@0
Korporat| 
@\par via @@0 b=0 p=-10000 d=100
@\par via @@1 b=0 p=-10000 d=100
@\par via @@2 b=0 p=-10000 d=100
@\par via @@3 b=0 p=-10000 d=100
@\par via @@4 b=0 p=-10000 d=100
@\par via @@5 b=0 p=-10000 d=100
@\par via @@6 b=0 p=-10000 d=100
@@7: line 1.2- t=100 -> @@0

@firstpass
[]|[]|
@\par via @@0 b=0 p=-10000 d=100
@@1: line 1.2- t=100 -> @@0

@firstpass
[]|[]|
@\par via @@0 b=0 p=-10000 d=100
@@1: line 1.2- t=100 -> @@0

@firstpass
[]|[]|
@\par via @@0 b=0 p=-10000 d=100
@@1: line 1.2- t=100 -> @@0

@firstpass
[]|[]|
@\par via @@0 b=0 p=-10000 d=100
@@1: line 1.2- t=100 -> @@0

@firstpass
[]|[]|
@\par via @@0 b=0 p=-10000 d=100
@@1: line 1.2- t=100 -> @@0

@firstpass
[]|\T1/ptm/b/n/12 Fitur 
@ via @@0 b=0 p=0 d=100
@@1: line 1.2 t=100 -> @@0
/ 
@ via @@0 b=0 p=0 d=100
@ via @@1 b=0 p=0 d=100
@@2: line 1.2 t=100 -> @@0
Layanan 
@ via @@1 b=0 p=0 d=100
@ via @@2 b=0 p=0 d=100
@@3: line 2.2 t=200 -> @@2
Utama| 
@\par via @@3 b=0 p=-10000 d=100
@@4: line 3.2- t=300 -> @@3

@firstpass
[]|\T1/ptm/b/n/12 Surplus 
@ via @@0 b=0 p=0 d=100
@@1: line 1.2 t=100 -> @@0
Indonesia|
@\par via @@1 b=0 p=-10000 d=100
@@2: line 2.2- t=200 -> @@1

@firstpass
[]|\T1/ptm/b/n/12 Garda 
@ via @@0 b=0 p=0 d=100
@@1: line 1.2 t=100 -> @@0
Pangan|
@\par via @@1 b=0 p=-10000 d=100
@@2: line 2.2- t=200 -> @@1

@firstpass
[]|\T1/ptm/b/n/12 Foodbank 
@ via @@0 b=0 p=0 d=100
@@1: line 1.2 t=100 -> @@0
of 
@ via @@1 b=0 p=0 d=100
@@2: line 2.2 t=200 -> @@1
Indonesia|
@\par via @@2 b=0 p=-10000 d=100
@@3: line 3.2- t=300 -> @@2

@firstpass
[]|\T1/ptm/b/n/12 Too 
@ via @@0 b=0 p=0 d=100
@@1: line 1.2 t=100 -> @@0
Good 
@ via @@0 b=0 p=0 d=100
@ via @@1 b=0 p=0 d=100
@@2: line 1.2 t=100 -> @@0
To 
@ via @@1 b=0 p=0 d=100
@ via @@2 b=0 p=0 d=100
@@3: line 2.2 t=200 -> @@2
Go|
@\par via @@2 b=0 p=-10000 d=100
@\par via @@3 b=0 p=-10000 d=100
@@4: line 2.2- t=200 -> @@2

@firstpass
[]|\T1/ptm/b/n/12 Food 
@ via @@0 b=0 p=0 d=100
@@1: line 1.2 t=100 -> @@0
AI 
@ via @@0 b=0 p=0 d=100
@ via @@1 b=0 p=0 d=100
@@2: line 1.2 t=100 -> @@0
Rescue 
@ via @@1 b=0 p=0 d=100
@ via @@2 b=0 p=0 d=100
@@3: line 2.2 t=200 -> @@2
(Usulan)|
@\par via @@3 b=0 p=-10000 d=100
@@4: line 3.2- t=300 -> @@3

@firstpass
[]|\T1/ptm/m/n/12 Penyaluran 
@ via @@0 b=0 p=0 d=100
@@1: line 1.2 t=100 -> @@0
Donasi 
@ via @@1 b=0 p=0 d=100
@@2: line 2.2 t=200 -> @@1
Makanan 
@ via @@2 b=0 p=0 d=100
@@3: line 3.2 t=300 -> @@2
Secara 
@ via @@3 b=0 p=0 d=100
@@4: line 4.2 t=400 -> @@3
Gratis| 
@\par via @@4 b=0 p=-10000 d=100
@@5: line 5.2- t=500 -> @@4

@firstpass
[]|[]|
@\par via @@0 b=0 p=-10000 d=100
@@1: line 1.2- t=100 -> @@0

@firstpass
[]|[]|
@\par via @@0 b=0 p=-10000 d=100
@@1: line 1.2- t=100 -> @@0

@firstpass
[]|[]|
@\par via @@0 b=0 p=-10000 d=100
@@1: line 1.2- t=100 -> @@0

@firstpass
[]|[]|
@\par via @@0 b=0 p=-10000 d=100
@@1: line 1.2- t=100 -> @@0

@firstpass
[]|[]|
@\par via @@0 b=0 p=-10000 d=100
@@1: line 1.2- t=100 -> @@0

@firstpass
[]|\T1/ptm/m/n/12 Verifikasi 
@ via @@0 b=0 p=0 d=100
@@1: line 1.2 t=100 -> @@0
Kelayakan 
@ via @@1 b=0 p=0 d=100
@@2: line 2.2 t=200 -> @@1
Makanan 
@ via @@2 b=0 p=0 d=100
@@3: line 3.2 t=300 -> @@2
Otomatis 
@ via @@3 b=0 p=0 d=100
@@4: line 4.2 t=400 -> @@3
(AI)| 
@\par via @@4 b=0 p=-10000 d=100
@@5: line 5.2- t=500 -> @@4

@firstpass
[]|[]|
@\par via @@0 b=0 p=-10000 d=100
@@1: line 1.2- t=100 -> @@0

@firstpass
[]|[]|
@\par via @@0 b=0 p=-10000 d=100
@@1: line 1.2- t=100 -> @@0

@firstpass
[]|[]|
@\par via @@0 b=0 p=-10000 d=100
@@1: line 1.2- t=100 -> @@0

@firstpass
[]|[]|
@\par via @@0 b=0 p=-10000 d=100
@@1: line 1.2- t=100 -> @@0

@firstpass
[]|[]|
@\par via @@0 b=0 p=-10000 d=100
@@1: line 1.2- t=100 -> @@0

@firstpass
[]|\T1/ptm/m/n/12 Sistem 
@ via @@0 b=0 p=0 d=100
@@1: line 1.2 t=100 -> @@0
@secondpass
[]|\T1/ptm/m/n/12 Sistem 
@ via @@0 b=0 p=0 d=100
@@1: line 1.2 t=100 -> @@0
@emergencypass
[]|\T1/ptm/m/n/12 Sistem 
@ via @@0 b=0 p=0 d=100
@@1: line 1.2 t=100 -> @@0
Pen-jem-put-an 
@ via @@1 b=* p=0 d=*
@@2: line 2.3 t=100 -> @@1
oleh 
@ via @@2 b=0 p=0 d=100
@@3: line 3.2 t=200 -> @@2
Re-la-w-an 
@ via @@3 b=0 p=0 d=100
@@4: line 4.2 t=300 -> @@3
Ter-ga-mi-fi-ka-si| 
@\par via @@4 b=* p=-10000 d=*
@@5: line 5.3- t=300 -> @@4

@firstpass
[]|[]|
@\par via @@0 b=0 p=-10000 d=100
@@1: line 1.2- t=100 -> @@0

@firstpass
[]|[]|
@\par via @@0 b=0 p=-10000 d=100
@@1: line 1.2- t=100 -> @@0

@firstpass
[]|[]|
@\par via @@0 b=0 p=-10000 d=100
@@1: line 1.2- t=100 -> @@0

@firstpass
[]|[]|
@\par via @@0 b=0 p=-10000 d=100
@@1: line 1.2- t=100 -> @@0

@firstpass
[]|[]|
@\par via @@0 b=0 p=-10000 d=100
@@1: line 1.2- t=100 -> @@0

@firstpass
[]|\T1/ptm/m/n/12 Validasi 
@ via @@0 b=0 p=0 d=100
@@1: line 1.2 t=100 -> @@0
Serah 
@ via @@1 b=0 p=0 d=100
@@2: line 2.2 t=200 -> @@1
Terima 
@ via @@2 b=0 p=0 d=100
@@3: line 3.2 t=300 -> @@2
Nirkontak 
@ via @@3 b=0 p=0 d=100
@@4: line 4.2 t=400 -> @@3
(QR 
@ via @@4 b=0 p=0 d=100
@@5: line 5.2 t=500 -> @@4
Code)| 
@\par via @@4 b=0 p=-10000 d=100
@\par via @@5 b=0 p=-10000 d=100
@@6: line 5.2- t=500 -> @@4

@firstpass
[]|[]|
@\par via @@0 b=0 p=-10000 d=100
@@1: line 1.2- t=100 -> @@0

@firstpass
[]|[]|
@\par via @@0 b=0 p=-10000 d=100
@@1: line 1.2- t=100 -> @@0

@firstpass
[]|[]|
@\par via @@0 b=0 p=-10000 d=100
@@1: line 1.2- t=100 -> @@0

@firstpass
[]|[]|
@\par via @@0 b=0 p=-10000 d=100
@@1: line 1.2- t=100 -> @@0

@firstpass
[]|[]|
@\par via @@0 b=0 p=-10000 d=100
@@1: line 1.2- t=100 -> @@0

@firstpass
[]|\T1/ptm/m/n/12 Dasbor 
@ via @@0 b=0 p=0 d=100
@@1: line 1.2 t=100 -> @@0
Kalkulasi 
@ via @@1 b=0 p=0 d=100
@@2: line 2.2 t=200 -> @@1
Dampak 
@ via @@2 b=0 p=0 d=100
@@3: line 3.2 t=300 -> @@2
Sosial 
@ via @@3 b=0 p=0 d=100
@@4: line 4.2 t=400 -> @@3
(SROI) 
@ via @@4 b=0 p=0 d=100
@@5: line 5.2 t=500 -> @@4
\T1/ptm/m/it/12 Real-Time| 
@\par via @@5 b=0 p=-10000 d=100
@@6: line 6.2- t=600 -> @@5

@firstpass
[]|[]|
@\par via @@0 b=0 p=-10000 d=100
@@1: line 1.2- t=100 -> @@0

@firstpass
[]|[]|
@\par via @@0 b=0 p=-10000 d=100
@@1: line 1.2- t=100 -> @@0

@firstpass
[]|[]|
@\par via @@0 b=0 p=-10000 d=100
@@1: line 1.2- t=100 -> @@0

@firstpass
[]|[]|
@\par via @@0 b=0 p=-10000 d=100
@@1: line 1.2- t=100 -> @@0

@firstpass
[]|[]|
@\par via @@0 b=0 p=-10000 d=100
@@1: line 1.2- t=100 -> @@0

@firstpass
[]|\T1/ptm/m/n/12 Fitur 
@ via @@0 b=0 p=0 d=100
@@1: line 1.2 t=100 -> @@0
AI 
@ via @@0 b=0 p=0 d=100
@ via @@1 b=0 p=0 d=100
@@2: line 1.2 t=100 -> @@0
Generatif 
@ via @@2 b=0 p=0 d=100
@@3: line 2.2 t=200 -> @@2
untuk 
@ via @@3 b=0 p=0 d=100
@@4: line 3.2 t=300 -> @@3
Kampanye 
@ via @@4 b=0 p=0 d=100
@@5: line 4.2 t=400 -> @@4
CSR 
@ via @@5 b=0 p=0 d=100
@@6: line 5.2 t=500 -> @@5
Korporat| 
@\par via @@6 b=0 p=-10000 d=100
@@7: line 6.2- t=600 -> @@6

@firstpass
[]|[]|
@\par via @@0 b=0 p=-10000 d=100
@@1: line 1.2- t=100 -> @@0

@firstpass
[]|[]|
@\par via @@0 b=0 p=-10000 d=100
@@1: line 1.2- t=100 -> @@0

@firstpass
[]|[]|
@\par via @@0 b=0 p=-10000 d=100
@@1: line 1.2- t=100 -> @@0

@firstpass
[]|[]|
@\par via @@0 b=0 p=-10000 d=100
@@1: line 1.2- t=100 -> @@0

@firstpass
[]|[]|
@\par via @@0 b=0 p=-10000 d=100
@@1: line 1.2- t=100 -> @@0

@firstpass
[]|\T1/ptm/b/n/12 Fitur 
@ via @@0 b=0 p=0 d=100
@@1: line 1.2 t=100 -> @@0
/ 
@ via @@0 b=0 p=0 d=100
@ via @@1 b=0 p=0 d=100
@@2: line 1.2 t=100 -> @@0
Layanan 
@ via @@1 b=0 p=0 d=100
@ via @@2 b=0 p=0 d=100
@@3: line 2.2 t=200 -> @@2
Utama| 
@\par via @@3 b=0 p=-10000 d=100
@@4: line 3.2- t=300 -> @@3

@firstpass
[]|\T1/ptm/b/n/12 Surplus 
@ via @@0 b=0 p=0 d=100
@@1: line 1.2 t=100 -> @@0
Indonesia|
@\par via @@1 b=0 p=-10000 d=100
@@2: line 2.2- t=200 -> @@1

@firstpass
[]|\T1/ptm/b/n/12 Garda 
@ via @@0 b=0 p=0 d=100
@@1: line 1.2 t=100 -> @@0
Pangan|
@\par via @@1 b=0 p=-10000 d=100
@@2: line 2.2- t=200 -> @@1

@firstpass
[]|\T1/ptm/b/n/12 Foodbank 
@ via @@0 b=0 p=0 d=100
@@1: line 1.2 t=100 -> @@0
of 
@ via @@1 b=0 p=0 d=100
@@2: line 2.2 t=200 -> @@1
Indonesia|
@\par via @@2 b=0 p=-10000 d=100
@@3: line 3.2- t=300 -> @@2

@firstpass
[]|\T1/ptm/b/n/12 Too 
@ via @@0 b=0 p=0 d=100
@@1: line 1.2 t=100 -> @@0
Good 
@ via @@0 b=0 p=0 d=100
@ via @@1 b=0 p=0 d=100
@@2: line 1.2 t=100 -> @@0
To 
@ via @@1 b=0 p=0 d=100
@ via @@2 b=0 p=0 d=100
@@3: line 2.2 t=200 -> @@2
Go|
@\par via @@2 b=0 p=-10000 d=100
@\par via @@3 b=0 p=-10000 d=100
@@4: line 2.2- t=200 -> @@2

@firstpass
[]|\T1/ptm/b/n/12 Food 
@ via @@0 b=0 p=0 d=100
@@1: line 1.2 t=100 -> @@0
AI 
@ via @@0 b=0 p=0 d=100
@ via @@1 b=0 p=0 d=100
@@2: line 1.2 t=100 -> @@0
Rescue 
@ via @@1 b=0 p=0 d=100
@ via @@2 b=0 p=0 d=100
@@3: line 2.2 t=200 -> @@2
(Usulan)|
@\par via @@3 b=0 p=-10000 d=100
@@4: line 3.2- t=300 -> @@3

@firstpass
[]|\T1/ptm/m/n/12 Penyaluran 
@ via @@0 b=0 p=0 d=100
@@1: line 1.2 t=100 -> @@0
Donasi 
@ via @@1 b=0 p=0 d=100
@@2: line 2.2 t=200 -> @@1
Makanan 
@ via @@2 b=0 p=0 d=100
@@3: line 3.2 t=300 -> @@2
Secara 
@ via @@3 b=0 p=0 d=100
@@4: line 4.2 t=400 -> @@3
Gratis| 
@\par via @@4 b=0 p=-10000 d=100
@@5: line 5.2- t=500 -> @@4

@firstpass
[]|[]|
@\par via @@0 b=0 p=-10000 d=100
@@1: line 1.2- t=100 -> @@0

@firstpass
[]|[]|
@\par via @@0 b=0 p=-10000 d=100
@@1: line 1.2- t=100 -> @@0

@firstpass
[]|[]|
@\par via @@0 b=0 p=-10000 d=100
@@1: line 1.2- t=100 -> @@0

@firstpass
[]|[]|
@\par via @@0 b=0 p=-10000 d=100
@@1: line 1.2- t=100 -> @@0

@firstpass
[]|[]|
@\par via @@0 b=0 p=-10000 d=100
@@1: line 1.2- t=100 -> @@0

@firstpass
[]|\T1/ptm/m/n/12 Verifikasi 
@ via @@0 b=0 p=0 d=100
@@1: line 1.2 t=100 -> @@0
Kelayakan 
@ via @@1 b=0 p=0 d=100
@@2: line 2.2 t=200 -> @@1
Makanan 
@ via @@2 b=0 p=0 d=100
@@3: line 3.2 t=300 -> @@2
Otomatis 
@ via @@3 b=0 p=0 d=100
@@4: line 4.2 t=400 -> @@3
(AI)| 
@\par via @@4 b=0 p=-10000 d=100
@@5: line 5.2- t=500 -> @@4

@firstpass
[]|[]|
@\par via @@0 b=0 p=-10000 d=100
@@1: line 1.2- t=100 -> @@0

@firstpass
[]|[]|
@\par via @@0 b=0 p=-10000 d=100
@@1: line 1.2- t=100 -> @@0

@firstpass
[]|[]|
@\par via @@0 b=0 p=-10000 d=100
@@1: line 1.2- t=100 -> @@0

@firstpass
[]|[]|
@\par via @@0 b=0 p=-10000 d=100
@@1: line 1.2- t=100 -> @@0

@firstpass
[]|[]|
@\par via @@0 b=0 p=-10000 d=100
@@1: line 1.2- t=100 -> @@0

@firstpass
[]|\T1/ptm/m/n/12 Sistem 
@ via @@0 b=0 p=0 d=100
@@1: line 1.2 t=100 -> @@0
@secondpass
[]|\T1/ptm/m/n/12 Sistem 
@ via @@0 b=0 p=0 d=100
@@1: line 1.2 t=100 -> @@0
@emergencypass
[]|\T1/ptm/m/n/12 Sistem 
@ via @@0 b=0 p=0 d=100
@@1: line 1.2 t=100 -> @@0
Pen-jem-put-an 
@ via @@1 b=* p=0 d=*
@@2: line 2.3 t=100 -> @@1
oleh 
@ via @@2 b=0 p=0 d=100
@@3: line 3.2 t=200 -> @@2
Re-la-w-an 
@ via @@3 b=0 p=0 d=100
@@4: line 4.2 t=300 -> @@3
Ter-ga-mi-fi-ka-si| 
@\par via @@4 b=* p=-10000 d=*
@@5: line 5.3- t=300 -> @@4


Overfull \hbox (3.97136pt too wide) in paragraph at lines 428--428
\T1/ptm/m/n/12 Pen-jem-put-an 
 []


Overfull \hbox (6.85138pt too wide) in paragraph at lines 428--428
\T1/ptm/m/n/12 Ter-ga-mi-fi-ka-si|  
 []

@firstpass
[]|[]|
@\par via @@0 b=0 p=-10000 d=100
@@1: line 1.2- t=100 -> @@0

@firstpass
[]|[]|
@\par via @@0 b=0 p=-10000 d=100
@@1: line 1.2- t=100 -> @@0

@firstpass
[]|[]|
@\par via @@0 b=0 p=-10000 d=100
@@1: line 1.2- t=100 -> @@0

@firstpass
[]|[]|
@\par via @@0 b=0 p=-10000 d=100
@@1: line 1.2- t=100 -> @@0

@firstpass
[]|[]|
@\par via @@0 b=0 p=-10000 d=100
@@1: line 1.2- t=100 -> @@0

@firstpass
[]|\T1/ptm/m/n/12 Validasi 
@ via @@0 b=0 p=0 d=100
@@1: line 1.2 t=100 -> @@0
Serah 
@ via @@1 b=0 p=0 d=100
@@2: line 2.2 t=200 -> @@1
Terima 
@ via @@2 b=0 p=0 d=100
@@3: line 3.2 t=300 -> @@2
Nirkontak 
@ via @@3 b=0 p=0 d=100
@@4: line 4.2 t=400 -> @@3
(QR 
@ via @@4 b=0 p=0 d=100
@@5: line 5.2 t=500 -> @@4
Code)| 
@\par via @@4 b=0 p=-10000 d=100
@\par via @@5 b=0 p=-10000 d=100
@@6: line 5.2- t=500 -> @@4

@firstpass
[]|[]|
@\par via @@0 b=0 p=-10000 d=100
@@1: line 1.2- t=100 -> @@0

@firstpass
[]|[]|
@\par via @@0 b=0 p=-10000 d=100
@@1: line 1.2- t=100 -> @@0

@firstpass
[]|[]|
@\par via @@0 b=0 p=-10000 d=100
@@1: line 1.2- t=100 -> @@0

@firstpass
[]|[]|
@\par via @@0 b=0 p=-10000 d=100
@@1: line 1.2- t=100 -> @@0

@firstpass
[]|[]|
@\par via @@0 b=0 p=-10000 d=100
@@1: line 1.2- t=100 -> @@0

@firstpass
[]|\T1/ptm/m/n/12 Dasbor 
@ via @@0 b=0 p=0 d=100
@@1: line 1.2 t=100 -> @@0
Kalkulasi 
@ via @@1 b=0 p=0 d=100
@@2: line 2.2 t=200 -> @@1
Dampak 
@ via @@2 b=0 p=0 d=100
@@3: line 3.2 t=300 -> @@2
Sosial 
@ via @@3 b=0 p=0 d=100
@@4: line 4.2 t=400 -> @@3
(SROI) 
@ via @@4 b=0 p=0 d=100
@@5: line 5.2 t=500 -> @@4
\T1/ptm/m/it/12 Real-Time| 
@\par via @@5 b=0 p=-10000 d=100
@@6: line 6.2- t=600 -> @@5

@firstpass
[]|[]|
@\par via @@0 b=0 p=-10000 d=100
@@1: line 1.2- t=100 -> @@0

@firstpass
[]|[]|
@\par via @@0 b=0 p=-10000 d=100
@@1: line 1.2- t=100 -> @@0

@firstpass
[]|[]|
@\par via @@0 b=0 p=-10000 d=100
@@1: line 1.2- t=100 -> @@0

@firstpass
[]|[]|
@\par via @@0 b=0 p=-10000 d=100
@@1: line 1.2- t=100 -> @@0

@firstpass
[]|[]|
@\par via @@0 b=0 p=-10000 d=100
@@1: line 1.2- t=100 -> @@0

@firstpass
[]|\T1/ptm/m/n/12 Fitur 
@ via @@0 b=0 p=0 d=100
@@1: line 1.2 t=100 -> @@0
AI 
@ via @@0 b=0 p=0 d=100
@ via @@1 b=0 p=0 d=100
@@2: line 1.2 t=100 -> @@0
Generatif 
@ via @@2 b=0 p=0 d=100
@@3: line 2.2 t=200 -> @@2
untuk 
@ via @@3 b=0 p=0 d=100
@@4: line 3.2 t=300 -> @@3
Kampanye 
@ via @@4 b=0 p=0 d=100
@@5: line 4.2 t=400 -> @@4
CSR 
@ via @@5 b=0 p=0 d=100
@@6: line 5.2 t=500 -> @@5
Korporat| 
@\par via @@6 b=0 p=-10000 d=100
@@7: line 6.2- t=600 -> @@6

@firstpass
[]|[]|
@\par via @@0 b=0 p=-10000 d=100
@@1: line 1.2- t=100 -> @@0

@firstpass
[]|[]|
@\par via @@0 b=0 p=-10000 d=100
@@1: line 1.2- t=100 -> @@0

@firstpass
[]|[]|
@\par via @@0 b=0 p=-10000 d=100
@@1: line 1.2- t=100 -> @@0

@firstpass
[]|[]|
@\par via @@0 b=0 p=-10000 d=100
@@1: line 1.2- t=100 -> @@0

@firstpass
[]|[]|
@\par via @@0 b=0 p=-10000 d=100
@@1: line 1.2- t=100 -> @@0

@firstpass
[][]
@\par via @@0 b=0 p=-10000 d=100
@@1: line 1.2- t=100 -> @@0

@firstpass
[] 
@\par via @@0 b=0 p=-10000 d=100
@@1: line 1.2- t=100 -> @@0

File: image/Logo_Universitas_Telkom_Horizontal.png Graphic file (type png)
<use image/Logo_Universitas_Telkom_Horizontal.png>
Package pdftex.def Info: image/Logo_Universitas_Telkom_Horizontal.png  used on input line 431.
(pdftex.def)             Requested size: 77.11923pt x 34.14322pt.
@firstpass
[][] 
@ via @@0 b=0 p=0 d=100
@@1: line 1.2 t=100 -> @@0
|
@\par via @@0 b=0 p=-10000 d=100
@\par via @@1 b=0 p=-10000 d=100
@@2: line 1.2- t=100 -> @@0

@firstpass
[]
@\par via @@0 b=0 p=-10000 d=100
@@1: line 1.2- t=100 -> @@0

@firstpass
[] 
@\par via @@0 b=0 p=-10000 d=100
@@1: line 1.2- t=100 -> @@0

@firstpass
[]
@\par via @@0 b=0 p=-10000 d=100
@@1: line 1.2- t=100 -> @@0

@firstpass
[]\T1/ptm/m/n/12 29|
@\par via @@0 b=0 p=-10000 d=100
@@1: line 1.2- t=100 -> @@0

[29]
@firstpass
[] 
@\par via @@0 b=0 p=-10000 d=100
@@1: line 1.2- t=100 -> @@0

File: image/Logo_Universitas_Telkom_Horizontal.png Graphic file (type png)
<use image/Logo_Universitas_Telkom_Horizontal.png>
Package pdftex.def Info: image/Logo_Universitas_Telkom_Horizontal.png  used on input line 431.
(pdftex.def)             Requested size: 77.11923pt x 34.14322pt.
@firstpass
[][] 
@ via @@0 b=0 p=0 d=100
@@1: line 1.2 t=100 -> @@0
|
@\par via @@0 b=0 p=-10000 d=100
@\par via @@1 b=0 p=-10000 d=100
@@2: line 1.2- t=100 -> @@0

@firstpass
[]
@\par via @@0 b=0 p=-10000 d=100
@@1: line 1.2- t=100 -> @@0

@firstpass
[] 
@\par via @@0 b=0 p=-10000 d=100
@@1: line 1.2- t=100 -> @@0

@firstpass
[]
@\par via @@0 b=0 p=-10000 d=100
@@1: line 1.2- t=100 -> @@0

@firstpass
[]\T1/ptm/m/n/12 30|
@\par via @@0 b=0 p=-10000 d=100
@@1: line 1.2- t=100 -> @@0

 [30]
@firstpass
[]\T1/ptm/m/n/12 Berdasarkan Tabel [][]2.1[][] di atas, dapat diidentifikasi beberapa celah (\T1/ptm/m/it/12 gap\T1/ptm/m/n/12 ) fungsionalitas 
@ via @@0 b=43 p=0 d=2809
@@1: line 1.1 t=2809 -> @@0
yang menjadi landasan utama pengembangan Food AI Rescue. Platform komersial seperti 
@ via @@1 b=60 p=0 d=14900
@@2: line 2.3 t=17709 -> @@1
@secondpass
[]\T1/ptm/m/n/12 Berdasarkan Ta-bel [][]2.1[][] di atas, da-pat di-i-den-ti-fi-ka-si be-be-ra-pa ce-lah (\T1/ptm/m/it/12 gap\T1/ptm/m/n/12 ) fung-sio-na-li-tas 
@ via @@0 b=43 p=0 d=2809
@@1: line 1.1 t=2809 -> @@0
yang men-ja-di lan-das-an uta-ma pe-ngem-bang-an Fo-od AI Re-scue. Pla-tform ko-mer-si-al 
@ via @@1 b=323 p=0 d=110889
@@2: line 2.0 t=113698 -> @@1
se-per-ti 
@ via @@1 b=60 p=0 d=14900
@@3: line 2.3 t=17709 -> @@1
Sur-plus In-do-ne-sia dan Too Go-od To Go sa-ngat ung-gul da-lam me-nye-la-matk-an 
@ via @@2 b=105 p=0 d=13225
@ via @@3 b=2875 p=0 d=8333225
@@4: line 3.0 t=126923 -> @@2
si-sa 
@ via @@2 b=0 p=0 d=10100
@ via @@3 b=512 p=0 d=282484
@@5: line 3.2 t=123798 -> @@2
ma-kan-an de-ngan ce-pat, na-mun ber-fo-kus pa-da mo-del tran-sak-si jual-beli 
@ via @@4 b=6141 p=0 d=37834801
@@6: line 4.0 t=37961724 -> @@4
dis-kon, 
@ via @@4 b=343 p=0 d=124609
@ via @@5 b=2521 p=0 d=6415961
@@7: line 4.0 t=251532 -> @@4
se-hing-ga 
@ via @@5 b=1 p=0 d=121
@@8: line 4.2 t=123919 -> @@5
be-lum se-pe-nuh-nya me-nya-sar ma-sya-ra-kat pra-se-ja-hte-ra yang mem-bu-tuhk-an 
@ via @@7 b=949 p=0 d=919681
@@9: line 5.0 t=1171213 -> @@7
do-na-si 
@ via @@8 b=2735 p=0 d=7545025
@@10: line 5.0 t=7668944 -> @@8
se-ca-ra 
@ via @@8 b=4 p=0 d=196
@@11: line 5.2 t=124115 -> @@8
cuma-cuma. Se-men-ta-ra itu, ini-si-a-tif so-si-al se-per-ti Ga-rda Pa-ngan 
@ via @@9 b=1708 p=0 d=2951524
@@12: line 6.0 t=4122737 -> @@9
dan 
@ via @@9 b=301 p=0 d=96721
@ via @@10 b=3492 p=0 d=12264004
@@13: line 6.0 t=1267934 -> @@9
Fo-o-dbank 
@ via @@10 b=34 p=0 d=1936
@ via @@11 b=1360 p=0 d=1886900
@@14: line 6.0 t=2011015 -> @@11
of 
@ via @@10 b=0 p=0 d=10100
@ via @@11 b=411 p=0 d=187241
@@15: line 6.0 t=311356 -> @@11
In-do-ne-sia me-mi-li-ki re-kam je-jak pe-nya-lur-an do-na-si gra-tis 
@ via @@12 b=8170 p=0 d=66912400
@@16: line 7.0 t=71035137 -> @@12
yang 
@ via @@12 b=1460 p=0 d=2160900
@ via @@13 b=6252 p=0 d=39212644
@@17: line 7.0 t=6283637 -> @@12
sa-ngat 
@ via @@12 b=14 p=0 d=576
@ via @@13 b=497 p=0 d=257049
@@18: line 7.0 t=1524983 -> @@13
ba-ik, 
@ via @@13 b=1 p=0 d=10121
@ via @@14 b=2837 p=0 d=8105409
@ via @@15 b=7362 p=0 d=54346384
@@19: line 7.2 t=1278055 -> @@13
na-mun 
@ via @@14 b=86 p=0 d=9216
@ via @@15 b=533 p=0 d=294849
@@20: line 7.0 t=606205 -> @@15
ope-ra-sio-nal lo-gis-tik-nya ma-sih ber-si-fat kon-ven-sio-nal 
@ via @@16 b=5490 p=0 d=30250000
@@21: line 8.0 t=101285137 -> @@16
dan 
@ via @@16 b=1019 p=0 d=1058841
@ via @@17 b=7433 p=0 d=55398249
@@22: line 8.0 t=61681886 -> @@17
sa-ngat 
@ via @@16 b=0 p=0 d=10100
@ via @@17 b=518 p=0 d=278784
@ via @@18 b=7433 p=0 d=55398249
@@23: line 8.0 t=6562421 -> @@17
ber-gan-tung 
@ via @@18 b=4 p=0 d=10196
@ via @@19 b=1137 p=0 d=1325609
@@24: line 8.2 t=1535179 -> @@18
pa-da 
@ via @@19 b=7 p=0 d=289
@ via @@20 b=2556 p=0 d=6584356
@@25: line 8.2 t=1278344 -> @@19
ve-ri-fi-ka-si 
@ via @@20 b=47 p=0 d=13249
@@26: line 8.3 t=619454 -> @@20
ke-la-yak-an ma-kan-an se-ca-ra ma-nu-al oleh 
@ via @@21 b=3568 p=0 d=12802084
@@27: line 9.0 t=114087221 -> @@21
ma-nu-sia. 
@\par via @@21 b=0 p=-10000 d=10100
@\par via @@22 b=0 p=-10000 d=10100
@\par via @@23 b=0 p=-10000 d=10100
@\par via @@24 b=0 p=-10000 d=100
@\par via @@25 b=0 p=-10000 d=100
@\par via @@26 b=0 p=-10000 d=100
@\par via @@27 b=0 p=-10000 d=10100
@@28: line 9.2- t=619554 -> @@26

@firstpass
[]\T1/ptm/m/n/12 Lebih jauh lagi, keempat platform pembanding tersebut umumnya belum mengadopsi 
@ via @@0 b=82 p=0 d=8464
@@1: line 1.1 t=8464 -> @@0
teknologi mutakhir seperti Kecerdasan Buatan (AI). Belum tersedia fitur otomatisasi yang 
@ via @@1 b=22 p=0 d=11024
@@2: line 2.3 t=19488 -> @@1
mampu memverifikasi standar keamanan dan higienitas makanan secara visual (\T1/ptm/m/it/12 Computer 
@ via @@2 b=66 p=0 d=5776
@@3: line 3.3 t=25264 -> @@2
@secondpass
[]\T1/ptm/m/n/12 Lebih ja-uh la-gi, ke-em-pat pla-tform pem-ban-ding ter-se-but umum-nya be-lum meng-a-do-psi 
@ via @@0 b=82 p=0 d=8464
@@1: line 1.1 t=8464 -> @@0
tek-no-lo-gi mu-ta-khir se-per-ti Ke-ce-rdas-an Bu-at-an (AI). Be-lum ter-se-dia fi-tur oto-ma-ti-sa-si 
@ via @@1 b=248 p=0 d=66564
@@2: line 2.0 t=75028 -> @@1
yang 
@ via @@1 b=22 p=0 d=11024
@@3: line 2.3 t=19488 -> @@1
mam-pu me-mve-ri-fi-ka-si stan-dar ke-a-man-an dan hi-gi-e-ni-tas ma-kan-an se-ca-ra 
@ via @@2 b=5460 p=0 d=29920900
@@4: line 3.0 t=29995928 -> @@2
vi-su-al 
@ via @@2 b=285 p=0 d=87025
@ via @@3 b=4013 p=0 d=16194529
@@5: line 3.0 t=162053 -> @@2
(\T1/ptm/m/it/12 Com-pu-ter 
@ via @@3 b=66 p=0 d=5776
@@6: line 3.3 t=25264 -> @@3
Vi-sion\T1/ptm/m/n/12 ), ser-ta be-lum ada pe-la-cak-an me-trik dam-pak ling-kung-an 
@ via @@4 b=1596 p=0 d=2579236
@@7: line 4.0 t=32575164 -> @@4
yang 
@ via @@4 b=60 p=0 d=4900
@ via @@5 b=2285 p=0 d=5267025
@@8: line 4.0 t=5429078 -> @@5
komp-re-hen-sif. 
@ via @@6 b=607 p=0 d=390689
@@9: line 4.0 t=415953 -> @@6
Pla-tform pen-da-hu-lu ju-ga be-lum me-nye-di-ak-an du-kung-an 
@ via @@7 b=4913 p=0 d=24235929
@@10: line 5.0 t=56811093 -> @@7
fi-tur 
@ via @@7 b=824 p=0 d=695556
@ via @@8 b=5787 p=0 d=33605209
@@11: line 5.0 t=33270720 -> @@7
khu-sus 
@ via @@7 b=0 p=0 d=10100
@ via @@8 b=312 p=0 d=103684
@@12: line 5.0 t=5532762 -> @@8
yang 
@ via @@8 b=0 p=0 d=10100
@@13: line 5.2 t=5439178 -> @@8
me-mfa-si-li-ta-si 
@ via @@9 b=3 p=0 d=10169
@@14: line 5.2 t=426122 -> @@9
ke-bu-tuh-an pe-la-por-an do-na-tur kor-po-rat da-lam 
@ via @@10 b=6608 p=0 d=43797924
@@15: line 6.0 t=100609017 -> @@10
sa-tu 
@ via @@10 b=1087 p=0 d=1203409
@ via @@11 b=6842 p=0 d=46949904
@@16: line 6.0 t=58014502 -> @@10
pu-sat 
@ via @@10 b=7 p=0 d=10289
@ via @@11 b=674 p=0 d=467856
@@17: line 6.0 t=33738576 -> @@11
ken-da-li 
@ via @@12 b=555 p=0 d=319225
@ via @@13 b=5578 p=0 d=31235744
@@18: line 6.0 t=5851987 -> @@12
(\T1/ptm/m/it/12 da-shbo-a-rd\T1/ptm/m/n/12 ). 
@\par via @@14 b=0 p=-10000 d=100
@\par via @@15 b=0 p=-10000 d=10100
@\par via @@16 b=0 p=-10000 d=10100
@\par via @@17 b=0 p=-10000 d=10100
@\par via @@18 b=0 p=-10000 d=10100
@@19: line 6.2- t=426222 -> @@14

@firstpass
[]\T1/ptm/m/n/12 Oleh karena itu, usulan pengembangan Food AI Rescue hadir dengan posisi tawar (\T1/ptm/m/it/12 value 
@ via @@0 b=0 p=0 d=100
@@1: line 1.2 t=100 -> @@0
@secondpass
[]\T1/ptm/m/n/12 Oleh ka-re-na itu, usul-an pe-ngem-bang-an Fo-od AI Re-scue ha-dir de-ngan po-si-si 
@ via @@0 b=3965 p=0 d=15810625
@@1: line 1.0 t=15810625 -> @@0
ta-war 
@ via @@0 b=457 p=0 d=228089
@@2: line 1.0 t=228089 -> @@0
(\T1/ptm/m/it/12 va-lue 
@ via @@0 b=0 p=0 d=100
@@3: line 1.2 t=100 -> @@0
pro-po-si-tion\T1/ptm/m/n/12 ) yang unik. Fo-od AI Re-scue meng-ga-bungk-an pe-nya-lur-an 
@ via @@1 b=441 p=0 d=203401
@ via @@2 b=4048 p=0 d=16467364
@@4: line 2.0 t=16014026 -> @@1
do-na-si 
@ via @@1 b=2 p=0 d=10144
@ via @@2 b=267 p=0 d=76729
@ via @@3 b=3780 p=0 d=14374100
@@5: line 2.0 t=304818 -> @@2
pa-ngan 
@ via @@3 b=154 p=0 d=36896
@@6: line 2.0 t=36996 -> @@3
gra-tis, va-li-da-si ke-a-man-an ber-ba-sis AI (``Po-li-si Pa-ngan''), dan 
@ via @@4 b=5592 p=0 d=31382404
@@7: line 3.0 t=47396430 -> @@4
ope-ra-sio-nal 
@ via @@4 b=5 p=0 d=10225
@ via @@5 b=1418 p=0 d=2039184
@@8: line 3.0 t=2344002 -> @@5
pen-jem-put-an 
@ via @@6 b=55 p=0 d=4225
@@9: line 3.1 t=41221 -> @@6
lo-gis-tik ber-ba-sis ga-mi-fi-ka-si re-la-w-an ke da-lam sa-tu apli-ka-si 
@ via @@7 b=267 p=0 d=76729
@@10: line 4.0 t=47473159 -> @@7
yang 
@ via @@7 b=15 p=0 d=10625
@ via @@8 b=3792 p=0 d=14455204
@@11: line 4.0 t=16799206 -> @@8
ra-mah 
@ via @@8 b=169 p=0 d=32041
@@12: line 4.0 t=2376043 -> @@8
peng-gu-na. 
@ via @@9 b=663 p=0 d=452929
@@13: line 4.0 t=494150 -> @@9
Ke-be-ra-da-an Das-bor Dam-pak So-si-al (SROI) \T1/ptm/m/it/12 real-time
@\kern via @@10 b=3557 p=0 d=12723489
@@14: line 5.0 t=60196648 -> @@10
 \T1/ptm/m/n/12 ser-ta 
@ via @@10 b=485 p=0 d=245025
@ via @@11 b=3679 p=0 d=13608721
@@15: line 5.0 t=30407927 -> @@11
pe-mi-sah-an 
@ via @@11 b=2 p=0 d=10144
@ via @@12 b=981 p=0 d=982081
@@16: line 5.0 t=3358124 -> @@12
hak 
@ via @@12 b=78 p=0 d=7744
@@17: line 5.1 t=2383787 -> @@12
ak-ses 
@ via @@13 b=1817 p=0 d=3337929
@@18: line 5.0 t=3832079 -> @@13
ber-ba-sis 
@ via @@13 b=0 p=0 d=10100
@@19: line 5.2 t=504250 -> @@13
per-an (\T1/ptm/m/it/12 Role-Based Access Con-trol\T1/ptm/m/n/12 ) an-ta-ra 
@ via @@14 b=3815 p=0 d=14630625
@@20: line 6.0 t=74827273 -> @@14
do-na-tur, 
@ via @@14 b=32 p=0 d=1764
@ via @@15 b=1292 p=0 d=1695204
@@21: line 6.0 t=32103131 -> @@15
pe-ne-ri-ma, 
@ via @@16 b=1571 p=0 d=2499561
@ via @@17 b=7291 p=0 d=53304601
@@22: line 6.0 t=5857685 -> @@16
re-la-w-an, 
@ via @@16 b=2 p=0 d=10144
@ via @@17 b=124 p=0 d=17956
@ via @@18 b=2961 p=0 d=8826841
@@23: line 6.0 t=2401743 -> @@17
dan 
@ via @@17 b=2 p=0 d=144
@ via @@18 b=364 p=0 d=139876
@@24: line 6.2 t=2383931 -> @@17
admin 
@ via @@18 b=68 p=0 d=16084
@ via @@19 b=887 p=0 d=814609
@@25: line 6.0 t=1318859 -> @@19
men-ja-dik-an pla-tform ini ti-dak ha-nya 
@ via @@20 b=4543 p=0 d=20729809
@@26: line 7.0 t=95557082 -> @@20
se-ba-gai 
@ via @@20 b=184 p=0 d=37636
@ via @@21 b=5711 p=0 d=32729841
@@27: line 7.0 t=64832972 -> @@21
alat 
@ via @@20 b=0 p=0 d=10100
@ via @@21 b=1400 p=0 d=1988100
@@28: line 7.0 t=34091231 -> @@21
pe-nya-lur 
@ via @@21 b=0 p=0 d=10100
@ via @@22 b=2158 p=0 d=4700224
@@29: line 7.0 t=10557909 -> @@22
ban-tu-an 
@ via @@22 b=13 p=0 d=529
@ via @@23 b=2707 p=0 d=7382089
@@30: line 7.1 t=5858214 -> @@22
tek-nis, 
@ via @@23 b=94 p=0 d=10816
@ via @@24 b=1077 p=0 d=1191569
@@31: line 7.1 t=2412559 -> @@23
te-ta-pi 
@ via @@24 b=12 p=0 d=484
@ via @@25 b=1270 p=0 d=1638400
@@32: line 7.2 t=2384415 -> @@24
ju-ga 
@ via @@25 b=88 p=0 d=9604
@@33: line 7.1 t=1328463 -> @@25
se-ba-gai eko-sis-tem ma-na-je-men 
@ via @@26 b=2521 p=0 d=6405961
@@34: line 8.0 t=101963043 -> @@26
ko-mu-ni-tas 
@ via @@26 b=19 p=0 d=10841
@ via @@27 b=918 p=0 d=861184
@ via @@28 b=5133 p=0 d=26450449
@@35: line 8.0 t=60541680 -> @@28
ke-ta-han-an 
@ via @@28 b=1 p=0 d=10121
@ via @@29 b=3471 p=0 d=12117361
@@36: line 8.0 t=22675270 -> @@29
pa-ngan 
@ via @@29 b=28 p=0 d=1444
@ via @@30 b=4254 p=0 d=18181696
@@37: line 8.1 t=10559353 -> @@29
ce-rdas 
@ via @@30 b=131 p=0 d=19881
@ via @@31 b=4954 p=0 d=24641296
@@38: line 8.0 t=5878095 -> @@30
yang 
@ via @@31 b=441 p=0 d=203401
@ via @@32 b=5939 p=0 d=35400601
@@39: line 8.0 t=2615960 -> @@31
am-an, 
@ via @@31 b=42 p=0 d=12704
@ via @@32 b=334 p=0 d=128336
@ via @@33 b=3657 p=0 d=13446889
@@40: line 8.3 t=2425263 -> @@31
trans-par-an, dan ter-pa-du. 
@\par via @@34 b=0 p=-10000 d=10100
@\par via @@35 b=0 p=-10000 d=10100
@\par via @@36 b=0 p=-10000 d=10100
@\par via @@37 b=0 p=-10000 d=100
@\par via @@38 b=0 p=-10000 d=10100
@\par via @@39 b=0 p=-10000 d=10100
@\par via @@40 b=0 p=-10000 d=100
@@41: line 9.2- t=2425363 -> @@40


Underfull \hbox (badness 1418) in paragraph at lines 437--438
\T1/ptm/m/n/12 pa-ngan gra-tis, va-li-da-si ke-a-man-an ber-ba-sis AI (``Po-li-si Pa-ngan''), dan ope-ra-sio-nal
 []

@firstpass
|[]\T1/ptm/b/n/17.28 Analisis Kebutuhan Sistem| 
@\par via @@0 b=0 p=-10000 d=100
@@1: line 1.2- t=100 -> @@0

@firstpass
@secondpass
\T1/ptm/m/n/12 Analisis per-sya-rat-an sis-tem me-ru-pak-an lang-kah esen-si-al da-lam men-tran-sfor-ma-sik-an 
@ via @@0 b=692 p=0 d=502804
@@1: line 1.0 t=502804 -> @@0
ken-da-la ope-ra-sio-nal pa-da sis-tem ma-nu-al (As-Is) ser-ta ti-tik ke-luh-an (pa-in po-in-ts) 
@ via @@1 b=1448 p=0 d=2125764
@@2: line 2.0 t=2628568 -> @@1
pa-ra 
@ via @@1 b=107 p=0 d=13689
@@3: line 2.0 t=516493 -> @@1
ak-tor 
@ via @@1 b=62 p=0 d=15184
@@4: line 2.3 t=517988 -> @@1
la-pang-an ke da-lam spe-si-fi-ka-si tek-nis yang komp-re-hen-sif ba-gi pla-tform 
@ via @@2 b=936 p=0 d=894916
@ via @@3 b=5504 p=0 d=30404196
@@5: line 3.0 t=3523484 -> @@2
Fo-od 
@ via @@2 b=15 p=0 d=625
@ via @@3 b=681 p=0 d=477481
@ via @@4 b=5548 p=0 d=30901364
@@6: line 3.0 t=993974 -> @@3
AI 
@ via @@2 b=21 p=0 d=10961
@ via @@3 b=81 p=0 d=8281
@ via @@4 b=1681 p=0 d=2869481
@@7: line 3.1 t=524774 -> @@3
Re-scue. 
@ via @@4 b=2 p=0 d=144
@@8: line 3.2 t=518132 -> @@4
Ta-hap-an ana-li-sis ini di-kla-si-fi-ka-sik-an ke da-lam ti-ga se-gmen 
@ via @@5 b=2376 p=0 d=5692996
@@9: line 4.0 t=9216480 -> @@5
uta-ma, 
@ via @@5 b=149 p=0 d=25281
@ via @@6 b=1584 p=0 d=2540836
@ via @@7 b=4391 p=0 d=19368801
@@10: line 4.0 t=3534810 -> @@6
yak-ni 
@ via @@5 b=5 p=0 d=10225
@ via @@6 b=109 p=0 d=14161
@ via @@7 b=607 p=0 d=380689
@@11: line 4.0 t=905463 -> @@7
pen-de-fi-ni-si-an 
@ via @@8 b=50 p=0 d=3600
@@12: line 4.1 t=521732 -> @@8
ting-kat hak ak-ses peng-gu-na (me-li-pu-ti Do-na-tur, Pe-ne-ri-ma, 
@ via @@9 b=147 p=0 d=24649
@ via @@10 b=5022 p=0 d=25321024
@@13: line 5.0 t=9241129 -> @@9
Re-la-w-an, 
@ via @@10 b=7 p=0 d=10289
@ via @@11 b=1389 p=0 d=1957201
@@14: line 5.0 t=2862664 -> @@11
Admin, 
@ via @@11 b=7 p=0 d=10289
@ via @@12 b=6842 p=0 d=46949904
@@15: line 5.2 t=915752 -> @@11
dan 
@ via @@12 b=1466 p=0 d=2178576
@@16: line 5.0 t=2700308 -> @@12
Su-pe-rA-dmin), pe-me-ta-an ke-bu-tuh-an fung-sio-nal ce-rdas apli-ka-si, 
@ via @@13 b=175 p=0 d=34225
@@17: line 6.0 t=9275354 -> @@13
ser-ta 
@ via @@14 b=1769 p=0 d=3164841
@@18: line 6.0 t=6027505 -> @@14
spe-si-fi-ka-si 
@ via @@15 b=571 p=0 d=347561
@ via @@16 b=4403 p=0 d=19474569
@@19: line 6.0 t=1263313 -> @@15
in-fras-truk-tur tek-no-lo-gi pen-du-kung di si-si bac-kend. 
@\par via @@17 b=0 p=-10000 d=10100
@\par via @@18 b=0 p=-10000 d=10100
@\par via @@19 b=0 p=-10000 d=10100
@@20: line 7.2- t=1273413 -> @@19

@firstpass
|[]\T1/ptm/b/n/14.4 Analisis Grup Akses| 
@\par via @@0 b=0 p=-10000 d=100
@@1: line 1.2- t=100 -> @@0

@firstpass
\T1/ptm/m/n/12 Berdasarkan deskripsi pengguna dan pemetaan empati dari hasil rancangan \T1/ptm/m/it/12 User Persona\T1/ptm/m/n/12 , 
@ via @@0 b=30 p=0 d=1600
@@1: line 1.3 t=1600 -> @@0
terlihat jelas bahwa pengguna pada ekosistem aplikasi ini memiliki latar belakang literasi 
@ via @@1 b=0 p=0 d=100
@@2: line 2.2 t=1700 -> @@1
@secondpass
\T1/ptm/m/n/12 Berdasarkan desk-ri-psi peng-gu-na dan pe-me-ta-an em-pa-ti da-ri ha-sil ran-cang-an \T1/ptm/m/it/12 User 
@ via @@0 b=1515 p=0 d=2335625
@@1: line 1.0 t=2335625 -> @@0
Per-so-na\T1/ptm/m/n/12 , 
@ via @@0 b=30 p=0 d=1600
@@2: line 1.3 t=1600 -> @@0
ter-li-hat je-las bah-wa peng-gu-na pa-da eko-sis-tem apli-ka-si ini me-mi-li-ki 
@ via @@1 b=4739 p=0 d=22553001
@@3: line 2.0 t=24888626 -> @@1
la-tar 
@ via @@1 b=740 p=0 d=562500
@@4: line 2.0 t=2898125 -> @@1
be-la-kang 
@ via @@2 b=706 p=0 d=522656
@@5: line 2.0 t=524256 -> @@2
li-te-ra-si 
@ via @@2 b=0 p=0 d=100
@@6: line 2.2 t=1700 -> @@2
tek-no-lo-gi ser-ta tang-gung ja-wab ope-ra-sio-nal yang sa-ngat 
@ via @@3 b=3375 p=0 d=11458225
@@7: line 3.0 t=36346851 -> @@3
ber-va-ri-a-si. 
@ via @@3 b=0 p=0 d=10100
@ via @@4 b=312 p=0 d=103684
@@8: line 3.0 t=3001809 -> @@4
Un-tuk 
@ via @@5 b=614 p=0 d=389376
@ via @@6 b=6380 p=0 d=40842100
@@9: line 3.0 t=913632 -> @@5
men-ce-gah 
@ via @@6 b=111 p=0 d=24641
@@10: line 3.0 t=26341 -> @@6
peng-gu-na awam ke-bi-ngung-an sa-at me-na-vi-ga-si 
@ via @@7 b=7047 p=0 d=49801249
@@11: line 4.0 t=86148100 -> @@7
fi-tur 
@ via @@7 b=1454 p=0 d=2143296
@@12: line 4.0 t=38490147 -> @@7
apli-ka-si, 
@ via @@7 b=0 p=0 d=10100
@ via @@8 b=5374 p=0 d=28987456
@@13: line 4.0 t=31989265 -> @@8
ser-ta 
@ via @@8 b=512 p=0 d=272484
@ via @@9 b=7168 p=0 d=51523684
@@14: line 4.0 t=3274293 -> @@8
gu-na 
@ via @@8 b=0 p=0 d=10100
@ via @@9 b=958 p=0 d=937024
@@15: line 4.0 t=1850656 -> @@9
me-lin-du-ngi 
@ via @@10 b=533 p=0 d=294849
@@16: line 4.0 t=321190 -> @@10
sta-bi-li-tas in-fras-truk-tur sis-tem, se-per-ti ba-sis 
@ via @@11 b=2027 p=0 d=4149369
@@17: line 5.0 t=90297469 -> @@11
da-ta 
@ via @@11 b=195 p=0 d=42025
@ via @@12 b=2027 p=0 d=4149369
@@18: line 5.0 t=42639516 -> @@12
dan 
@ via @@11 b=0 p=0 d=10100
@ via @@12 b=269 p=0 d=77841
@ via @@13 b=7308 p=0 d=53553124
@@19: line 5.0 t=38567988 -> @@12
kon-fi-gu-ra-si 
@ via @@13 b=33 p=0 d=1849
@ via @@14 b=1226 p=0 d=1527696
@@20: line 5.0 t=4801989 -> @@14
Ke-ce-rdas-an 
@ via @@15 b=5 p=0 d=10225
@ via @@16 b=7907 p=0 d=62678889
@@21: line 5.2 t=1860881 -> @@15
Bu-at-an 
@ via @@16 b=414 p=0 d=179776
@@22: line 5.0 t=500966 -> @@16
(AI), 
@ via @@16 b=0 p=0 d=10100
@@23: line 5.2 t=331290 -> @@16
da-ri ri-si-ko pe-nya-la-hgu-na-an atau 
@ via @@17 b=3260 p=0 d=10692900
@@24: line 6.0 t=100990369 -> @@17
ke-sa-lah-an 
@ via @@17 b=0 p=0 d=10100
@ via @@18 b=348 p=0 d=128164
@ via @@19 b=3029 p=0 d=9235521
@@25: line 6.0 t=42767680 -> @@18
pe-nga-tur-an 
@ via @@20 b=3148 p=0 d=9972964
@@26: line 6.0 t=14774953 -> @@20
(\T1/ptm/m/it/12 hum-an 
@ via @@20 b=5 p=0 d=10225
@@27: line 6.2 t=4812214 -> @@20
er-ror\T1/ptm/m/n/12 ), 
@ via @@21 b=601 p=0 d=383321
@@28: line 6.0 t=2244202 -> @@21
ma-ka 
@ via @@21 b=0 p=0 d=100
@ via @@22 b=1137 p=0 d=1315609
@ via @@23 b=8038 p=0 d=64780304
@@29: line 6.0 t=1816575 -> @@22
pla-tform 
@ via @@22 b=91 p=0 d=20201
@ via @@23 b=168 p=0 d=41684
@@30: line 6.0 t=372974 -> @@23
Fo-od AI Re-scue di-ran-cang 
@ via @@24 b=1881 p=0 d=3575881
@@31: line 7.0 t=104566250 -> @@24
meng-gu-nak-an 
@ via @@25 b=305 p=0 d=99225
@@32: line 7.0 t=42866905 -> @@25
ar-si-tek-tur 
@ via @@26 b=718 p=0 d=529984
@@33: line 7.0 t=15304937 -> @@26
ke-a-man-an 
@ via @@27 b=179 p=0 d=45721
@ via @@28 b=5667 p=0 d=32228329
@@34: line 7.0 t=4857935 -> @@27
\T1/ptm/m/it/12 Role-Based 
@ via @@28 b=10 p=0 d=10400
@ via @@29 b=587 p=0 d=356409
@@35: line 7.0 t=2172984 -> @@29
Access 
@ via @@30 b=1394 p=0 d=1971216
@@36: line 7.0 t=2344190 -> @@30
Con-trol
@\kern via @@30 b=49 p=0 d=13481
@@37: line 7.3 t=386455 -> @@30
 \T1/ptm/m/n/12 (RBAC). 
@\par via @@31 b=0 p=-10000 d=10100
@\par via @@32 b=0 p=-10000 d=10100
@\par via @@33 b=0 p=-10000 d=10100
@\par via @@34 b=0 p=-10000 d=10100
@\par via @@35 b=0 p=-10000 d=10100
@\par via @@36 b=0 p=-10000 d=10100
@\par via @@37 b=0 p=-10000 d=100
@@38: line 8.2- t=386555 -> @@37

@firstpass
[] 
@\par via @@0 b=0 p=-10000 d=100
@@1: line 1.2- t=100 -> @@0

File: image/Logo_Universitas_Telkom_Horizontal.png Graphic file (type png)
<use image/Logo_Universitas_Telkom_Horizontal.png>
Package pdftex.def Info: image/Logo_Universitas_Telkom_Horizontal.png  used on input line 444.
(pdftex.def)             Requested size: 77.11923pt x 34.14322pt.
@firstpass
[][] 
@ via @@0 b=0 p=0 d=100
@@1: line 1.2 t=100 -> @@0
|
@\par via @@0 b=0 p=-10000 d=100
@\par via @@1 b=0 p=-10000 d=100
@@2: line 1.2- t=100 -> @@0

@firstpass
[]
@\par via @@0 b=0 p=-10000 d=100
@@1: line 1.2- t=100 -> @@0

@firstpass
[] 
@\par via @@0 b=0 p=-10000 d=100
@@1: line 1.2- t=100 -> @@0

@firstpass
[]
@\par via @@0 b=0 p=-10000 d=100
@@1: line 1.2- t=100 -> @@0

@firstpass
[]\T1/ptm/m/n/12 31|
@\par via @@0 b=0 p=-10000 d=100
@@1: line 1.2- t=100 -> @@0

[31]
@firstpass
@secondpass
[]\T1/ptm/m/n/12 Sistem ini mem-ba-gi peng-gu-na ke da-lam 6 (enam) grup ak-ses (\T1/ptm/m/it/12 ro-le\T1/ptm/m/n/12 ) uta-ma 
@ via @@0 b=4940 p=0 d=24512500
@@1: line 1.0 t=24512500 -> @@0
de-ngan 
@ via @@0 b=427 p=0 d=200969
@@2: line 1.0 t=200969 -> @@0
pem-ba-tas-an we-we-nang, fung-sio-na-li-tas, dan pe-man-fa-at-an Ke-ce-rdas-an Bu-at-an 
@ via @@1 b=443 p=0 d=205209
@@3: line 2.0 t=24717709 -> @@1
(AI) 
@ via @@1 b=2 p=0 d=10144
@ via @@2 b=1910 p=0 d=3686400
@@4: line 2.0 t=3887369 -> @@2
yang 
@ via @@2 b=26 p=0 d=1296
@@5: line 2.1 t=202265 -> @@2
sa-ngat spe-si-fik, ya-i-tu: 
@\par via @@3 b=0 p=-10000 d=10100
@\par via @@4 b=0 p=-10000 d=10100
@\par via @@5 b=0 p=-10000 d=100
@@6: line 3.2- t=202365 -> @@5

@firstpass
[]\T1/ptm/b/n/12 Donatur Individu 
@\par via @@0 b=0 p=-10000 d=100
@@1: line 1.2- t=100 -> @@0

@firstpass
[]\T1/ptm/b/n/12 Peranan\T1/ptm/m/n/12 : Pengguna dari kalangan masyarakat perorangan atau pelaku 
@ via @@0 b=2 p=0 d=144
@@1: line 1.2 t=144 -> @@0
usaha skala mikro yang memiliki kelebihan produksi makanan layak 
@ via @@1 b=64 p=0 d=5476
@@2: line 2.1 t=5620 -> @@1
konsumsi dalam jumlah kecil (skala rumah tangga). 
@\par via @@2 b=0 p=-10000 d=100
@@3: line 3.2- t=5720 -> @@2

@firstpass
[]\T1/ptm/b/n/12 Hak Akses\T1/ptm/m/n/12 : Memiliki wewenang operasional untuk mengunggah data 
@ via @@0 b=3 p=0 d=169
@@1: line 1.2 t=169 -> @@0
@secondpass
[]\T1/ptm/b/n/12 Hak Ak-ses\T1/ptm/m/n/12 : Me-mi-li-ki we-we-nang ope-ra-sio-nal un-tuk meng-ung-gah 
@ via @@0 b=1009 p=0 d=1048361
@@1: line 1.0 t=1048361 -> @@0
da-ta 
@ via @@0 b=3 p=0 d=169
@@2: line 1.2 t=169 -> @@0
ma-kan-an sur-plus, mem-per-ba-rui sta-tus ke-ter-se-di-a-an (\T1/ptm/m/it/12 in-ven-tory\T1/ptm/m/n/12 ), 
@ via @@1 b=265 p=0 d=75625
@ via @@2 b=6808 p=0 d=46495124
@@3: line 2.0 t=1123986 -> @@1
dan 
@ via @@1 b=98 p=0 d=21664
@ via @@2 b=379 p=0 d=161321
@@4: line 2.0 t=161490 -> @@2
me-la-kuk-an se-rah te-ri-ma do-na-si de-ngan wa-jib me-min-dai 
@ via @@3 b=7925 p=0 d=62964225
@@5: line 3.0 t=64088211 -> @@3
Ko-de 
@ via @@3 b=558 p=0 d=322624
@ via @@4 b=4832 p=0 d=23444964
@@6: line 3.0 t=1446610 -> @@3
QR 
@ via @@3 b=5 p=0 d=10225
@ via @@4 b=604 p=0 d=376996
@@7: line 3.0 t=538486 -> @@4
mi-lik 
@ via @@4 b=3 p=0 d=10169
@@8: line 3.2 t=171659 -> @@4
pe-ne-ri-ma se-ba-gai buk-ti sah. Do-na-tur in-di-vi-du 
@ via @@5 b=1694 p=0 d=2903616
@@9: line 4.0 t=66991827 -> @@5
ju-ga 
@ via @@5 b=149 p=0 d=25281
@ via @@6 b=2302 p=0 d=5345344
@@10: line 4.0 t=6791954 -> @@6
ber-hak 
@ via @@6 b=48 p=0 d=3364
@ via @@7 b=748 p=0 d=574564
@ via @@8 b=6032 p=0 d=36515764
@@11: line 4.0 t=1113050 -> @@7
me-man-tau 
@ via @@8 b=20 p=0 d=900
@@12: line 4.1 t=172559 -> @@8
Das-bor Dam-pak So-si-al (SROI) se-ca-ra 
@ via @@9 b=5475 p=0 d=30085225
@@13: line 5.0 t=97077052 -> @@9
lang-sung, 
@ via @@9 b=2 p=0 d=10144
@ via @@10 b=543 p=0 d=305809
@@14: line 5.0 t=7097763 -> @@10
ser-ta 
@ via @@10 b=24 p=0 d=11156
@ via @@11 b=1490 p=0 d=2250000
@@15: line 5.0 t=3363050 -> @@11
meng-gu-nak-an 
@ via @@12 b=146 p=0 d=24336
@@16: line 5.0 t=196895 -> @@12
hak 
@ via @@12 b=94 p=0 d=20816
@@17: line 5.3 t=193375 -> @@12
ak-ses AI \T1/ptm/m/it/12 Qu-a-li-ty Ve-ri-fi-ca-tion
@\kern via @@13 b=2269 p=0 d=5193841
@@18: line 6.0 t=102270893 -> @@13
 \T1/ptm/m/n/12 (Po-li-si 
@ via @@13 b=1 p=0 d=10121
@ via @@14 b=7012 p=0 d=49308484
@@19: line 6.0 t=56406247 -> @@14
Pa-ngan) 
@ via @@14 b=32 p=0 d=1764
@ via @@15 b=2237 p=0 d=5049009
@@20: line 6.1 t=7099527 -> @@14
un-tuk 
@ via @@15 b=5 p=0 d=10225
@@21: line 6.2 t=3373275 -> @@15
me-mva-li-da-si 
@ via @@16 b=50 p=0 d=3600
@ via @@17 b=1609 p=0 d=2631161
@@22: line 6.1 t=200495 -> @@16
ke-la-yak-an ma-kan-an dan men-da-patk-an 
@ via @@19 b=963 p=0 d=946729
@@23: line 7.0 t=57352976 -> @@19
re-ko-men-da-si 
@ via @@20 b=0 p=0 d=100
@ via @@21 b=4156 p=0 d=17365556
@@24: line 7.2 t=7099627 -> @@20
re-sep 
@ via @@21 b=2 p=0 d=144
@@25: line 7.2 t=3373419 -> @@21
ma-sak-an. 
@\par via @@22 b=0 p=-10000 d=100
@\par via @@23 b=0 p=-10000 d=10100
@\par via @@24 b=0 p=-10000 d=100
@\par via @@25 b=0 p=-10000 d=100
@@26: line 7.2- t=200595 -> @@22

@firstpass
[]\T1/ptm/b/n/12 Donatur Kelompok/Korporat (Mitra Penyedia) 
@\par via @@0 b=0 p=-10000 d=100
@@1: line 1.2- t=100 -> @@0

@firstpass
[]\T1/ptm/b/n/12 Peranan\T1/ptm/m/n/12 : Pengguna dari entitas bisnis skala besar, khususnya di sektor 
@ via @@0 b=0 p=0 d=100
@@1: line 1.2 t=100 -> @@0
HORECA (Hotel, Restoran, dan Kafe), atau usaha katering berskala 
@ via @@1 b=80 p=0 d=8100
@@2: line 2.1 t=8200 -> @@1
komersial yang menyumbangkan surplus makanan secara masif. 
@\par via @@2 b=0 p=-10000 d=100
@@3: line 3.2- t=8300 -> @@2

@firstpass
@secondpass
[]\T1/ptm/b/n/12 Hak Ak-ses\T1/ptm/m/n/12 : Me-mi-li-ki we-we-nang ma-na-je-men dis-tri-bu-si dan 
@ via @@0 b=8189 p=0 d=67233601
@@1: line 1.0 t=67233601 -> @@0
pe-man-ta-u-an SROI yang sa-ma de-ngan Do-na-tur In-di-vi-du. Se-ba-gai 
@ via @@1 b=756 p=0 d=586756
@@2: line 2.0 t=67820357 -> @@1
ni-lai 
@ via @@1 b=7 p=0 d=10289
@@3: line 2.2 t=67243890 -> @@1
tam-bah un-tuk ke-bu-tuh-an \T1/ptm/m/it/12 Cor-po-ra-te So-ci-al Res-pon-si-bi-li-ty
@\kern via @@2 b=5924 p=0 d=35212356
@@4: line 3.0 t=103032713 -> @@2
 \T1/ptm/m/n/12 (CSR), 
@ via @@2 b=8 p=0 d=10324
@ via @@3 b=2096 p=0 d=4445236
@@5: line 3.2 t=67830681 -> @@2
per-an 
@ via @@3 b=0 p=0 d=100
@@6: line 3.2 t=67243990 -> @@3
ini di-be-ka-li hak ak-ses AI Ge-ne-ra-tif eks-klu-sif 
@ via @@4 b=7704 p=0 d=59505796
@@7: line 4.0 t=162538509 -> @@4
yang 
@ via @@4 b=1005 p=0 d=1030225
@@8: line 4.0 t=104062938 -> @@4
me-li-pu-ti 
@ via @@5 b=552 p=0 d=325844
@ via @@6 b=6625 p=0 d=44033225
@@9: line 4.0 t=68156525 -> @@5
fi-tur 
@ via @@5 b=3 p=0 d=169
@ via @@6 b=1033 p=0 d=1097849
@@10: line 4.2 t=67830850 -> @@5
\T1/ptm/m/it/12 Eco 
@ via @@6 b=43 p=0 d=2809
@@11: line 4.1 t=67246799 -> @@6
Pac-ka-ging Edi-tor \T1/ptm/m/n/12 un-tuk me-ran-cang de-sa-in 
@ via @@7 b=463 p=0 d=223729
@ via @@8 b=6364 p=0 d=40627876
@@12: line 5.0 t=144690814 -> @@8
ke-mas-an 
@ via @@8 b=5 p=0 d=10225
@ via @@9 b=5681 p=0 d=32387481
@@13: line 5.0 t=100544006 -> @@9
ra-mah 
@ via @@9 b=124 p=0 d=17956
@ via @@10 b=2846 p=0 d=8166736
@@14: line 5.0 t=68174481 -> @@9
ling-kung-an, 
@ via @@11 b=0 p=0 d=100
@@15: line 5.2 t=67246899 -> @@11
dan fi-tur \T1/ptm/m/it/12 CSR Co-pywri-ter \T1/ptm/m/n/12 un-tuk 
@ via @@12 b=5908 p=0 d=35022724
@@16: line 6.0 t=179713538 -> @@12
oto-ma-ti-sa-si 
@ via @@13 b=2469 p=0 d=6145441
@@17: line 6.0 t=106689447 -> @@13
pem-bu-at-an 
@ via @@14 b=171 p=0 d=32761
@@18: line 6.0 t=68207242 -> @@14
nas-kah 
@ via @@15 b=3009 p=0 d=9124361
@@19: line 6.0 t=76371260 -> @@15
kam-pa-nye so-si-al. 
@\par via @@16 b=0 p=-10000 d=10100
@\par via @@17 b=0 p=-10000 d=10100
@\par via @@18 b=0 p=-10000 d=10100
@\par via @@19 b=0 p=-10000 d=10100
@@20: line 7.2- t=68217342 -> @@18


Underfull \hbox (badness 8189) in paragraph at lines 457--458
[]\T1/ptm/b/n/12 Hak Ak-ses\T1/ptm/m/n/12 : Me-mi-li-ki we-we-nang ma-na-je-men dis-tri-bu-si dan
 []

@firstpass
[]\T1/ptm/b/n/12 Penerima (Mitra Penerima) 
@\par via @@0 b=0 p=-10000 d=100
@@1: line 1.2- t=100 -> @@0

@firstpass
[] 
@\par via @@0 b=0 p=-10000 d=100
@@1: line 1.2- t=100 -> @@0

File: image/Logo_Universitas_Telkom_Horizontal.png Graphic file (type png)
<use image/Logo_Universitas_Telkom_Horizontal.png>
Package pdftex.def Info: image/Logo_Universitas_Telkom_Horizontal.png  used on input line 462.
(pdftex.def)             Requested size: 77.11923pt x 34.14322pt.
@firstpass
[][] 
@ via @@0 b=0 p=0 d=100
@@1: line 1.2 t=100 -> @@0
|
@\par via @@0 b=0 p=-10000 d=100
@\par via @@1 b=0 p=-10000 d=100
@@2: line 1.2- t=100 -> @@0

@firstpass
[]
@\par via @@0 b=0 p=-10000 d=100
@@1: line 1.2- t=100 -> @@0

@firstpass
[] 
@\par via @@0 b=0 p=-10000 d=100
@@1: line 1.2- t=100 -> @@0

@firstpass
[]
@\par via @@0 b=0 p=-10000 d=100
@@1: line 1.2- t=100 -> @@0

@firstpass
[]\T1/ptm/m/n/12 32|
@\par via @@0 b=0 p=-10000 d=100
@@1: line 1.2- t=100 -> @@0

[32]
@firstpass
[]\T1/ptm/b/n/12 Peranan\T1/ptm/m/n/12 : Kelompok masyarakat di kawasan rentan pangan, fasilitas 
@ via @@0 b=71 p=0 d=6561
@@1: line 1.1 t=6561 -> @@0
sosial (seperti panti asuhan), dewan kemakmuran masjid (DKM), atau 
@ via @@1 b=5 p=0 d=225
@@2: line 2.2 t=6786 -> @@1
warga prasejahtera yang bertindak sebagai sasaran distribusi donasi. 
@\par via @@2 b=0 p=-10000 d=100
@@3: line 3.2- t=6886 -> @@2

@firstpass
[]\T1/ptm/b/n/12 Hak Akses\T1/ptm/m/n/12 : Memiliki wewenang untuk mengakses radar peta (\T1/ptm/m/it/12 Map 
@ via @@0 b=84 p=0 d=8836
@@1: line 1.1 t=8836 -> @@0
@secondpass
[]\T1/ptm/b/n/12 Hak Ak-ses\T1/ptm/m/n/12 : Me-mi-li-ki we-we-nang un-tuk meng-ak-ses ra-dar pe-ta 
@ via @@0 b=2903 p=0 d=8495569
@@1: line 1.0 t=8495569 -> @@0
(\T1/ptm/m/it/12 Map 
@ via @@0 b=84 p=0 d=8836
@@2: line 1.1 t=8836 -> @@0
Da-shbo-a-rd\T1/ptm/m/n/12 ), men-ca-ri me-nu ma-kan-an ter-de-kat, me-la-kuk-an 
@ via @@1 b=2401 p=0 d=5812921
@@3: line 2.0 t=14308490 -> @@1
kla-im 
@ via @@1 b=2 p=0 d=10144
@ via @@2 b=2126 p=0 d=4562496
@@4: line 2.0 t=4571332 -> @@2
(\T1/ptm/m/it/12 bo-o-king\T1/ptm/m/n/12 ) gu-na men-ce-gah pe-ngam-bil-an gan-da (\T1/ptm/m/it/12 double-claim\T1/ptm/m/n/12 ), 
@ via @@3 b=175 p=0 d=34225
@@5: line 3.0 t=14342715 -> @@3
dan 
@ via @@4 b=857 p=0 d=751689
@@6: line 3.0 t=5323021 -> @@4
me-nya-jik-an Ko-de QR mi-lik-nya un-tuk di-pin-dai sa-at ma-kan-an 
@ via @@5 b=1000 p=0 d=1020100
@ via @@6 b=6775 p=0 d=46036225
@@7: line 4.0 t=15362815 -> @@5
ti-ba. 
@ via @@5 b=8 p=0 d=10324
@ via @@6 b=688 p=0 d=487204
@@8: line 4.0 t=5810225 -> @@6
Grup 
@ via @@6 b=0 p=0 d=10100
@@9: line 4.2 t=5333121 -> @@6
ini ju-ga di-be-ri hak un-tuk mem-be-rik-an ulas-an 
@ via @@7 b=7116 p=0 d=50779876
@@10: line 5.0 t=66142691 -> @@7
(\T1/ptm/m/it/12 fe-e-dback\T1/ptm/m/n/12 ), 
@ via @@7 b=75 p=0 d=7225
@ via @@8 b=2608 p=0 d=6853924
@@11: line 5.0 t=12664149 -> @@8
meng-a-juk-an 
@ via @@9 b=21 p=0 d=961
@@12: line 5.1 t=5334082 -> @@9
per-min-ta-an spe-si-fik via \T1/ptm/m/it/12 Fo-rum Re-qu-est\T1/ptm/m/n/12 , 
@ via @@10 b=2680 p=0 d=7236100
@@13: line 6.0 t=73378791 -> @@10
ser-ta 
@ via @@10 b=21 p=0 d=961
@@14: line 6.1 t=66143652 -> @@10
meng-gu-nak-an AI 
@ via @@12 b=2922 p=0 d=8596624
@@15: line 6.0 t=13930706 -> @@12
\T1/ptm/m/it/12 Qu-a-li-ty 
@ via @@12 b=0 p=0 d=100
@@16: line 6.2 t=5334182 -> @@12
Ve-ri-fi-ca-tion \T1/ptm/m/n/12 un-tuk meng-e-cek ma-kan-an 
@ via @@13 b=19 p=0 d=841
@ via @@14 b=2846 p=0 d=8156736
@@17: line 7.1 t=73379632 -> @@13
se-be-lum di-kon-sum-si. 
@\par via @@15 b=0 p=-10000 d=10100
@\par via @@16 b=0 p=-10000 d=100
@\par via @@17 b=0 p=-10000 d=100
@@18: line 7.2- t=5334282 -> @@16


Underfull \hbox (badness 2126) in paragraph at lines 463--464
\T1/ptm/m/it/12 Da-shbo-a-rd\T1/ptm/m/n/12 ), men-ca-ri me-nu ma-kan-an ter-de-kat, me-la-kuk-an kla-im
 []

@firstpass
[]\T1/ptm/b/n/12 Relawan (Kurir) 
@\par via @@0 b=0 p=-10000 d=100
@@1: line 1.2- t=100 -> @@0

@firstpass
@secondpass
[]\T1/ptm/b/n/12 Peranan\T1/ptm/m/n/12 : Peng-gu-na da-ri ka-lang-an pe-mu-da lo-kal atau ma-sya-ra-kat 
@ via @@0 b=699 p=0 d=512681
@@1: line 1.0 t=512681 -> @@0
umum yang ber-par-ti-si-pa-si se-ca-ra su-ka-re-la (\T1/ptm/m/it/12 cro-wdso-ur-cing\T1/ptm/m/n/12 ) se-ba-gai 
@ via @@1 b=638 p=0 d=419904
@@2: line 2.0 t=932585 -> @@1
ar-ma-da peng-ge-rak lo-gis-tik so-si-al pen-jem-put-an ma-kan-an. 
@\par via @@2 b=0 p=-10000 d=10100
@@3: line 3.2- t=942685 -> @@2

@firstpass
@secondpass
[]\T1/ptm/b/n/12 Hak Ak-ses\T1/ptm/m/n/12 : Ber-we-nang un-tuk meng-ak-ses daf-tar pap-an mi-si 
@ via @@0 b=4872 p=0 d=23843924
@@1: line 1.0 t=23843924 -> @@0
pe-ngan-tar-an, me-la-kuk-an pen-jem-put-an ma-kan-an da-ri lo-ka-si do-na-tur, 
@ via @@1 b=376 p=0 d=148996
@@2: line 2.0 t=23992920 -> @@1
dan 
@ via @@1 b=20 p=0 d=10900
@@3: line 2.3 t=23854824 -> @@1
meng-an-tar-kan-nya ke ti-tik lo-ka-si pe-ne-ri-ma. Re-la-w-an me-me-gang 
@ via @@2 b=105 p=0 d=13225
@ via @@3 b=1668 p=0 d=2825684
@@4: line 3.0 t=24006145 -> @@2
oto-ri-tas 
@ via @@3 b=11 p=0 d=441
@@5: line 3.2 t=23855265 -> @@3
va-li-da-si la-pang-an de-ngan hak ak-ses wa-jib pin-dai (\T1/ptm/m/it/12 man-da-tory 
@ via @@4 b=42 p=0 d=2704
@ via @@5 b=6188 p=0 d=38425204
@@6: line 4.1 t=24008849 -> @@4
sc-an\T1/ptm/m/n/12 ) 
@ via @@5 b=303 p=0 d=107969
@@7: line 4.0 t=23963234 -> @@5
Ko-de QR nir-kon-tak se-ba-gai sya-rat mut-lak pe-nye-le-sa-i-an 
@ via @@6 b=5105 p=0 d=26163225
@@8: line 5.0 t=50172074 -> @@6
tran-sak-si, 
@ via @@6 b=3 p=0 d=169
@ via @@7 b=991 p=0 d=1002001
@@9: line 5.2 t=24009018 -> @@6
yang 
@ via @@7 b=0 p=0 d=10100
@@10: line 5.2 t=23973334 -> @@7
se-ca-ra oto-ma-tis ter-in-te-gra-si de-ngan sis-tem po-in 
@ via @@8 b=2846 p=0 d=8156736
@@11: line 6.0 t=58328810 -> @@8
ga-mi-fi-ka-si 
@ via @@9 b=2253 p=0 d=5131169
@@12: line 6.0 t=29140187 -> @@9
(\T1/ptm/m/it/12 Le-a-der-bo-a-rd Ran-king\T1/ptm/m/n/12 ). 
@\par via @@11 b=0 p=-10000 d=10100
@\par via @@12 b=0 p=-10000 d=10100
@@13: line 7.2- t=29150287 -> @@12


Underfull \hbox (badness 4872) in paragraph at lines 469--470
[]\T1/ptm/b/n/12 Hak Ak-ses\T1/ptm/m/n/12 : Ber-we-nang un-tuk meng-ak-ses daf-tar pap-an mi-si
 []


Underfull \hbox (badness 2253) in paragraph at lines 469--470
\T1/ptm/m/n/12 yang se-ca-ra oto-ma-tis ter-in-te-gra-si de-ngan sis-tem po-in ga-mi-fi-ka-si
 []

@firstpass
[]\T1/ptm/b/n/12 Admin Pengelola 
@\par via @@0 b=0 p=-10000 d=100
@@1: line 1.2- t=100 -> @@0

@firstpass
@secondpass
[]\T1/ptm/b/n/12 Peranan\T1/ptm/m/n/12 : Tim ma-na-je-ri-al dan pe-nga-was ope-ra-sio-nal ha-ri-an yang 
@ via @@0 b=927 p=0 d=887969
@@1: line 1.0 t=887969 -> @@0
ber-tu-gas meng-e-lo-la pla-tform se-ca-ra admi-nis-tra-tif di ting-kat ko-mu-ni-tas. 
@\par via @@1 b=0 p=-10000 d=10100
@@2: line 2.2- t=898069 -> @@1

@firstpass
@secondpass
[]\T1/ptm/b/n/12 Hak Ak-ses\T1/ptm/m/n/12 : Me-mi-li-ki we-we-nang admi-nis-tra-tif un-tuk me-mve-ri-fi-ka-si 
@ via @@0 b=158 p=0 d=38224
@@1: line 1.0 t=38224 -> @@0
@emergencypass
[]\T1/ptm/b/n/12 Hak Ak-ses\T1/ptm/m/n/12 : Me-mi-li-ki we-we-nang 
@ via @@0 b=7722 p=0 d=59793824
@@1: line 1.0 t=59793824 -> @@0
admi-nis-tra-tif 
@ via @@0 b=1824 p=0 d=3373556
@@2: line 1.0 t=3373556 -> @@0
un-tuk 
@ via @@0 b=652 p=0 d=448244
@@3: line 1.0 t=448244 -> @@0
me-mve-ri-fi-ka-si 
@ via @@0 b=3 p=0 d=169
@@4: line 1.2 t=169 -> @@0
pen-daf-tar-an 
@ via @@1 b=2495 p=0 d=6275025
@@5: line 2.0 t=66068849 -> @@1
akun 
@ via @@1 b=1033 p=0 d=1087849
@ via @@2 b=5741 p=0 d=33074001
@@6: line 2.0 t=36447557 -> @@2
ba-ru, 
@ via @@1 b=318 p=0 d=107584
@ via @@2 b=2837 p=0 d=8105409
@ via @@3 b=6078 p=0 d=37063744
@@7: line 2.0 t=11478965 -> @@2
mem-blo-kir 
@ via @@1 b=1 p=0 d=10121
@ via @@2 b=449 p=0 d=210681
@ via @@3 b=1430 p=0 d=2073600
@ via @@4 b=7796 p=0 d=60943636
@@8: line 2.0 t=2521844 -> @@3
akun 
@ via @@2 b=106 p=0 d=13456
@ via @@3 b=527 p=0 d=288369
@ via @@4 b=4205 p=0 d=17776225
@@9: line 2.0 t=736613 -> @@3
yang 
@ via @@2 b=8 p=0 d=10324
@ via @@3 b=135 p=0 d=21025
@ via @@4 b=2080 p=0 d=4378100
@ via @@5 b=7704 p=0 d=59505796
@@10: line 2.0 t=469269 -> @@3
me-la-kuk-an 
@ via @@3 b=61 p=0 d=15041
@ via @@4 b=303 p=0 d=107969
@ via @@5 b=2285 p=0 d=5267025
@ via @@6 b=4556 p=0 d=20848356
@@11: line 2.0 t=108138 -> @@4
pe-nya-la-hgu-na-an, 
@ via @@5 b=79 p=0 d=7921
@ via @@6 b=374 p=0 d=147456
@ via @@7 b=1184 p=0 d=1425636
@ via @@8 b=5274 p=0 d=27920656
@@12: line 3.0 t=12904601 -> @@7
me-na-nga-ni 
@ via @@6 b=3 p=0 d=10169
@ via @@7 b=78 p=0 d=7744
@ via @@8 b=1147 p=0 d=1338649
@ via @@9 b=2689 p=0 d=7284601
@ via @@10 b=5504 p=0 d=30404196
@@13: line 3.0 t=3860493 -> @@8
ke-luh-an 
@ via @@7 b=0 p=0 d=10100
@ via @@8 b=196 p=0 d=42436
@ via @@9 b=706 p=0 d=512656
@ via @@10 b=1845 p=0 d=3441025
@ via @@11 b=7308 p=0 d=53553124
@@14: line 3.0 t=1249269 -> @@9
peng-gu-na 
@ via @@8 b=0 p=0 d=10100
@ via @@9 b=39 p=0 d=2401
@ via @@10 b=259 p=0 d=72361
@ via @@11 b=2165 p=0 d=4730625
@@15: line 3.0 t=541630 -> @@10
(\T1/ptm/m/it/12 sup-port 
@ via @@10 b=4 p=0 d=10196
@ via @@11 b=452 p=0 d=213444
@ via @@12 b=5519 p=0 d=30569841
@@16: line 3.0 t=321582 -> @@11
re-qu-est\T1/ptm/m/n/12 ), 
@ via @@11 b=19 p=0 d=841
@ via @@12 b=1721 p=0 d=2996361
@ via @@13 b=6725 p=0 d=45360225
@@17: line 3.1 t=108979 -> @@11
ser-ta 
@ via @@11 b=0 p=0 d=10100
@ via @@12 b=663 p=0 d=452929
@ via @@13 b=3449 p=0 d=11964681
@@18: line 3.2 t=118238 -> @@11
me-man-tau 
@ via @@12 b=30 p=0 d=1600
@ via @@13 b=725 p=0 d=540225
@ via @@14 b=2626 p=0 d=6948496
@ via @@15 b=8000 p=0 d=64160100
@@19: line 4.0 t=4400718 -> @@13
Das-bor 
@ via @@13 b=117 p=0 d=16129
@ via @@14 b=812 p=0 d=675684
@ via @@15 b=3439 p=0 d=11895601
@@20: line 4.0 t=1924953 -> @@14
Sta-tis-tik 
@ via @@13 b=0 p=0 d=10100
@ via @@14 b=106 p=0 d=13456
@ via @@15 b=1024 p=0 d=1069156
@ via @@16 b=3536 p=0 d=12574116
@@21: line 4.0 t=1262725 -> @@14
(SROI) 
@ via @@14 b=1 p=0 d=10121
@ via @@15 b=208 p=0 d=47524
@ via @@16 b=1221 p=0 d=1515361
@ via @@17 b=4242 p=0 d=18079504
@ via @@18 b=7796 p=0 d=60943636
@@22: line 4.0 t=589154 -> @@15
dan 
@ via @@15 b=52 p=0 d=3844
@ via @@16 b=562 p=0 d=327184
@ via @@17 b=2401 p=0 d=5812921
@ via @@18 b=4713 p=0 d=22316729
@@23: line 4.1 t=545474 -> @@15
pe-ta 
@ via @@15 b=3 p=0 d=10169
@ via @@16 b=189 p=0 d=39601
@ via @@17 b=1173 p=0 d=1399489
@ via @@18 b=2556 p=0 d=6594356
@ via @@19 b=8056 p=0 d=65060356
@@24: line 4.0 t=361183 -> @@16
pa-nas 
@ via @@16 b=20 p=0 d=900
@ via @@17 b=376 p=0 d=148996
@ via @@18 b=1024 p=0 d=1079156
@ via @@19 b=4132 p=0 d=17156164
@@25: line 4.0 t=257975 -> @@17
(\T1/ptm/m/it/12 he-a-tmap\T1/ptm/m/n/12 ) 
@ via @@17 b=9 p=0 d=361
@ via @@18 b=99 p=0 d=11881
@ via @@19 b=1048 p=0 d=1119364
@ via @@20 b=3058 p=0 d=9412624
@ via @@21 b=7722 p=0 d=59783824
@@26: line 4.2 t=109340 -> @@17
se-bar-an 
@ via @@18 b=0 p=0 d=100
@ via @@19 b=208 p=0 d=47524
@ via @@20 b=986 p=0 d=992016
@ via @@21 b=3240 p=0 d=10562500
@ via @@22 b=7486 p=0 d=56190016
@@27: line 4.2 t=118338 -> @@18
do-na-si. 
@ via @@19 b=11 p=0 d=10441
@ via @@20 b=211 p=0 d=48841
@ via @@21 b=1142 p=0 d=1327104
@ via @@22 b=3271 p=0 d=10764961
@ via @@23 b=5548 p=0 d=30891364
@@28: line 5.0 t=1973794 -> @@20
Da-ri 
@ via @@19 b=1 p=0 d=10121
@ via @@20 b=32 p=0 d=1764
@ via @@21 b=357 p=0 d=134689
@ via @@22 b=1292 p=0 d=1695204
@ via @@23 b=2343 p=0 d=5536609
@ via @@24 b=4181 p=0 d=17564481
@ via @@25 b=7944 p=0 d=63266116
@@29: line 5.0 t=1397414 -> @@21
si-si 
@ via @@20 b=3 p=0 d=10169
@ via @@21 b=141 p=0 d=22801
@ via @@22 b=681 p=0 d=477481
@ via @@23 b=1337 p=0 d=1814409
@ via @@24 b=2547 p=0 d=6538249
@ via @@25 b=5133 p=0 d=26450449
@@30: line 5.0 t=1066635 -> @@22
ke-ce-rdas-an 
@ via @@21 b=0 p=0 d=10100
@ via @@22 b=47 p=0 d=3249
@ via @@23 b=172 p=0 d=33124
@ via @@24 b=494 p=0 d=254016
@ via @@25 b=1389 p=0 d=1957201
@ via @@26 b=4792 p=0 d=23069204
@@31: line 5.0 t=578598 -> @@23
bu-at-an, 
@ via @@22 b=0 p=0 d=10100
@ via @@23 b=9 p=0 d=361
@ via @@24 b=76 p=0 d=7396
@ via @@25 b=376 p=0 d=148996
@ via @@26 b=1983 p=0 d=3982049
@ via @@27 b=4967 p=0 d=24780529
@@32: line 5.1 t=368579 -> @@24
Admin 
@ via @@24 b=1 p=0 d=10121
@ via @@25 b=49 p=0 d=3481
@ via @@26 b=645 p=0 d=439025
@ via @@27 b=2080 p=0 d=4378100
@ via @@28 b=6332 p=0 d=40220964
@@33: line 5.1 t=261456 -> @@25
di-be-ka-li 
@ via @@25 b=0 p=0 d=10100
@ via @@26 b=98 p=0 d=11664
@ via @@27 b=604 p=0 d=386996
@ via @@28 b=2418 p=0 d=5895184
@ via @@29 b=4595 p=0 d=21206025
@ via @@30 b=7397 p=0 d=54863649
@@34: line 5.1 t=121004 -> @@26
hak 
@ via @@26 b=20 p=0 d=900
@ via @@27 b=255 p=0 d=80225
@ via @@28 b=1286 p=0 d=1679616
@ via @@29 b=2653 p=0 d=7091569
@ via @@30 b=4467 p=0 d=20043529
@@35: line 5.1 t=110240 -> @@26
mo-di-fi-ka-si 
@ via @@27 b=3 p=0 d=169
@ via @@28 b=150 p=0 d=25600
@ via @@29 b=500 p=0 d=260100
@ via @@30 b=1072 p=0 d=1170724
@ via @@31 b=4699 p=0 d=22174681
@@36: line 5.2 t=118507 -> @@27
pa-nel 
@ via @@28 b=14 p=0 d=576
@ via @@29 b=115 p=0 d=15625
@ via @@30 b=336 p=0 d=119716
@ via @@31 b=2229 p=0 d=5013121
@ via @@32 b=5711 p=0 d=32729841
@@37: line 6.0 t=1186351 -> @@30
\T1/ptm/m/it/12 Prompt 
@ via @@29 b=1 p=0 d=10121
@ via @@30 b=27 p=0 d=1369
@ via @@31 b=663 p=0 d=452929
@ via @@32 b=2261 p=0 d=5157441
@ via @@33 b=5490 p=0 d=30250000
@@38: line 6.0 t=1031527 -> @@31
Engi-ne-e-ring
@\kern via @@31 b=14 p=0 d=576
@\kern via @@32 b=253 p=0 d=69169
@\kern via @@33 b=1122 p=0 d=1281424
@\kern via @@34 b=3646 p=0 d=13366336
@\kern via @@35 b=6220 p=0 d=38812900
@@39: line 6.0 t=437748 -> @@32
 \T1/ptm/m/n/12 un-tuk 
@ via @@31 b=83 p=0 d=18649
@ via @@32 b=31 p=0 d=1681
@ via @@33 b=332 p=0 d=116964
@ via @@34 b=1552 p=0 d=2439844
@ via @@35 b=2922 p=0 d=8596624
@@40: line 6.0 t=378420 -> @@33
@@41: line 6.1 t=370260 -> @@32
me-nye-su-a-ik-an 
@ via @@33 b=14 p=0 d=10576
@ via @@34 b=60 p=0 d=4900
@ via @@35 b=240 p=0 d=62500
@ via @@36 b=1881 p=0 d=3585881
@ via @@37 b=4254 p=0 d=18181696
@@42: line 6.1 t=125904 -> @@34
pa-ra-me-ter 
@ via @@35 b=1 p=0 d=121
@ via @@36 b=275 p=0 d=91225
@ via @@37 b=981 p=0 d=982081
@ via @@38 b=3229 p=0 d=10491121
@@43: line 6.2 t=110361 -> @@35
in-struk-si 
@ via @@36 b=6 p=0 d=256
@ via @@37 b=117 p=0 d=16129
@ via @@38 b=804 p=0 d=662596
@ via @@39 b=4765 p=0 d=22800625
@@44: line 6.2 t=118763 -> @@36
de-tek-si 
@ via @@37 b=1 p=0 d=10121
@ via @@38 b=129 p=0 d=19321
@ via @@39 b=1762 p=0 d=3139984
@ via @@40 b=4156 p=0 d=17355556
@ via @@41 b=4156 p=0 d=17355556
@@45: line 7.0 t=1050848 -> @@38
AI 
@ via @@38 b=35 p=0 d=2025
@ via @@39 b=981 p=0 d=982081
@ via @@40 b=2556 p=0 d=6584356
@ via @@41 b=2556 p=0 d=6584356
@@46: line 7.1 t=1033552 -> @@38
se-ca-ra 
@ via @@38 b=0 p=0 d=10100
@ via @@39 b=240 p=0 d=62500
@ via @@40 b=900 p=0 d=828100
@ via @@41 b=900 p=0 d=828100
@ via @@42 b=5726 p=0 d=32901696
@@47: line 7.0 t=500248 -> @@39
\T1/ptm/m/it/12 real-time
@\kern via @@39 b=3 p=0 d=10169
@\kern via @@40 b=97 p=0 d=11449
@\kern via @@41 b=97 p=0 d=11449
@\kern via @@42 b=1852 p=0 d=3467044
@\kern via @@43 b=6204 p=0 d=38623796
@@48: line 7.1 t=381709 -> @@41
 \T1/ptm/m/n/12 tan-pa 
@ via @@40 b=4 p=0 d=10196
@ via @@41 b=4 p=0 d=196
@ via @@42 b=699 p=0 d=502681
@ via @@43 b=3098 p=0 d=9669664
@ via @@44 b=8056 p=0 d=65070356
@@49: line 7.2 t=370456 -> @@41
per-lu 
@ via @@42 b=201 p=0 d=44521
@ via @@43 b=1412 p=0 d=2032084
@ via @@44 b=4353 p=0 d=19045769
@@50: line 7.0 t=170425 -> @@42
meng-u-bah 
@ via @@42 b=0 p=0 d=100
@ via @@43 b=181 p=0 d=46481
@ via @@44 b=1107 p=0 d=1257689
@ via @@45 b=3148 p=0 d=9972964
@ via @@46 b=4899 p=0 d=24098281
@@51: line 7.2 t=126004 -> @@42
ko-de 
@ via @@43 b=27 p=0 d=1369
@ via @@44 b=409 p=0 d=185561
@ via @@45 b=1496 p=0 d=2268036
@ via @@46 b=2486 p=0 d=6230016
@ via @@47 b=5578 p=0 d=31225744
@@52: line 7.1 t=111730 -> @@43
sum-ber 
@ via @@43 b=83 p=0 d=8649
@ via @@44 b=45 p=0 d=3025
@ via @@45 b=389 p=0 d=159201
@ via @@46 b=768 p=0 d=605284
@ via @@47 b=2189 p=0 d=4835601
@ via @@48 b=6461 p=0 d=41873841
@@53: line 7.1 t=121788 -> @@44
@@54: line 7.3 t=119010 -> @@43
apli-ka-si. 
@\par via @@44 b=48 p=-10000 d=3364
@\par via @@45 b=0 p=-10000 d=10100
@\par via @@46 b=0 p=-10000 d=100
@\par via @@47 b=0 p=-10000 d=10100
@\par via @@48 b=0 p=-10000 d=100
@\par via @@49 b=0 p=-10000 d=100
@\par via @@50 b=0 p=-10000 d=10100
@\par via @@51 b=0 p=-10000 d=100
@\par via @@52 b=0 p=-10000 d=100
@\par via @@53 b=0 p=-10000 d=100
@\par via @@54 b=0 p=-10000 d=100
@@55: line 8.2- t=111830 -> @@52


Underfull \hbox (badness 10000) in paragraph at lines 475--476
\T1/ptm/m/n/12 pen-daf-tar-an akun ba-ru, mem-blo-kir akun yang me-la-kuk-an
 []


Underfull \hbox (badness 2057) in paragraph at lines 475--476
\T1/ptm/m/n/12 pe-nya-la-hgu-na-an, me-na-nga-ni ke-luh-an peng-gu-na (\T1/ptm/m/it/12 sup-port re-qu-est\T1/ptm/m/n/12 ),
 []


Underfull \hbox (badness 1117) in paragraph at lines 475--476
\T1/ptm/m/n/12 in-struk-si de-tek-si AI se-ca-ra \T1/ptm/m/it/12 real-time \T1/ptm/m/n/12 tan-pa per-lu meng-u-bah ko-de
 []

@firstpass
[]\T1/ptm/b/n/12 Super Admin 
@\par via @@0 b=0 p=-10000 d=100
@@1: line 1.2- t=100 -> @@0

@firstpass
@secondpass
[]\T1/ptm/b/n/12 Peranan\T1/ptm/m/n/12 : Peng-gu-na de-ngan ting-kat li-te-ra-si tek-no-lo-gi ter-ting-gi 
@ via @@0 b=3838 p=0 d=14817104
@@1: line 1.0 t=14817104 -> @@0
yang 
@ via @@0 b=141 p=0 d=32801
@@2: line 1.0 t=32801 -> @@0
ber-tin-dak se-ba-gai pe-ngem-bang sis-tem (Tim IT / \T1/ptm/m/it/12 Pro-gram-mer\T1/ptm/m/n/12 ) 
@ via @@1 b=175 p=0 d=34225
@ via @@2 b=4156 p=0 d=17355556
@@3: line 2.0 t=14851329 -> @@1
dan 
@ via @@1 b=10 p=0 d=10400
@ via @@2 b=425 p=0 d=189225
@@4: line 2.0 t=222026 -> @@2
pe-me-gang ke-da-u-lat-an mut-lak pla-tform ek-se-ku-tif. 
@\par via @@3 b=0 p=-10000 d=10100
@\par via @@4 b=0 p=-10000 d=10100
@@5: line 3.2- t=232126 -> @@4

@firstpass
[] 
@\par via @@0 b=0 p=-10000 d=100
@@1: line 1.2- t=100 -> @@0

File: image/Logo_Universitas_Telkom_Horizontal.png Graphic file (type png)
<use image/Logo_Universitas_Telkom_Horizontal.png>
Package pdftex.def Info: image/Logo_Universitas_Telkom_Horizontal.png  used on input line 481.
(pdftex.def)             Requested size: 77.11923pt x 34.14322pt.
@firstpass
[][] 
@ via @@0 b=0 p=0 d=100
@@1: line 1.2 t=100 -> @@0
|
@\par via @@0 b=0 p=-10000 d=100
@\par via @@1 b=0 p=-10000 d=100
@@2: line 1.2- t=100 -> @@0

@firstpass
[]
@\par via @@0 b=0 p=-10000 d=100
@@1: line 1.2- t=100 -> @@0

@firstpass
[] 
@\par via @@0 b=0 p=-10000 d=100
@@1: line 1.2- t=100 -> @@0

@firstpass
[]
@\par via @@0 b=0 p=-10000 d=100
@@1: line 1.2- t=100 -> @@0

@firstpass
[]\T1/ptm/m/n/12 33|
@\par via @@0 b=0 p=-10000 d=100
@@1: line 1.2- t=100 -> @@0

[33]
@firstpass
@secondpass
[]\T1/ptm/b/n/12 Hak Ak-ses\T1/ptm/m/n/12 : Me-mi-li-ki we-we-nang ma-na-je-ri-al pe-nuh ter-ha-dap 
@ via @@0 b=6445 p=0 d=41677025
@@1: line 1.0 t=41677025 -> @@0
ope-ra-sio-nal sis-tem di si-si pe-la-den (\T1/ptm/m/it/12 bac-kend\T1/ptm/m/n/12 ). Ak-ses di-fo-kusk-an 
@ via @@1 b=1248 p=0 d=1582564
@@2: line 2.0 t=43259589 -> @@1
pa-da 
@ via @@1 b=29 p=0 d=1521
@@3: line 2.1 t=41678546 -> @@1
ma-na-je-men ting-kat mak-ro se-per-ti pe-me-li-ha-ra-an se-rver (\T1/ptm/m/it/12 Ma-in-te-nan-ce 
@ via @@3 b=132 p=0 d=20164
@@4: line 3.0 t=41698710 -> @@3
Mo-de\T1/ptm/m/n/12 ), per-ba-ik-an \T1/ptm/m/it/12 bug\T1/ptm/m/n/12 , men-ja-ga sta-bi-li-tas ba-sis da-ta, meng-e-lo-la 
@ via @@4 b=2005 p=0 d=4060225
@@5: line 4.0 t=45758935 -> @@4
pen-daf-tar-an akun Admin bi-a-sa, ser-ta meng-a-wa-si hak pre-ro-ga-tif 
@ via @@5 b=2617 p=0 d=6901129
@@6: line 5.0 t=52660064 -> @@5
ak-ses 
@ via @@5 b=28 p=0 d=1444
@@7: line 5.1 t=45760379 -> @@5
kom-pu-ta-si AI dan me-mo-ni-tor je-jak \T1/ptm/m/it/12 log \T1/ptm/m/n/12 sis-tem se-ca-ra 
@ via @@6 b=7186 p=0 d=51782416
@@8: line 6.0 t=104442480 -> @@6
ke-se-lu-ruh-an. 
@\par via @@6 b=23 p=-10000 d=11089
@\par via @@7 b=0 p=-10000 d=100
@\par via @@8 b=0 p=-10000 d=10100
@@9: line 6.2- t=45760479 -> @@7


Underfull \hbox (badness 6445) in paragraph at lines 481--482
[]\T1/ptm/b/n/12 Hak Ak-ses\T1/ptm/m/n/12 : Me-mi-li-ki we-we-nang ma-na-je-ri-al pe-nuh ter-ha-dap
 []


Underfull \hbox (badness 2005) in paragraph at lines 481--482
\T1/ptm/m/it/12 Mo-de\T1/ptm/m/n/12 ), per-ba-ik-an \T1/ptm/m/it/12 bug\T1/ptm/m/n/12 , men-ja-ga sta-bi-li-tas ba-sis da-ta, meng-e-lo-la
 []

@firstpass
|[]\T1/ptm/b/n/14.4 Analisis Kebutuhan Fungsional| 
@\par via @@0 b=0 p=-10000 d=100
@@1: line 1.2- t=100 -> @@0

@firstpass
\T1/ptm/m/n/12 Analisis kebutuhan fungsional menguraikan spesifikasi kapabilitas yang wajib dimiliki 
@ via @@0 b=42 p=0 d=2704
@@1: line 1.1 t=2704 -> @@0
oleh sistem guna menjawab permasalahan pengguna di lapangan. Merujuk pada hasil 
@ via @@1 b=54 p=0 d=4096
@@2: line 2.1 t=6800 -> @@1
observasi alur distribusi manual (As-Is) serta ekstraksi titik keluhan (\T1/ptm/m/it/12 pain points\T1/ptm/m/n/12 ) dari 
@ via @@2 b=59 p=0 d=4761
@@3: line 3.1 t=11561 -> @@2
@secondpass
\T1/ptm/m/n/12 Analisis ke-bu-tuh-an fung-sio-nal meng-u-ra-ik-an spe-si-fi-ka-si ka-pa-bi-li-tas yang wa-jib 
@ via @@0 b=6944 p=0 d=48368116
@@1: line 1.0 t=48368116 -> @@0
di-mi-li-ki 
@ via @@0 b=42 p=0 d=2704
@@2: line 1.1 t=2704 -> @@0
oleh sis-tem gu-na men-ja-wab per-ma-sa-lah-an peng-gu-na di la-pang-an. Me-ru-juk 
@ via @@1 b=281 p=0 d=84681
@ via @@2 b=5622 p=0 d=31719424
@@3: line 2.0 t=31722128 -> @@2
pa-da 
@ via @@1 b=0 p=0 d=10100
@ via @@2 b=1048 p=0 d=1119364
@@4: line 2.0 t=1122068 -> @@2
ha-sil 
@ via @@2 b=54 p=0 d=4096
@@5: line 2.1 t=6800 -> @@2
ob-se-rva-si alur dis-tri-bu-si ma-nu-al (As-Is) ser-ta eks-trak-si ti-tik ke-luh-an 
@ via @@3 b=2359 p=0 d=5612161
@@6: line 3.0 t=37334289 -> @@3
(\T1/ptm/m/it/12 pa-in 
@ via @@3 b=164 p=0 d=30276
@ via @@4 b=2012 p=0 d=4088484
@@7: line 3.0 t=5210552 -> @@4
po-in-ts\T1/ptm/m/n/12 ) 
@ via @@4 b=26 p=0 d=1296
@ via @@5 b=963 p=0 d=946729
@@8: line 3.0 t=953529 -> @@5
da-ri 
@ via @@5 b=59 p=0 d=4761
@@9: line 3.1 t=11561 -> @@5
\T1/ptm/m/it/12 Em-pa-thy Map \T1/ptm/m/n/12 dan \T1/ptm/m/it/12 User Jo-ur-ney Map\T1/ptm/m/n/12 , pla-tform yang di-ran-cang 
@ via @@6 b=578 p=0 d=345744
@ via @@7 b=4303 p=0 d=18601969
@@10: line 4.0 t=23812521 -> @@7
ha-rus 
@ via @@6 b=4 p=0 d=10196
@ via @@7 b=546 p=0 d=309136
@ via @@8 b=5939 p=0 d=35390601
@@11: line 4.0 t=5519688 -> @@7
mam-pu 
@ via @@7 b=6 p=0 d=10256
@ via @@8 b=433 p=0 d=196249
@ via @@9 b=2600 p=0 d=6812100
@@12: line 4.0 t=1149778 -> @@8
meng-ha-dirk-an so-lu-si ber-u-pa oto-ma-ti-sa-si ve-ri-fi-ka-si ke-la-yak-an pa-ngan 
@ via @@10 b=845 p=0 d=731025
@@13: line 5.0 t=24543546 -> @@10
ber-ba-sis 
@ via @@11 b=137 p=0 d=21609
@@14: line 5.0 t=5541297 -> @@11
Ke-ce-rdas-an 
@ via @@12 b=25 p=0 d=11225
@@15: line 5.3 t=1161003 -> @@12
Bu-at-an (AI), pen-co-cok-an do-na-si se-ca-ra \T1/ptm/m/it/12 real-time\T1/ptm/m/n/12 , ser-ta 
@ via @@13 b=7433 p=0 d=55398249
@@16: line 6.0 t=79941795 -> @@13
re-ka-pi-tu-la-si 
@ via @@13 b=1 p=0 d=10121
@ via @@14 b=2932 p=0 d=8655364
@@17: line 6.0 t=14196661 -> @@14
pe-la-por-an 
@ via @@14 b=35 p=0 d=12025
@ via @@15 b=4846 p=0 d=23590736
@@18: line 6.3 t=5553322 -> @@14
dam-pak 
@ via @@15 b=50 p=0 d=13600
@@19: line 6.1 t=1174603 -> @@15
ling-kung-an (SROI) se-ca-ra di-gi-tal. Oleh ka-re-na 
@ via @@16 b=2573 p=0 d=6671889
@@20: line 7.0 t=86613684 -> @@16
itu, 
@ via @@16 b=527 p=0 d=288369
@@21: line 7.0 t=80230164 -> @@16
fung-sio-na-li-tas 
@ via @@17 b=150 p=0 d=25600
@ via @@18 b=6316 p=0 d=40028276
@@22: line 7.0 t=14222261 -> @@17
yang 
@ via @@17 b=11 p=0 d=10441
@ via @@18 b=1259 p=0 d=1620361
@@23: line 7.0 t=7173683 -> @@18
ak-an 
@ via @@18 b=92 p=0 d=20404
@ via @@19 b=2932 p=0 d=8655364
@@24: line 7.1 t=5573726 -> @@18
di-im-ple-men-ta-sik-an pa-da eko-sis-tem Fo-od AI Re-scue 
@ via @@20 b=1122 p=0 d=1281424
@ via @@21 b=5862 p=0 d=34480384
@@25: line 8.0 t=87895108 -> @@20
di-kla-si-fi-ka-sik-an 
@ via @@22 b=3690 p=0 d=13690000
@@26: line 8.0 t=27912261 -> @@22
ke 
@ via @@22 b=900 p=0 d=828100
@ via @@23 b=7256 p=0 d=52794756
@@27: line 8.0 t=15050361 -> @@22
da-lam 
@ via @@22 b=0 p=0 d=10100
@ via @@23 b=500 p=0 d=260100
@ via @@24 b=5091 p=0 d=26020201
@@28: line 8.0 t=7433783 -> @@23
tu-juh 
@ via @@23 b=0 p=0 d=10100
@ via @@24 b=399 p=0 d=167281
@@29: line 8.0 t=5741007 -> @@24
mo-dul uta-ma ber-i-kut: 
@\par via @@25 b=0 p=-10000 d=10100
@\par via @@26 b=0 p=-10000 d=10100
@\par via @@27 b=0 p=-10000 d=10100
@\par via @@28 b=0 p=-10000 d=10100
@\par via @@29 b=0 p=-10000 d=10100
@@30: line 9.2- t=5751107 -> @@29


Underfull \hbox (badness 1048) in paragraph at lines 486--487
\T1/ptm/m/n/12 oleh sis-tem gu-na men-ja-wab per-ma-sa-lah-an peng-gu-na di la-pang-an. Me-ru-juk pa-da
 []


Underfull \hbox (badness 2012) in paragraph at lines 486--487
\T1/ptm/m/n/12 ha-sil ob-se-rva-si alur dis-tri-bu-si ma-nu-al (As-Is) ser-ta eks-trak-si ti-tik ke-luh-an (\T1/ptm/m/it/12 pa-in
 []

@firstpass
[]\T1/ptm/b/n/12 Kebutuhan Modul Autentikasi dan Manajemen Akun 
@\par via @@0 b=0 p=-10000 d=100
@@1: line 1.2- t=100 -> @@0

@firstpass
[]\T1/ptm/m/n/12 Sistem harus mampu memfasilitasi proses pendaftaran (\T1/ptm/m/it/12 register\T1/ptm/m/n/12 ) dan 
@ via @@0 b=87 p=0 d=9409
@@1: line 1.1 t=9409 -> @@0
masuk (\T1/ptm/m/it/12 login\T1/ptm/m/n/12 ) yang keamanannya terenkripsi menggunakan algoritma 
@ via @@1 b=18 p=0 d=784
@@2: line 2.1 t=10193 -> @@1
sandi berlapis \T1/ptm/m/it/12 bcrypt\T1/ptm/m/n/12 . 
@\par via @@2 b=0 p=-10000 d=100
@@3: line 3.2- t=10293 -> @@2

@firstpass
[]\T1/ptm/m/n/12 Sistem harus memiliki pendeteksi perutean berbasis peran (\T1/ptm/m/it/12 Role-Based 
@ via @@0 b=0 p=0 d=100
@@1: line 1.2 t=100 -> @@0
Router\T1/ptm/m/n/12 ) untuk mengarahkan pengguna secara spesifik ke antarmuka 6 
@ via @@1 b=14 p=0 d=576
@@2: line 2.1 t=676 -> @@1
(enam) grup akses yang berbeda (Donatur Individu, Donatur Korporat, 
@ via @@2 b=0 p=0 d=100
@@3: line 3.2 t=776 -> @@2
Penerima, Relawan, Admin, dan SuperAdmin). 
@\par via @@3 b=0 p=-10000 d=100
@@4: line 4.2- t=876 -> @@3

@firstpass
@secondpass
[]\T1/ptm/m/n/12 Sistem ha-rus me-nye-di-ak-an fi-tur ma-na-je-men pro-fil peng-gu-na, yang 
@ via @@0 b=604 p=0 d=386996
@@1: line 1.0 t=386996 -> @@0
men-ca-kup uti-li-tas pe-mo-tong-an gam-bar (\T1/ptm/m/it/12 crop ima-ge\T1/ptm/m/n/12 ) sa-at peng-gu-na 
@ via @@1 b=371 p=0 d=145161
@@2: line 2.0 t=532157 -> @@1
meng-ung-gah fo-to \T1/ptm/m/it/12 ava-tar\T1/ptm/m/n/12 . 
@\par via @@2 b=0 p=-10000 d=10100
@@3: line 3.2- t=542257 -> @@2

@firstpass
[]\T1/ptm/b/n/12 Kebutuhan Modul Manajemen Donasi dan Inventori (Gudang Pangan) 
@\par via @@0 b=0 p=-10000 d=100
@@1: line 1.2- t=100 -> @@0

@firstpass
[]\T1/ptm/m/n/12 Sistem harus memfasilitasi pihak Donatur untuk membuat daftar donasi 
@ via @@0 b=10 p=0 d=400
@@1: line 1.2 t=400 -> @@0
makanan baru beserta detail parameter minimum dan maksimum porsi 
@ via @@1 b=1 p=0 d=121
@@2: line 2.2 t=521 -> @@1
yang tersedia. 
@\par via @@2 b=0 p=-10000 d=100
@@3: line 3.2- t=621 -> @@2

@firstpass
@secondpass
[]\T1/ptm/m/n/12 Sistem ha-rus di-leng-ka-pi de-ngan ma-na-je-men in-ven-to-ri oto-ma-tis 
@ via @@0 b=5203 p=0 d=27185369
@@1: line 1.0 t=27185369 -> @@0
yang 
@ via @@0 b=137 p=0 d=31609
@@2: line 1.0 t=31609 -> @@0
mam-pu me-nyem-bu-nyik-an sta-tus ta-yang-an do-na-si da-ri pu-blik 
@ via @@1 b=744 p=0 d=568516
@@3: line 2.0 t=27753885 -> @@1
apa-bi-la 
@ via @@2 b=117 p=0 d=16129
@@4: line 2.0 t=47738 -> @@2
ba-tas wak-tu kon-sum-si (ke-da-lu-war-sa) te-lah ter-le-wa-ti. 
@\par via @@3 b=0 p=-10000 d=10100
@\par via @@4 b=0 p=-10000 d=10100
@@5: line 3.2- t=57838 -> @@4

@firstpass
[] 
@\par via @@0 b=0 p=-10000 d=100
@@1: line 1.2- t=100 -> @@0

File: image/Logo_Universitas_Telkom_Horizontal.png Graphic file (type png)
<use image/Logo_Universitas_Telkom_Horizontal.png>
Package pdftex.def Info: image/Logo_Universitas_Telkom_Horizontal.png  used on input line 500.
(pdftex.def)             Requested size: 77.11923pt x 34.14322pt.
@firstpass
[][] 
@ via @@0 b=0 p=0 d=100
@@1: line 1.2 t=100 -> @@0
|
@\par via @@0 b=0 p=-10000 d=100
@\par via @@1 b=0 p=-10000 d=100
@@2: line 1.2- t=100 -> @@0

@firstpass
[]
@\par via @@0 b=0 p=-10000 d=100
@@1: line 1.2- t=100 -> @@0

@firstpass
[] 
@\par via @@0 b=0 p=-10000 d=100
@@1: line 1.2- t=100 -> @@0

@firstpass
[]
@\par via @@0 b=0 p=-10000 d=100
@@1: line 1.2- t=100 -> @@0

@firstpass
[]\T1/ptm/m/n/12 34|
@\par via @@0 b=0 p=-10000 d=100
@@1: line 1.2- t=100 -> @@0

[34]
@firstpass
@secondpass
[]\T1/ptm/m/n/12 Sistem ha-rus me-mfa-si-li-ta-si do-na-tur un-tuk me-la-kuk-an va-li-da-si 
@ via @@0 b=8075 p=0 d=65377225
@@1: line 1.0 t=65377225 -> @@0
se-rah 
@ via @@0 b=310 p=0 d=112400
@@2: line 1.0 t=112400 -> @@0
te-ri-ma me-la-lui fi-tur pe-min-da-i-an Ko-de QR pe-ne-ri-ma se-ca-ra 
@ via @@1 b=1173 p=0 d=1399489
@@3: line 2.0 t=66776714 -> @@1
nir-kon-tak 
@ via @@2 b=60 p=0 d=4900
@@4: line 2.1 t=117300 -> @@2
sa-at pro-ses pe-nye-rah-an ber-lang-sung. 
@\par via @@3 b=0 p=-10000 d=10100
@\par via @@4 b=0 p=-10000 d=100
@@5: line 3.2- t=117400 -> @@4

@firstpass
[]\T1/ptm/b/n/12 Kebutuhan Modul Integrasi Kecerdasan Buatan (AI) 
@\par via @@0 b=0 p=-10000 d=100
@@1: line 1.2- t=100 -> @@0

@firstpass
[]\T1/ptm/m/n/12 Sistem wajib terintegrasi dengan layanan \T1/ptm/m/it/12 Google Gemini Vision API
@\kern via @@0 b=86 p=0 d=9216
@@1: line 1.1 t=9216 -> @@0
@secondpass
[]\T1/ptm/m/n/12 Sistem wa-jib ter-in-te-gra-si de-ngan la-yan-an \T1/ptm/m/it/12 Go-o-gle Ge-mi-ni Vi-sion 
@ via @@0 b=2197 p=0 d=4880849
@@1: line 1.0 t=4880849 -> @@0
API
@\kern via @@0 b=86 p=0 d=9216
@@2: line 1.1 t=9216 -> @@0
 \T1/ptm/m/n/12 se-ba-gai fi-tur ``Po-li-si Pa-ngan'' un-tuk men-ja-lank-an ve-ri-fi-ka-si 
@ via @@1 b=3000 p=0 d=9060100
@@3: line 2.0 t=13940949 -> @@1
oto-ma-tis 
@ via @@1 b=73 p=0 d=16889
@ via @@2 b=248 p=0 d=66564
@@4: line 2.0 t=75780 -> @@2
se-ca-ra \T1/ptm/m/it/12 real-time\T1/ptm/m/n/12 . AI ha-rus mam-pu men-de-tek-si wu-jud 
@ via @@3 b=1824 p=0 d=3363556
@@5: line 3.0 t=17304505 -> @@3
ma-kan-an, 
@ via @@4 b=1259 p=0 d=1610361
@@6: line 3.0 t=1686141 -> @@4
me-ni-lai 
@ via @@4 b=1 p=0 d=10121
@@7: line 3.2 t=85901 -> @@4
ke-la-yak-an kon-sum-si, hi-gi-e-ni-tas vi-su-al, ser-ta 
@ via @@5 b=4378 p=0 d=19254544
@@8: line 4.0 t=36559049 -> @@5
meng-e-va-lu-a-si 
@ via @@6 b=841 p=0 d=724201
@@9: line 4.0 t=2410342 -> @@6
ke-ha-lal-an 
@ via @@7 b=168 p=0 d=41684
@@10: line 4.0 t=127585 -> @@7
se-be-lum do-na-si di-ter-bitk-an. 
@\par via @@8 b=0 p=-10000 d=10100
@\par via @@9 b=0 p=-10000 d=10100
@\par via @@10 b=0 p=-10000 d=10100
@@11: line 5.2- t=137685 -> @@10

@firstpass
@secondpass
[]\T1/ptm/m/n/12 Sistem ha-rus me-mfa-si-li-ta-si fung-si ba-gi peng-gu-na un-tuk me-min-dai 
@ via @@0 b=752 p=0 d=590644
@@1: line 1.0 t=590644 -> @@0
bah-an si-sa ma-kan-an gu-na men-da-patk-an re-ko-men-da-si re-sep ma-sak-an 
@ via @@1 b=161 p=0 d=29241
@@2: line 2.0 t=619885 -> @@1
ce-rdas da-ri AI. 
@\par via @@2 b=0 p=-10000 d=10100
@@3: line 3.2- t=629985 -> @@2

@firstpass
@secondpass
[]\T1/ptm/m/n/12 Khusus ba-gi grup Do-na-tur Kor-po-rat (HO-RE-CA), sis-tem ha-rus 
@ via @@0 b=3895 p=0 d=15259025
@@1: line 1.0 t=15259025 -> @@0
me-nye-di-ak-an fi-tur AI Ge-ne-ra-tif eks-klu-sif ber-u-pa \T1/ptm/m/it/12 Eco Pac-ka-ging 
@ via @@1 b=1990 p=0 d=4000000
@@2: line 2.0 t=19259025 -> @@1
Edi-tor
@\kern via @@1 b=0 p=0 d=10100
@@3: line 2.2 t=15269125 -> @@1
 \T1/ptm/m/n/12 (di-du-kung oleh Po-lli-na-tions.ai) un-tuk me-ran-cang pro-to-ti-pe 
@ via @@2 b=1448 p=0 d=2125764
@@4: line 3.0 t=21384789 -> @@2
ke-mas-an 
@ via @@3 b=289 p=0 d=99401
@@5: line 3.0 t=15368526 -> @@3
ra-mah ling-kung-an, ser-ta asis-ten \T1/ptm/m/it/12 CSR Co-pywri-ter \T1/ptm/m/n/12 un-tuk 
@ via @@4 b=1590 p=0 d=2560000
@@6: line 4.0 t=23944789 -> @@4
oto-ma-ti-sa-si 
@ via @@5 b=362 p=0 d=138384
@@7: line 4.0 t=15506910 -> @@5
pem-bu-at-an nas-kah kam-pa-nye so-si-al. 
@\par via @@6 b=0 p=-10000 d=10100
@\par via @@7 b=0 p=-10000 d=10100
@@8: line 5.2- t=15517010 -> @@7


Underfull \hbox (badness 3895) in paragraph at lines 507--508
[]\T1/ptm/m/n/12 Khusus ba-gi grup Do-na-tur Kor-po-rat (HO-RE-CA), sis-tem ha-rus
 []

@firstpass
[]\T1/ptm/b/n/12 Kebutuhan Modul Eksplorasi dan Klaim (Radar Penerima) 
@\par via @@0 b=0 p=-10000 d=100
@@1: line 1.2- t=100 -> @@0

@firstpass
[]\T1/ptm/m/n/12 Sistem harus menyediakan \T1/ptm/m/it/12 Map Dashboard \T1/ptm/m/n/12 interaktif (memanfaatkan 
@ via @@0 b=24 p=0 d=1156
@@1: line 1.1 t=1156 -> @@0
pustaka geolokasi \T1/ptm/m/it/12 Leaflet\T1/ptm/m/n/12 ) yang memungkinkan Mitra Penerima untuk 
@ via @@1 b=3 p=0 d=169
@@2: line 2.2 t=1325 -> @@1
melacak titik ketersediaan donasi pangan di sekitarnya. 
@\par via @@2 b=0 p=-10000 d=100
@@3: line 3.2- t=1425 -> @@2

@firstpass
@secondpass
@emergencypass
[]\T1/ptm/m/n/12 Sistem ha-rus me-mung-kink-an Pe-ne-ri-ma 
@ via @@0 b=5431 p=0 d=29614481
@@1: line 1.0 t=29614481 -> @@0
me-la-kuk-an 
@ via @@0 b=1237 p=0 d=1565009
@@2: line 1.0 t=1565009 -> @@0
kla-im 
@ via @@0 b=362 p=0 d=148384
@@3: line 1.0 t=148384 -> @@0
(\T1/ptm/m/it/12 bo-o-king/checkout\T1/ptm/m/n/12 ) 
@ via @@1 b=7415 p=0 d=55130625
@@4: line 2.0 t=84745106 -> @@1
pe-san-an 
@ via @@1 b=2671 p=0 d=7187761
@@5: line 2.0 t=36802242 -> @@1
ma-kan-an 
@ via @@1 b=558 p=0 d=322624
@ via @@2 b=3343 p=0 d=11242609
@ via @@3 b=7151 p=0 d=51279921
@@6: line 2.0 t=12807618 -> @@2
un-tuk 
@ via @@1 b=104 p=0 d=12996
@ via @@2 b=1331 p=0 d=1798281
@ via @@3 b=3343 p=0 d=11242609
@@7: line 2.0 t=3363290 -> @@2
men-ce-gah 
@ via @@2 b=137 p=0 d=21609
@ via @@3 b=656 p=0 d=443556
@ via @@4 b=7963 p=0 d=63568729
@@8: line 2.0 t=591940 -> @@3
ter-ja-di-nya 
@ via @@2 b=5 p=0 d=10225
@ via @@3 b=27 p=0 d=1369
@ via @@4 b=2495 p=0 d=6275025
@ via @@5 b=6775 p=0 d=46036225
@@9: line 2.1 t=149753 -> @@3
in-si-den 
@ via @@4 b=744 p=0 d=568516
@ via @@5 b=2744 p=0 d=7584516
@ via @@6 b=7888 p=0 d=62378404
@@10: line 3.0 t=44386758 -> @@5
kla-im 
@ via @@4 b=179 p=0 d=35721
@ via @@5 b=1077 p=0 d=1181569
@ via @@6 b=3895 p=0 d=15249025
@ via @@7 b=7888 p=0 d=62378404
@@11: line 3.0 t=28056643 -> @@6
gan-da 
@ via @@4 b=13 p=0 d=529
@ via @@5 b=295 p=0 d=93025
@ via @@6 b=1635 p=0 d=2706025
@ via @@7 b=3803 p=0 d=14538969
@@12: line 3.0 t=15513643 -> @@6
(\T1/ptm/m/it/12 double-claim\T1/ptm/m/n/12 ) 
@ via @@6 b=56 p=0 d=4356
@ via @@7 b=369 p=0 d=143641
@ via @@8 b=2245 p=0 d=5085025
@ via @@9 b=7397 p=0 d=54863649
@@13: line 3.0 t=3506931 -> @@7
oleh 
@ via @@6 b=3 p=0 d=10169
@ via @@7 b=91 p=0 d=10201
@ via @@8 b=1024 p=0 d=1069156
@ via @@9 b=4144 p=0 d=17255716
@@14: line 3.0 t=1661096 -> @@8
pi-hak 
@ via @@7 b=3 p=0 d=10169
@ via @@8 b=301 p=0 d=96721
@ via @@9 b=1859 p=0 d=3493161
@ via @@10 b=4859 p=0 d=23707161
@@15: line 3.0 t=688661 -> @@8
la-in 
@ via @@8 b=86 p=0 d=9216
@ via @@9 b=914 p=0 d=853776
@ via @@10 b=2772 p=0 d=7739524
@ via @@11 b=5802 p=0 d=33779344
@@16: line 3.1 t=601156 -> @@8
pa-da 
@ via @@8 b=6 p=0 d=10256
@ via @@9 b=321 p=0 d=109561
@ via @@10 b=1303 p=0 d=1723969
@ via @@11 b=3078 p=0 d=9535744
@ via @@12 b=6445 p=0 d=41667025
@@17: line 3.0 t=259314 -> @@9
stok 
@ via @@8 b=11 p=0 d=10441
@ via @@9 b=88 p=0 d=9604
@ via @@10 b=565 p=0 d=330625
@ via @@11 b=1584 p=0 d=2540836
@ via @@12 b=3679 p=0 d=13608721
@@18: line 3.1 t=159357 -> @@9
yang 
@ via @@9 b=7 p=0 d=289
@ via @@10 b=168 p=0 d=31684
@ via @@11 b=649 p=0 d=434281
@ via @@12 b=1810 p=0 d=3312400
@@19: line 3.2 t=150042 -> @@9
sa-ma. 
@\par via @@10 b=0 p=-10000 d=10100
@\par via @@11 b=0 p=-10000 d=10100
@\par via @@12 b=0 p=-10000 d=10100
@\par via @@13 b=0 p=-10000 d=10100
@\par via @@14 b=0 p=-10000 d=10100
@\par via @@15 b=0 p=-10000 d=10100
@\par via @@16 b=0 p=-10000 d=100
@\par via @@17 b=0 p=-10000 d=10100
@\par via @@18 b=0 p=-10000 d=100
@\par via @@19 b=0 p=-10000 d=100
@@20: line 4.2- t=150142 -> @@19


Underfull \hbox (badness 10000) in paragraph at lines 513--514
[]\T1/ptm/m/n/12 Sistem ha-rus me-mung-kink-an Pe-ne-ri-ma me-la-kuk-an kla-im
 []


Underfull \hbox (badness 3250) in paragraph at lines 513--514
\T1/ptm/m/n/12 (\T1/ptm/m/it/12 bo-o-king/checkout\T1/ptm/m/n/12 ) pe-san-an ma-kan-an un-tuk men-ce-gah ter-ja-di-nya
 []

@firstpass
@secondpass
[]\T1/ptm/m/n/12 Sistem ha-rus me-nye-di-ak-an \T1/ptm/m/it/12 Fo-rum Re-qu-est \T1/ptm/m/n/12 yang me-mung-kink-an 
@ via @@0 b=2980 p=0 d=8950100
@@1: line 1.0 t=8950100 -> @@0
Pe-ne-ri-ma un-tuk me-mu-bli-ka-sik-an ke-bu-tuh-an spe-si-fik pan-ti/fasilitas 
@ via @@1 b=1831 p=0 d=3389281
@@2: line 2.0 t=12339381 -> @@1
so-si-al me-re-ka. 
@\par via @@2 b=0 p=-10000 d=10100
@@3: line 3.2- t=12349481 -> @@2


Underfull \hbox (badness 2980) in paragraph at lines 514--515
[]\T1/ptm/m/n/12 Sistem ha-rus me-nye-di-ak-an \T1/ptm/m/it/12 Fo-rum Re-qu-est \T1/ptm/m/n/12 yang me-mung-kink-an
 []


Underfull \hbox (badness 1831) in paragraph at lines 514--515
\T1/ptm/m/n/12 Pe-ne-ri-ma un-tuk me-mu-bli-ka-sik-an ke-bu-tuh-an spe-si-fik pan-ti/fasilitas
 []

@firstpass
[]\T1/ptm/b/n/12 Kebutuhan Modul Operasional Logistik dan Gamifikasi (Relawan) 
@\par via @@0 b=0 p=-10000 d=100
@@1: line 1.2- t=100 -> @@0

@firstpass
@secondpass
[]\T1/ptm/m/n/12 Sistem ha-rus me-nye-di-ak-an Pap-an Mi-si Pe-nu-gas-an (\T1/ptm/m/it/12 Mis-sions Bo-a-rd\T1/ptm/m/n/12 ) 
@ via @@0 b=174 p=0 d=43856
@@1: line 1.0 t=43856 -> @@0
yang me-rin-cik-an ti-tik pen-jem-put-an do-na-tur dan ti-tik se-rah te-ri-ma 
@ via @@1 b=870 p=0 d=774400
@@2: line 2.0 t=818256 -> @@1
akhir 
@ via @@1 b=0 p=0 d=10100
@@3: line 2.2 t=53956 -> @@1
ba-gi ar-ma-da Re-la-w-an. 
@\par via @@2 b=0 p=-10000 d=10100
@\par via @@3 b=0 p=-10000 d=100
@@4: line 3.2- t=54056 -> @@3

@firstpass
[]\T1/ptm/m/n/12 Sistem mewajibkan alur pemindaian silang (\T1/ptm/m/it/12 mandatory scan\T1/ptm/m/n/12 ) Kode QR 
@ via @@0 b=0 p=0 d=100
@@1: line 1.2 t=100 -> @@0
@secondpass
[]\T1/ptm/m/n/12 Sistem me-wa-jibk-an alur pe-min-da-i-an si-lang (\T1/ptm/m/it/12 man-da-tory sc-an\T1/ptm/m/n/12 ) Ko-de 
@ via @@0 b=332 p=0 d=126964
@@1: line 1.0 t=126964 -> @@0
QR 
@ via @@0 b=0 p=0 d=100
@@2: line 1.2 t=100 -> @@0
meng-gu-nak-an ka-me-ra apli-ka-si se-ba-gai pra-sya-rat mut-lak ve-ri-fi-ka-si 
@ via @@1 b=12 p=0 d=10484
@ via @@2 b=1377 p=0 d=1933769
@@3: line 2.2 t=137448 -> @@1
va-li-di-tas pe-nye-le-sa-i-an dis-tri-bu-si lo-gis-tik. 
@\par via @@3 b=0 p=-10000 d=100
@@4: line 3.2- t=137548 -> @@3

@firstpass
@secondpass
[]\T1/ptm/m/n/12 Sistem ha-rus di-leng-ka-pi me-sin al-go-ri-tma Ga-mi-fi-ka-si (\T1/ptm/m/it/12 Le-a-der-bo-a-rd 
@ via @@0 b=703 p=0 d=518369
@@1: line 1.0 t=518369 -> @@0
Ran-king Engi-ne\T1/ptm/m/n/12 ) yang se-ca-ra oto-ma-tis memp-ro-ses ke-te-pat-an wak-tu 
@ via @@1 b=301 p=0 d=96721
@@2: line 2.0 t=615090 -> @@1
mi-si 
@ via @@1 b=84 p=0 d=18836
@@3: line 2.3 t=537205 -> @@1
men-ja-di po-in pe-nga-lam-an (XP), la-lu meng-on-ver-si-nya men-ja-di 
@ via @@2 b=430 p=0 d=193600
@ via @@3 b=6842 p=0 d=46959904
@@4: line 3.0 t=808690 -> @@2
kas-ta 
@ via @@3 b=225 p=0 d=65225
@@5: line 3.0 t=602430 -> @@3
per-ing-kat atau me-da-li so-si-al. 
@\par via @@4 b=0 p=-10000 d=10100
@\par via @@5 b=0 p=-10000 d=10100
@@6: line 4.2- t=612530 -> @@5

@firstpass
[] 
@\par via @@0 b=0 p=-10000 d=100
@@1: line 1.2- t=100 -> @@0

File: image/Logo_Universitas_Telkom_Horizontal.png Graphic file (type png)
<use image/Logo_Universitas_Telkom_Horizontal.png>
Package pdftex.def Info: image/Logo_Universitas_Telkom_Horizontal.png  used on input line 522.
(pdftex.def)             Requested size: 77.11923pt x 34.14322pt.
@firstpass
[][] 
@ via @@0 b=0 p=0 d=100
@@1: line 1.2 t=100 -> @@0
|
@\par via @@0 b=0 p=-10000 d=100
@\par via @@1 b=0 p=-10000 d=100
@@2: line 1.2- t=100 -> @@0

@firstpass
[]
@\par via @@0 b=0 p=-10000 d=100
@@1: line 1.2- t=100 -> @@0

@firstpass
[] 
@\par via @@0 b=0 p=-10000 d=100
@@1: line 1.2- t=100 -> @@0

@firstpass
[]
@\par via @@0 b=0 p=-10000 d=100
@@1: line 1.2- t=100 -> @@0

@firstpass
[]\T1/ptm/m/n/12 35|
@\par via @@0 b=0 p=-10000 d=100
@@1: line 1.2- t=100 -> @@0

[35]
@firstpass
[]\T1/ptm/b/n/12 Kebutuhan Modul Pelacakan Dampak Sosial (SROI) 
@\par via @@0 b=0 p=-10000 d=100
@@1: line 1.2- t=100 -> @@0

@firstpass
@secondpass
[]\T1/ptm/m/n/12 Sistem ha-rus me-mi-li-ki Das-bor \T1/ptm/m/it/12 Sus-ta-i-na-bi-li-ty Im-pa-ct \T1/ptm/m/n/12 ter-pa-du yang 
@ via @@0 b=783 p=0 d=638849
@@1: line 1.0 t=638849 -> @@0
me-re-ka-pi-tu-la-si re-kam je-jak ak-ti-vi-tas do-na-si peng-gu-na. 
@\par via @@1 b=0 p=-10000 d=10100
@@2: line 2.2- t=648949 -> @@1

@firstpass
[]\T1/ptm/m/n/12 Sistem harus memiliki kalkulator lingkungan yang mampu mengonversi 
@ via @@0 b=79 p=0 d=7921
@@1: line 1.3 t=7921 -> @@0
@secondpass
[]\T1/ptm/m/n/12 Sistem ha-rus me-mi-li-ki kal-ku-la-tor ling-kung-an yang mam-pu meng-on-ver-si 
@ via @@0 b=79 p=0 d=7921
@@1: line 1.3 t=7921 -> @@0
ku-an-ti-tas por-si ma-kan-an yang ter-se-la-matk-an men-ja-di da-ta ana-li-tik 
@ via @@1 b=808 p=0 d=679124
@@2: line 2.0 t=687045 -> @@1
es-ti-ma-si ang-ka pe-ngu-rang-an emi-si je-jak kar-bon (kg CO$[]$) dan 
@ via @@2 b=3260 p=0 d=10692900
@@3: line 3.0 t=11379945 -> @@2
pe-les-ta-ri-an air (li-ter). 
@\par via @@3 b=0 p=-10000 d=10100
@@4: line 4.2- t=11390045 -> @@3


Underfull \hbox (badness 3260) in paragraph at lines 527--528
\T1/ptm/m/n/12 es-ti-ma-si ang-ka pe-ngu-rang-an emi-si je-jak kar-bon (kg CO$[]$) dan
 []

@firstpass
[]\T1/ptm/b/n/12 Kebutuhan Modul Konfigurasi Pusat (Admin dan SuperAdmin) 
@\par via @@0 b=0 p=-10000 d=100
@@1: line 1.2- t=100 -> @@0

@firstpass
@secondpass
[]\T1/ptm/m/n/12 Sistem ha-rus me-nye-di-ak-an \T1/ptm/m/it/12 Con-trol Pa-nel \T1/ptm/m/n/12 ope-ra-sio-nal ba-gi Admin 
@ via @@0 b=776 p=0 d=627796
@@1: line 1.0 t=627796 -> @@0
@emergencypass
[]\T1/ptm/m/n/12 Sistem ha-rus me-nye-di-ak-an \T1/ptm/m/it/12 Con-trol 
@ via @@0 b=7740 p=0 d=60072500
@@1: line 1.0 t=60072500 -> @@0
Pa-nel
@\kern via @@0 b=3838 p=0 d=14817104
@@2: line 1.0 t=14817104 -> @@0
 \T1/ptm/m/n/12 ope-ra-sio-nal 
@ via @@0 b=706 p=0 d=522656
@@3: line 1.0 t=522656 -> @@0
ba-gi 
@ via @@0 b=235 p=0 d=70025
@@4: line 1.0 t=70025 -> @@0
Admin 
@ via @@0 b=14 p=0 d=576
@@5: line 1.1 t=576 -> @@0
Pe-nge-lo-la 
@ via @@1 b=4060 p=0 d=16564900
@ via @@2 b=8094 p=0 d=65674816
@@6: line 2.0 t=76637400 -> @@1
un-tuk 
@ via @@1 b=1776 p=0 d=3189796
@ via @@2 b=4024 p=0 d=16273156
@@7: line 2.0 t=31090260 -> @@2
me-nin-da-klan-ju-ti 
@ via @@1 b=42 p=0 d=2704
@ via @@2 b=310 p=0 d=102400
@ via @@3 b=2426 p=0 d=5934096
@ via @@4 b=4686 p=0 d=22052416
@@8: line 2.0 t=6456752 -> @@3
pen-daf-tar-an 
@ via @@2 b=0 p=0 d=10100
@ via @@3 b=291 p=0 d=90601
@ via @@4 b=857 p=0 d=751689
@ via @@5 b=2790 p=0 d=7840000
@@9: line 2.0 t=613257 -> @@3
akun 
@ via @@3 b=51 p=0 d=3721
@ via @@4 b=257 p=0 d=71289
@ via @@5 b=1189 p=0 d=1437601
@ via @@6 b=4752 p=0 d=22676644
@@10: line 2.0 t=141314 -> @@4
ma-nu-al, 
@ via @@3 b=65 p=0 d=15625
@ via @@4 b=7 p=0 d=10289
@ via @@5 b=198 p=0 d=43264
@ via @@6 b=1552 p=0 d=2439844
@ via @@7 b=3769 p=0 d=14280841
@@11: line 2.0 t=43840 -> @@5
mem-be-kuk-an 
@ via @@6 b=63 p=0 d=5329
@ via @@7 b=409 p=0 d=175561
@ via @@8 b=4819 p=0 d=23319241
@@12: line 3.0 t=29775993 -> @@8
akun 
@ via @@6 b=2 p=0 d=10144
@ via @@7 b=85 p=0 d=9025
@ via @@8 b=2368 p=0 d=5654884
@@13: line 3.0 t=12111636 -> @@8
yang 
@ via @@7 b=4 p=0 d=10196
@ via @@8 b=1019 p=0 d=1058841
@ via @@9 b=4859 p=0 d=23707161
@@14: line 3.0 t=7515593 -> @@8
me-la-kuk-an 
@ via @@8 b=70 p=0 d=6400
@ via @@9 b=1152 p=0 d=1350244
@ via @@10 b=2608 p=0 d=6853924
@ via @@11 b=7133 p=0 d=51022449
@@15: line 3.0 t=1963501 -> @@9
pe-lang-gar-an, 
@ via @@9 b=48 p=0 d=3364
@ via @@10 b=275 p=0 d=81225
@ via @@11 b=1472 p=0 d=2196324
@ via @@12 b=7522 p=0 d=56731024
@@16: line 3.0 t=222539 -> @@10
dan 
@ via @@9 b=3 p=0 d=10169
@ via @@10 b=73 p=0 d=6889
@ via @@11 b=656 p=0 d=443556
@ via @@12 b=4391 p=0 d=19368801
@ via @@13 b=8075 p=0 d=65367225
@@17: line 3.1 t=148203 -> @@10
meng-e-lo-la 
@ via @@11 b=29 p=0 d=1521
@ via @@12 b=1062 p=0 d=1149184
@ via @@13 b=2452 p=0 d=6061444
@ via @@14 b=4954 p=0 d=24641296
@@18: line 3.1 t=45361 -> @@11
re-so-lu-si 
@ via @@12 b=193 p=0 d=41209
@ via @@13 b=670 p=0 d=462400
@ via @@14 b=1715 p=0 d=2975625
@ via @@15 b=6625 p=0 d=44023225
@@19: line 4.0 t=10491218 -> @@14
ti-ket 
@ via @@12 b=34 p=0 d=1936
@ via @@13 b=216 p=0 d=51076
@ via @@14 b=721 p=0 d=534361
@ via @@15 b=3635 p=0 d=13286025
@@20: line 4.0 t=8049954 -> @@14
ke-luh-an 
@ via @@13 b=6 p=0 d=10256
@ via @@14 b=94 p=0 d=10816
@ via @@15 b=1163 p=0 d=1375929
@ via @@16 b=5954 p=0 d=35569296
@@21: line 4.0 t=3339430 -> @@15
peng-gu-na 
@ via @@14 b=56 p=0 d=14356
@ via @@15 b=136 p=0 d=21316
@ via @@16 b=1810 p=0 d=3312400
@ via @@17 b=3323 p=0 d=11108889
@@22: line 4.0 t=1984817 -> @@15
me-la-lui 
@ via @@15 b=2 p=0 d=10144
@ via @@16 b=468 p=0 d=228484
@ via @@17 b=1067 p=0 d=1159929
@ via @@18 b=4454 p=0 d=19927296
@@23: line 4.0 t=451023 -> @@16
\T1/ptm/m/it/12 Sup-port 
@ via @@16 b=43 p=0 d=2809
@ via @@17 b=184 p=0 d=37636
@ via @@18 b=1515 p=0 d=2325625
@ via @@19 b=4391 p=0 d=19368801
@ via @@20 b=7851 p=0 d=61795321
@@24: line 4.0 t=185839 -> @@17
Re-qu-est 
@ via @@16 b=57 p=0 d=14489
@ via @@17 b=3 p=0 d=169
@ via @@18 b=329 p=0 d=114921
@ via @@19 b=1484 p=0 d=2232036
@ via @@20 b=3078 p=0 d=9535744
@ via @@21 b=7832 p=0 d=61496964
@@25: line 4.2 t=148372 -> @@17
Ma-na-ger\T1/ptm/m/n/12 . 
@\par via @@18 b=0 p=-10000 d=100
@\par via @@19 b=0 p=-10000 d=10100
@\par via @@20 b=0 p=-10000 d=10100
@\par via @@21 b=0 p=-10000 d=10100
@\par via @@22 b=0 p=-10000 d=10100
@\par via @@23 b=0 p=-10000 d=10100
@\par via @@24 b=0 p=-10000 d=10100
@\par via @@25 b=0 p=-10000 d=100
@@26: line 4.2- t=45461 -> @@18


Underfull \hbox (badness 10000) in paragraph at lines 532--533
\T1/ptm/m/n/12 Pe-nge-lo-la un-tuk me-nin-da-klan-ju-ti pen-daf-tar-an akun ma-nu-al,
 []


Underfull \hbox (badness 2035) in paragraph at lines 532--533
\T1/ptm/m/n/12 mem-be-kuk-an akun yang me-la-kuk-an pe-lang-gar-an, dan meng-e-lo-la
 []

@firstpass
[]\T1/ptm/m/n/12 Sistem harus menyediakan Dasbor Statistik Makro berupa peta panas 
@ via @@0 b=25 p=0 d=1225
@@1: line 1.1 t=1225 -> @@0
(\T1/ptm/m/it/12 heatmap\T1/ptm/m/n/12 ) penyebaran donasi pangan. 
@\par via @@1 b=0 p=-10000 d=100
@@2: line 2.2- t=1325 -> @@1

@firstpass
@secondpass
[]\T1/ptm/m/n/12 Sistem ha-rus me-nye-di-ak-an in-stru-men khu-sus ber-u-pa pa-nel \T1/ptm/m/it/12 Prompt 
@ via @@0 b=581 p=0 d=359281
@@1: line 1.0 t=359281 -> @@0
Engi-ne-e-ring In-je-ction\T1/ptm/m/n/12 . Pa-nel ini me-mung-kink-an Admin me-mo-di-fi-ka-si 
@ via @@1 b=5 p=0 d=10225
@@2: line 2.2 t=369506 -> @@1
atau me-na-jamk-an pa-ra-me-ter in-struk-si ba-tas to-le-ran-si AI se-ca-ra 
@ via @@2 b=3525 p=0 d=12506225
@@3: line 3.0 t=12875731 -> @@2
wak-tu 
@ via @@2 b=25 p=0 d=1225
@@4: line 3.1 t=370731 -> @@2
nya-ta (\T1/ptm/m/it/12 real-time\T1/ptm/m/n/12 ) tan-pa per-lu meng-u-bah ko-de sum-ber (\T1/ptm/m/it/12 so-ur-ce 
@ via @@3 b=145 p=0 d=24025
@ via @@4 b=5696 p=0 d=32558436
@@5: line 4.0 t=12899756 -> @@3
co-de\T1/ptm/m/n/12 ) 
@ via @@4 b=225 p=0 d=55225
@@6: line 4.0 t=425956 -> @@4
apli-ka-si. 
@\par via @@5 b=0 p=-10000 d=10100
@\par via @@6 b=0 p=-10000 d=10100
@@7: line 5.2- t=436056 -> @@6

@firstpass
@secondpass
[]\T1/ptm/m/n/12 Sistem ha-rus mem-be-ri hak pre-ro-ga-tif (\T1/ptm/m/it/12 Ma-in-te-nan-ce Mo-de Trig-ger\T1/ptm/m/n/12 ) 
@ via @@0 b=441 p=0 d=213401
@@1: line 1.0 t=213401 -> @@0
ke-pa-da Su-pe-rA-dmin un-tuk meng-en-da-lik-an pe-ngun-ci-an se-rver sa-at 
@ via @@1 b=1184 p=0 d=1425636
@@2: line 2.0 t=1639037 -> @@1
ter-ja-di pe-me-li-ha-ra-an, ser-ta me-man-tau re-kam log (\T1/ptm/m/it/12 sys-tem lo-gs\T1/ptm/m/n/12 ) 
@ via @@2 b=3942 p=0 d=15618304
@@3: line 3.0 t=17257341 -> @@2
se-lu-ruh 
@ via @@2 b=7 p=0 d=10289
@@4: line 3.2 t=1649326 -> @@2
ak-ti-vi-tas. 
@\par via @@3 b=0 p=-10000 d=10100
@\par via @@4 b=0 p=-10000 d=100
@@5: line 4.2- t=1649426 -> @@4


Underfull \hbox (badness 1184) in paragraph at lines 535--536
\T1/ptm/m/n/12 ke-pa-da Su-pe-rA-dmin un-tuk meng-en-da-lik-an pe-ngun-ci-an se-rver sa-at
 []

@firstpass
|[]\T1/ptm/b/n/14.4 Analisis Kebutuhan Dukungan Sistem| 
@\par via @@0 b=0 p=-10000 d=100
@@1: line 1.2- t=100 -> @@0

@firstpass
@secondpass
\T1/ptm/m/n/12 Analisis ke-bu-tuh-an du-kung-an sis-tem men-de-fi-ni-sik-an se-lu-ruh in-fras-truk-tur tek-nis, 
@ via @@0 b=2894 p=0 d=8443216
@@1: line 1.0 t=8443216 -> @@0
ba-ik 
@ via @@0 b=104 p=0 d=22996
@@2: line 1.0 t=22996 -> @@0
da-ri se-gi per-ang-kat lu-nak (\T1/ptm/m/it/12 sof-twa-re\T1/ptm/m/n/12 ), per-ang-kat ke-ras (\T1/ptm/m/it/12 ha-rdwa-re\T1/ptm/m/n/12 ), ma-u-pun 
@ via @@1 b=2158 p=0 d=4700224
@@3: line 2.0 t=13143440 -> @@1
kon-fi-gu-ra-si 
@ via @@2 b=60 p=0 d=4900
@@4: line 2.1 t=27896 -> @@2
ling-kung-an (\T1/ptm/m/it/12 en-vi-ro-nment\T1/ptm/m/n/12 ) yang di-sya-ratk-an agar pla-tform Fo-od AI 
@ via @@3 b=4242 p=0 d=18079504
@@5: line 3.0 t=31222944 -> @@3
Re-scue 
@ via @@3 b=46 p=0 d=3136
@@6: line 3.1 t=13146576 -> @@3
(FAR) 
@ via @@4 b=1097 p=0 d=1225449
@@7: line 3.0 t=1253345 -> @@4
da-pat 
@ via @@4 b=6 p=0 d=256
@@8: line 3.2 t=28152 -> @@4
ber-o-pe-ra-si se-ca-ra sta-bil. Meng-i-ngat pla-tform ini di-ran-cang 
@ via @@5 b=1248 p=0 d=1582564
@@9: line 4.0 t=32805508 -> @@5
meng-gu-nak-an 
@ via @@6 b=30 p=0 d=1600
@ via @@7 b=1742 p=0 d=3069504
@@10: line 4.0 t=4322849 -> @@7
ar-si-tek-tur 
@ via @@7 b=2 p=0 d=10144
@ via @@8 b=350 p=0 d=139600
@@11: line 4.0 t=167752 -> @@8
\T1/ptm/m/it/12 Client-Server \T1/ptm/m/n/12 yang ter-pi-sah an-ta-ra \T1/ptm/m/it/12 Fron-tend \T1/ptm/m/n/12 dan \T1/ptm/m/it/12 Bac-kend\T1/ptm/m/n/12 , 
@ via @@9 b=870 p=0 d=774400
@@12: line 5.0 t=33579908 -> @@9
ma-ka 
@ via @@9 b=0 p=0 d=10100
@@13: line 5.2 t=32815608 -> @@9
spe-si-fi-ka-si 
@ via @@10 b=126 p=0 d=18496
@@14: line 5.0 t=4341345 -> @@10
du-kung-an 
@ via @@11 b=89 p=0 d=9801
@@15: line 5.1 t=177553 -> @@11
sis-tem-nya di-u-ra-ik-an ke da-lam ti-ga ka-te-go-ri ber-i-kut: 
@\par via @@12 b=0 p=-10000 d=10100
@\par via @@13 b=0 p=-10000 d=100
@\par via @@14 b=0 p=-10000 d=10100
@\par via @@15 b=0 p=-10000 d=100
@@16: line 6.2- t=177653 -> @@15

@firstpass
[]\T1/ptm/b/n/12 Kebutuhan Perangkat Lunak (\T1/ptm/b/it/12 Software\T1/ptm/b/n/12 ) \T1/ptm/m/n/12 Untuk membangun dan menjalankan 
@ via @@0 b=1 p=0 d=121
@@1: line 1.2 t=121 -> @@0
@secondpass
[]\T1/ptm/b/n/12 Kebutuhan Per-ang-kat Lu-nak (\T1/ptm/b/it/12 Sof-twa-re\T1/ptm/b/n/12 ) \T1/ptm/m/n/12 Un-tuk mem-ba-ngun dan men-ja-lank-an 
@ via @@0 b=1 p=0 d=121
@@1: line 1.2 t=121 -> @@0
an-tar-mu-ka (\T1/ptm/m/it/12 User In-ter-fa-ce\T1/ptm/m/n/12 ) ser-ta lo-gi-ka pe-la-den (\T1/ptm/m/it/12 Server-Side\T1/ptm/m/n/12 ), sis-tem 
@ via @@1 b=5817 p=0 d=33963929
@@2: line 2.0 t=33964050 -> @@1
di-sya-ratk-an meng-gu-nak-an tum-puk-an tek-no-lo-gi (\T1/ptm/m/it/12 te-ch stack\T1/ptm/m/n/12 ) ter-ki-ni: 
@\par via @@2 b=0 p=-10000 d=10100
@@3: line 3.2- t=33974150 -> @@2


Underfull \hbox (badness 5817) in paragraph at lines 543--546
\T1/ptm/m/n/12 an-tar-mu-ka (\T1/ptm/m/it/12 User In-ter-fa-ce\T1/ptm/m/n/12 ) ser-ta lo-gi-ka pe-la-den (\T1/ptm/m/it/12 Server-Side\T1/ptm/m/n/12 ), sis-tem
 []

@firstpass
[] 
@\par via @@0 b=0 p=-10000 d=100
@@1: line 1.2- t=100 -> @@0

File: image/Logo_Universitas_Telkom_Horizontal.png Graphic file (type png)
<use image/Logo_Universitas_Telkom_Horizontal.png>
Package pdftex.def Info: image/Logo_Universitas_Telkom_Horizontal.png  used on input line 546.
(pdftex.def)             Requested size: 77.11923pt x 34.14322pt.
@firstpass
[][] 
@ via @@0 b=0 p=0 d=100
@@1: line 1.2 t=100 -> @@0
|
@\par via @@0 b=0 p=-10000 d=100
@\par via @@1 b=0 p=-10000 d=100
@@2: line 1.2- t=100 -> @@0

@firstpass
[]
@\par via @@0 b=0 p=-10000 d=100
@@1: line 1.2- t=100 -> @@0

@firstpass
[] 
@\par via @@0 b=0 p=-10000 d=100
@@1: line 1.2- t=100 -> @@0

@firstpass
[]
@\par via @@0 b=0 p=-10000 d=100
@@1: line 1.2- t=100 -> @@0

@firstpass
[]\T1/ptm/m/n/12 36|
@\par via @@0 b=0 p=-10000 d=100
@@1: line 1.2- t=100 -> @@0

[36]
@firstpass
@secondpass
[]\T1/ptm/b/n/12 Sisi Kli-en (\T1/ptm/b/it/12 Fron-tend\T1/ptm/b/n/12 )\T1/ptm/m/n/12 : Apli-ka-si an-tar-mu-ka di-ba-ngun meng-gu-nak-an 
@ via @@0 b=201 p=0 d=54521
@@1: line 1.0 t=54521 -> @@0
\T1/ptm/m/it/12 fra-me-work \T1/ptm/m/n/12 Re-a-ct.js (v19) yang di-kom-bi-na-sik-an de-ngan Type-Script 
@ via @@1 b=692 p=0 d=492804
@@2: line 2.0 t=547325 -> @@1
dan 
@ via @@1 b=0 p=0 d=10100
@@3: line 2.2 t=64621 -> @@1
\T1/ptm/m/it/12 bu-i-ld to-ol \T1/ptm/m/n/12 Vi-te agar da-pat di-ek-se-ku-si se-ca-ra mu-lus pa-da 
@ via @@2 b=3907 p=0 d=15342889
@@4: line 3.0 t=15890214 -> @@2
\T1/ptm/m/it/12 web 
@ via @@2 b=594 p=0 d=364816
@ via @@3 b=3492 p=0 d=12274004
@@5: line 3.0 t=912141 -> @@2
bro-wser
@\kern via @@3 b=24 p=0 d=1156
@@6: line 3.1 t=65777 -> @@3
 \T1/ptm/m/n/12 (me-la-lui an-tar-mu-ka \T1/cmtt/m/n/12 localhost:5173\T1/ptm/m/n/12 ). Tam-pil-an 
@ via @@4 b=2818 p=0 d=7997584
@@7: line 4.0 t=23887798 -> @@4
vi-su-al 
@ via @@4 b=10 p=0 d=10400
@ via @@5 b=1221 p=0 d=1515361
@@8: line 4.0 t=2427502 -> @@5
meng-u-sung 
@ via @@6 b=103 p=0 d=12769
@@9: line 4.0 t=78546 -> @@6
ga-ya \T1/ptm/m/it/12 Glass-mor-phism \T1/ptm/m/n/12 in-te-rak-tif, yang di-du-kung 
@ via @@7 b=1231 p=0 d=1540081
@@10: line 5.0 t=25427879 -> @@7
oleh 
@ via @@7 b=1 p=0 d=10121
@ via @@8 b=2753 p=0 d=7634169
@@11: line 5.0 t=10061671 -> @@8
ber-ba-gai 
@ via @@9 b=7796 p=0 d=60933636
@@12: line 5.0 t=61012182 -> @@9
pus-ta-ka 
@ via @@9 b=27 p=0 d=1369
@@13: line 5.1 t=79915 -> @@9
(\T1/ptm/m/it/12 li-brary\T1/ptm/m/n/12 ) khu-sus se-per-ti \T1/cmtt/m/n/12 react-leaflet
@\kern via @@10 b=4441 p=0 d=19811401
@@14: line 6.0 t=45239280 -> @@10
 \T1/ptm/m/n/12 un-tuk 
@ via @@10 b=25 p=0 d=1225
@ via @@11 b=2503 p=0 d=6315169
@@15: line 6.0 t=16376840 -> @@11
pe-me-ta-an 
@ via @@12 b=1540 p=0 d=2402500
@@16: line 6.0 t=63414682 -> @@12
ge-o-lo-ka-si,
@\kern via @@13 b=244 p=0 d=64516
@@17: line 6.0 t=144431 -> @@13
 \T1/cmtt/m/n/12 react-easy-crop \T1/ptm/m/n/12 un-tuk pe-nye-su-a-i-an 
@ via @@14 b=1895 p=0 d=3629025
@@18: line 7.0 t=48868305 -> @@14
(\T1/ptm/m/it/12 crop-ping\T1/ptm/m/n/12 ) 
@ via @@15 b=1 p=0 d=10121
@@19: line 7.2 t=16386961 -> @@15
fo-to 
@ via @@16 b=2707 p=0 d=7382089
@@20: line 7.0 t=70796771 -> @@16
pro-fil 
@ via @@16 b=0 p=0 d=10100
@@21: line 7.2 t=63424782 -> @@16
dan 
@ via @@17 b=2376 p=0 d=5692996
@@22: line 7.0 t=5837427 -> @@17
ma-kan-an, ser-ta \T1/cmtt/m/n/12 lucide-react \T1/ptm/m/n/12 un-tuk 
@ via @@18 b=2229 p=0 d=5013121
@@23: line 8.0 t=53881426 -> @@18
iko-no-gra-fi. 
@\par via @@19 b=0 p=-10000 d=100
@\par via @@20 b=0 p=-10000 d=10100
@\par via @@21 b=0 p=-10000 d=100
@\par via @@22 b=0 p=-10000 d=10100
@\par via @@23 b=0 p=-10000 d=10100
@@24: line 8.2- t=5847527 -> @@22


Underfull \hbox (badness 2376) in paragraph at lines 546--547
\T1/cmtt/m/n/12 react-easy-crop \T1/ptm/m/n/12 un-tuk pe-nye-su-a-i-an (\T1/ptm/m/it/12 crop-ping\T1/ptm/m/n/12 ) fo-to pro-fil dan
 []

@firstpass
[]\T1/ptm/b/n/12 Sisi Server (\T1/ptm/b/it/12 Backend\T1/ptm/b/n/12 )\T1/ptm/m/n/12 : Logika sistem dan manajemen pangkalan data 
@ via @@0 b=2 p=0 d=144
@@1: line 1.2 t=144 -> @@0
@secondpass
[]\T1/ptm/b/n/12 Sisi Se-rver (\T1/ptm/b/it/12 Bac-kend\T1/ptm/b/n/12 )\T1/ptm/m/n/12 : Lo-gi-ka sis-tem dan ma-na-je-men pang-kal-an 
@ via @@0 b=663 p=0 d=462929
@@1: line 1.0 t=462929 -> @@0
da-ta 
@ via @@0 b=2 p=0 d=144
@@2: line 1.2 t=144 -> @@0
ber-o-pe-ra-si da-lam ling-kung-an (\T1/ptm/m/it/12 en-vi-ro-nment\T1/ptm/m/n/12 ) No-de.js meng-gu-nak-an 
@ via @@1 b=2 p=0 d=10144
@ via @@2 b=1430 p=0 d=2083600
@@3: line 2.2 t=473073 -> @@1
\T1/ptm/m/it/12 fra-me-work \T1/ptm/m/n/12 API Exp-ress.js (v5.x) pa-da an-tar-mu-ka \T1/cmtt/m/n/12 localhost:5000\T1/ptm/m/n/12 . 
@ via @@3 b=126 p=0 d=28496
@@4: line 3.0 t=501569 -> @@3
Sis-tem ba-sis da-ta re-la-sio-nal di-ke-lo-la meng-gu-nak-an MySQL2 de-ngan 
@ via @@4 b=75 p=0 d=7225
@@5: line 4.1 t=508794 -> @@4
ske-ma \T1/ptm/m/it/12 da-ta-ba-se \T1/ptm/m/n/12 uta-ma \T1/cmtt/m/n/12 foodairescue\T1/ptm/m/n/12 . 
@\par via @@5 b=0 p=-10000 d=100
@@6: line 5.2- t=508894 -> @@5

@firstpass
@secondpass
[]\T1/ptm/b/n/12 Pustaka Mo-dul Pen-du-kung (\T1/ptm/b/it/12 Li-brary\T1/ptm/b/n/12 )\T1/ptm/m/n/12 : Pa-da si-si \T1/ptm/m/it/12 bac-kend\T1/ptm/m/n/12 , sis-tem 
@ via @@0 b=474 p=0 d=244256
@@1: line 1.0 t=244256 -> @@0
mem-bu-tuhk-an pus-ta-ka \T1/cmtt/m/n/12 bcryptjs \T1/ptm/m/n/12 un-tuk per-lin-dung-an enk-ri-psi ka-ta 
@ via @@1 b=621 p=0 d=398161
@@2: line 2.0 t=642417 -> @@1
san-di ber-la-pis, \T1/cmtt/m/n/12 nodemailer \T1/ptm/m/n/12 un-tuk la-yan-an \T1/ptm/m/it/12 Sim-ple Ma-il Pro-to-col
@\kern via @@2 b=1348 p=0 d=1844164
@@3: line 3.0 t=2486581 -> @@2
 \T1/ptm/m/n/12 (SMTP) no-ti-fi-ka-si, ser-ta \T1/cmtt/m/n/12 sharp \T1/ptm/m/n/12 se-ba-gai mo-dul komp-re-si dan 
@ via @@3 b=6173 p=0 d=38229489
@@4: line 4.0 t=40716070 -> @@3
ma-ni-pu-la-si 
@ via @@3 b=38 p=0 d=12304
@@5: line 4.3 t=2498885 -> @@3
gam-bar se-be-lum fo-to ma-kan-an di-ki-rim ke ja-ring-an 
@ via @@4 b=4120 p=0 d=17056900
@@6: line 5.0 t=57772970 -> @@4
AI. 
@\par via @@4 b=0 p=-10000 d=10100
@\par via @@5 b=0 p=-10000 d=100
@\par via @@6 b=0 p=-10000 d=10100
@@7: line 5.2- t=2498985 -> @@5


Underfull \hbox (badness 1348) in paragraph at lines 548--549
\T1/ptm/m/n/12 san-di ber-la-pis, \T1/cmtt/m/n/12 nodemailer \T1/ptm/m/n/12 un-tuk la-yan-an \T1/ptm/m/it/12 Sim-ple Ma-il Pro-to-col
 []

@firstpass
@secondpass
[]\T1/ptm/b/n/12 Layanan Pi-hak Ke-ti-ga (API AI)\T1/ptm/m/n/12 : Sis-tem sa-ngat ber-gan-tung 
@ via @@0 b=5954 p=0 d=35579296
@@1: line 1.0 t=35579296 -> @@0
pa-da 
@ via @@0 b=438 p=0 d=210704
@@2: line 1.0 t=210704 -> @@0
\T1/ptm/m/it/12 Ap-pli-ca-tion Pro-gram-ming In-ter-fa-ce \T1/ptm/m/n/12 (API) eks-ter-nal, khu-sus-nya 
@ via @@1 b=93 p=0 d=10609
@ via @@2 b=5832 p=0 d=34128964
@@3: line 2.0 t=34339668 -> @@2
\T1/ptm/m/it/12 Go-o-gle 
@ via @@2 b=5 p=0 d=10225
@@4: line 2.2 t=220929 -> @@2
Ge-mi-ni API \T1/ptm/m/n/12 (\T1/cmtt/m/n/12 @google/genai \T1/ptm/m/n/12 dan \T1/cmtt/m/n/12 @google/generative-ai\T1/ptm/m/n/12 ) 
@ via @@3 b=1 p=0 d=10121
@@5: line 3.2 t=34349789 -> @@3
se-ba-gai 
@ via @@4 b=0 p=0 d=100
@@6: line 3.2 t=221029 -> @@4
in-ti in-te-li-jen-si ``Po-li-si Pa-ngan'', ser-ta in-te-gra-si la-yan-an
@\kern via @@5 b=3849 p=0 d=14901881
@@7: line 4.0 t=49251670 -> @@5
 \T1/cmtt/m/n/12 pollinations.ai \T1/ptm/m/n/12 un-tuk men-du-kung fi-tur \T1/ptm/m/it/12 Eco Pac-ka-ging Ge-ne-ra-tor\T1/ptm/m/n/12 . 
@\par via @@7 b=0 p=-10000 d=10100
@@8: line 5.2- t=49261770 -> @@7


Underfull \hbox (badness 5832) in paragraph at lines 549--550
\T1/ptm/m/it/12 Ap-pli-ca-tion Pro-gram-ming In-ter-fa-ce \T1/ptm/m/n/12 (API) eks-ter-nal, khu-sus-nya
 []


Underfull \hbox (badness 3849) in paragraph at lines 549--550
\T1/ptm/m/n/12 se-ba-gai in-ti in-te-li-jen-si ``Po-li-si Pa-ngan'', ser-ta in-te-gra-si la-yan-an
 []

@firstpass
[]\T1/ptm/b/n/12 Kebutuhan Perangkat Keras (\T1/ptm/b/it/12 Hardware\T1/ptm/b/n/12 ) \T1/ptm/m/n/12 Karena pengembangan aplikasi Food 
@ via @@0 b=75 p=0 d=7225
@@1: line 1.3 t=7225 -> @@0
AI Rescue pada fase iterasi awal (v1) ditujukan untuk pengujian lokal, maka 
@ via @@1 b=63 p=0 d=15329
@@2: line 2.1 t=22554 -> @@1
dibutuhkan spesifikasi perangkat keras sebagai berikut: 
@\par via @@2 b=0 p=-10000 d=100
@@3: line 3.2- t=22654 -> @@2

@firstpass
@secondpass
[]\T1/ptm/b/n/12 Perangkat Pe-ngem-bang (\T1/ptm/b/it/12 De-ve-lo-pment\T1/ptm/b/n/12 )\T1/ptm/m/n/12 : Mem-bu-tuhk-an kom-pu-ter 
@ via @@0 b=874 p=0 d=791456
@@1: line 1.0 t=791456 -> @@0
per-so-nal (PC) atau lap-top yang se-pe-nuh-nya men-du-kung \T1/ptm/m/it/12 Cross-Platform
@\kern via @@1 b=28 p=0 d=11444
@@2: line 2.3 t=802900 -> @@1
 \T1/ptm/m/n/12 (Win-do-ws, Mac OS, ma-u-pun Li-nux). Me-sin pe-ngem-bang ha-rus 
@ via @@2 b=1038 p=0 d=1108304
@@3: line 3.0 t=1911204 -> @@2
mam-pu 
@ via @@2 b=13 p=0 d=529
@@4: line 3.3 t=803429 -> @@2
men-ja-lank-an \T1/ptm/m/it/12 lo-cal se-rver \T1/ptm/m/n/12 (se-per-ti Apa-che dan MySQL 
@ via @@3 b=3128 p=0 d=9847044
@@5: line 4.0 t=11758248 -> @@3
me-la-lui 
@ via @@3 b=0 p=0 d=10100
@ via @@4 b=3128 p=0 d=9857044
@@6: line 4.2 t=1921304 -> @@3
XAMPP/Laragon) ser-ta meng-ek-se-ku-si mi-ni-mal dua ter-mi-nal 
@ via @@5 b=104 p=0 d=12996
@@7: line 5.0 t=11771244 -> @@5
\T1/ptm/m/it/12 Com-mand 
@ via @@6 b=17 p=0 d=729
@@8: line 5.3 t=1922033 -> @@6
No-de.js \T1/ptm/m/n/12 se-ca-ra se-ren-tak (un-tuk \T1/ptm/m/it/12 Fron-tend \T1/ptm/m/n/12 dan \T1/ptm/m/it/12 Bac-kend\T1/ptm/m/n/12 ). 
@\par via @@7 b=0 p=-10000 d=10100
@\par via @@8 b=0 p=-10000 d=100
@@9: line 6.2- t=1922133 -> @@8


Underfull \hbox (badness 1038) in paragraph at lines 555--556
\T1/ptm/m/n/12 (Win-do-ws, Mac OS, ma-u-pun Li-nux). Me-sin pe-ngem-bang ha-rus
 []

@firstpass
@secondpass
[]\T1/ptm/b/n/12 Perangkat Peng-gu-na (Kli-en)\T1/ptm/m/n/12 : Peng-gu-na mem-bu-tuhk-an per-ang-kat 
@ via @@0 b=628 p=0 d=417044
@@1: line 1.0 t=417044 -> @@0
se-lu-ler pin-tar (\T1/ptm/m/it/12 smar-tpho-ne\T1/ptm/m/n/12 ) atau kom-pu-ter yang di-leng-ka-pi de-ngan 
@ via @@1 b=494 p=0 d=254016
@@2: line 2.0 t=671060 -> @@1
ko-nek-si in-ter-net yang sta-bil dan \T1/ptm/m/it/12 bro-wser \T1/ptm/m/n/12 mo-dern. Khu-sus 
@ via @@2 b=6332 p=0 d=40220964
@@3: line 3.0 t=40892024 -> @@2
un-tuk 
@ via @@2 b=688 p=0 d=487204
@@4: line 3.0 t=1158264 -> @@2
Do-na-tur, Pe-ne-ri-ma, dan Re-la-w-an, per-ang-kat fi-sik \T1/ptm/b/n/12 wa-jib 
@ via @@3 b=3219 p=0 d=10426441
@@5: line 4.0 t=51318465 -> @@3
di-leng-ka-pi 
@ via @@4 b=204 p=0 d=45796
@@6: line 4.0 t=1204060 -> @@4
de-ngan fi-tur ka-me-ra yang ber-fung-si se-ca-ra nor-mal
@\kern via @@5 b=681 p=0 d=477481
@@7: line 5.0 t=51795946 -> @@5
 \T1/ptm/m/n/12 gu-na 
@ via @@5 b=7 p=0 d=10289
@ via @@6 b=8132 p=0 d=66292164
@@8: line 5.2 t=51328754 -> @@5
me-mfa-si-li-ta-si pe-ngam-bil-an fo-to ma-kan-an do-na-si dan pe-min-da-i-an 
@ via @@7 b=2 p=0 d=10144
@ via @@8 b=2096 p=0 d=4445236
@@9: line 6.2 t=51806090 -> @@7
wa-jib 
@ via @@8 b=0 p=0 d=100
@@10: line 6.2 t=51328854 -> @@8
(\T1/ptm/m/it/12 man-da-tory sc-an\T1/ptm/m/n/12 ) Ko-de QR sa-at pro-ses va-li-da-si se-rah 
@ via @@9 b=5607 p=0 d=31560689
@@11: line 7.0 t=83366779 -> @@9
te-ri-ma. 
@\par via @@9 b=0 p=-10000 d=100
@\par via @@10 b=0 p=-10000 d=100
@\par via @@11 b=0 p=-10000 d=10100
@@12: line 7.2- t=51328954 -> @@10


Underfull \hbox (badness 6332) in paragraph at lines 556--557
\T1/ptm/m/n/12 ko-nek-si in-ter-net yang sta-bil dan \T1/ptm/m/it/12 bro-wser \T1/ptm/m/n/12 mo-dern. Khu-sus
 []


Underfull \hbox (badness 3219) in paragraph at lines 556--557
\T1/ptm/m/n/12 un-tuk Do-na-tur, Pe-ne-ri-ma, dan Re-la-w-an, per-ang-kat fi-sik \T1/ptm/b/n/12 wa-jib
 []

@firstpass
[] 
@\par via @@0 b=0 p=-10000 d=100
@@1: line 1.2- t=100 -> @@0

File: image/Logo_Universitas_Telkom_Horizontal.png Graphic file (type png)
<use image/Logo_Universitas_Telkom_Horizontal.png>
Package pdftex.def Info: image/Logo_Universitas_Telkom_Horizontal.png  used on input line 557.
(pdftex.def)             Requested size: 77.11923pt x 34.14322pt.
@firstpass
[][] 
@ via @@0 b=0 p=0 d=100
@@1: line 1.2 t=100 -> @@0
|
@\par via @@0 b=0 p=-10000 d=100
@\par via @@1 b=0 p=-10000 d=100
@@2: line 1.2- t=100 -> @@0

@firstpass
[]
@\par via @@0 b=0 p=-10000 d=100
@@1: line 1.2- t=100 -> @@0

@firstpass
[] 
@\par via @@0 b=0 p=-10000 d=100
@@1: line 1.2- t=100 -> @@0

@firstpass
[]
@\par via @@0 b=0 p=-10000 d=100
@@1: line 1.2- t=100 -> @@0

@firstpass
[]\T1/ptm/m/n/12 37|
@\par via @@0 b=0 p=-10000 d=100
@@1: line 1.2- t=100 -> @@0

[37]
@firstpass
[]\T1/ptm/b/n/12 Kebutuhan Konfigurasi Lingkungan (\T1/ptm/b/it/12 Environment Variables\T1/ptm/b/n/12 ) 
@\par via @@0 b=0 p=-10000 d=100
@@1: line 1.2- t=100 -> @@0

LaTeX Font Info:    Font shape `T1/cmtt/bx/n' in size <12> not available
(Font)              Font shape `T1/cmtt/m/n' tried instead on input line 561.
@firstpass
@secondpass
[]\T1/ptm/b/n/12 Sistem Kre-den-si-al \T1/cmtt/m/n/12 .env\T1/ptm/m/n/12 : Agar sis-tem da-pat ber-jal-an se-ca-ra 
@ via @@0 b=4927 p=0 d=24383969
@@1: line 1.0 t=24383969 -> @@0
utuh, 
@ via @@0 b=389 p=0 d=169201
@@2: line 1.0 t=169201 -> @@0
ar-si-tek-tur FAR mem-bu-tuhk-an pe-nga-tur-an ra-ha-sia ber-ba-sis 
@ via @@1 b=3407 p=0 d=11675889
@@3: line 2.0 t=36059858 -> @@1
\T1/cmtt/m/n/12 .env
@\kern via @@1 b=31 p=0 d=1681
@\kern via @@2 b=3735 p=0 d=14025025
@@4: line 2.0 t=14194226 -> @@2
 \T1/ptm/m/n/12 pa-da 
@ via @@2 b=57 p=0 d=4489
@@5: line 2.1 t=173690 -> @@2
\T1/ptm/m/it/12 ro-ot pa-th \T1/ptm/m/n/12 di-rek-to-ri pro-yek. Kon-fi-gu-ra-si ini di-wa-jibk-an 
@ via @@3 b=419 p=0 d=184041
@ via @@4 b=4291 p=0 d=18498601
@@6: line 3.0 t=32692827 -> @@4
me-mu-at 
@ via @@4 b=59 p=0 d=4761
@ via @@5 b=1590 p=0 d=2560000
@@7: line 3.0 t=2733690 -> @@5
pa-ra-me-ter se-per-ti \T1/ptm/m/it/12 port da-ta-ba-se\T1/ptm/m/n/12 , URL pang-kal-an da-ta, 
@ via @@6 b=2726 p=0 d=7485696
@@8: line 4.0 t=40178523 -> @@6
san-di 
@ via @@6 b=37 p=0 d=2209
@ via @@7 b=5924 p=0 d=35212356
@@9: line 4.1 t=32695036 -> @@6
ak-ses 
@ via @@7 b=369 p=0 d=143641
@@10: line 4.0 t=2877331 -> @@7
\T1/ptm/m/it/12 lo-cal-host\T1/ptm/m/n/12 , dan yang pa-ling kru-si-al ada-lah kun-ci 
@ via @@8 b=5939 p=0 d=35390601
@@11: line 5.0 t=75569124 -> @@8
ra-ha-sia 
@ via @@8 b=200 p=0 d=44100
@ via @@9 b=3657 p=0 d=13446889
@@12: line 5.0 t=40222623 -> @@8
ek-se-ku-tif 
@ via @@9 b=0 p=0 d=100
@ via @@10 b=936 p=0 d=894916
@@13: line 5.0 t=3772247 -> @@10
ber-u-pa
@\kern via @@10 b=32 p=0 d=11764
@@14: line 5.3 t=2889095 -> @@10
 \T1/cmtt/m/n/12 VITE_GEMINI_API_KEY\T1/ptm/m/n/12 . Tan-pa ada-nya 
@ via @@11 b=4846 p=0 d=23580736
@@15: line 6.0 t=99149860 -> @@11
va-ri-a-bel 
@ via @@12 b=3158 p=0 d=10036224
@@16: line 6.0 t=50258847 -> @@12
kun-ci 
@ via @@12 b=2 p=0 d=10144
@@17: line 6.2 t=40232767 -> @@12
API 
@ via @@13 b=1024 p=0 d=1069156
@@18: line 6.0 t=4841403 -> @@13
ini 
@ via @@13 b=23 p=0 d=1089
@ via @@14 b=6493 p=0 d=42299009
@@19: line 6.1 t=3773336 -> @@13
ter-kon-fi-gu-ra-si de-ngan be-nar, sis-tem va-li-da-si 
@ via @@15 b=350 p=0 d=129600
@@20: line 7.0 t=99279460 -> @@15
ce-rdas 
@ via @@16 b=845 p=0 d=731025
@@21: line 7.0 t=50989872 -> @@16
dan 
@ via @@16 b=21 p=0 d=961
@ via @@17 b=1895 p=0 d=3639025
@@22: line 7.0 t=43871792 -> @@17
ke-se-lu-ruh-an 
@ via @@18 b=0 p=0 d=10100
@ via @@19 b=211 p=0 d=48841
@@23: line 7.0 t=3822177 -> @@19
pin-tu ma-suk apli-ka-si ti-dak ak-an me-res-pon 
@ via @@20 b=527 p=0 d=288369
@@24: line 8.0 t=99567829 -> @@20
per-in-tah. 
@\par via @@21 b=0 p=-10000 d=10100
@\par via @@22 b=0 p=-10000 d=10100
@\par via @@23 b=0 p=-10000 d=10100
@\par via @@24 b=0 p=-10000 d=10100
@@25: line 8.2- t=3832277 -> @@23


Underfull \hbox (badness 1590) in paragraph at lines 561--562
\T1/ptm/m/it/12 ro-ot pa-th \T1/ptm/m/n/12 di-rek-to-ri pro-yek. Kon-fi-gu-ra-si ini di-wa-jibk-an me-mu-at
 []

@firstpass
|[]\T1/ptm/b/n/17.28 Analisis Kinerja Sistem| 
@\par via @@0 b=0 p=-10000 d=100
@@1: line 1.2- t=100 -> @@0

@firstpass
\T1/ptm/m/n/12 Kinerja sistem merepresentasikan standar minimum dan tolok ukur (\T1/ptm/m/it/12 benchmark\T1/ptm/m/n/12 ) yang 
@ via @@0 b=64 p=0 d=5476
@@1: line 1.1 t=5476 -> @@0
diterapkan guna memastikan seluruh ekosistem aplikasi Food AI Rescue, khususnya pada 
@ via @@1 b=12 p=0 d=484
@@2: line 2.2 t=5960 -> @@1
Modul Konfigurasi Pusat (Admin) dan Dasbor Dampak Sosial (SROI), mampu beroperasi 
@ via @@2 b=23 p=0 d=1089
@@3: line 3.3 t=7049 -> @@2
selaras dengan spesifikasi dan perancangan fungsionalnya. Proses evaluasi kinerja dalam 
@ via @@3 b=0 p=0 d=100
@@4: line 4.2 t=7149 -> @@3
@secondpass
\T1/ptm/m/n/12 Kinerja sis-tem me-rep-re-sen-ta-sik-an stan-dar mi-ni-mum dan to-lok ukur (\T1/ptm/m/it/12 ben-ch-mark\T1/ptm/m/n/12 ) 
@ via @@0 b=2189 p=0 d=4845601
@@1: line 1.0 t=4845601 -> @@0
yang 
@ via @@0 b=64 p=0 d=5476
@@2: line 1.1 t=5476 -> @@0
di-te-rapk-an gu-na me-mas-tik-an se-lu-ruh eko-sis-tem apli-ka-si Fo-od AI Re-scue, 
@ via @@1 b=2818 p=0 d=7997584
@@3: line 2.0 t=12843185 -> @@1
khu-sus-nya 
@ via @@1 b=20 p=0 d=10900
@ via @@2 b=235 p=0 d=60025
@@4: line 2.0 t=65501 -> @@2
pa-da 
@ via @@2 b=12 p=0 d=484
@@5: line 2.2 t=5960 -> @@2
Mo-dul Kon-fi-gu-ra-si Pu-sat (Admin) dan Das-bor Dam-pak So-si-al 
@ via @@3 b=2809 p=0 d=7946761
@@6: line 3.0 t=20789946 -> @@3
(SROI), 
@ via @@3 b=10 p=0 d=10400
@ via @@4 b=5563 p=0 d=31058329
@@7: line 3.2 t=12853585 -> @@3
mam-pu 
@ via @@4 b=204 p=0 d=45796
@ via @@5 b=2689 p=0 d=7294601
@@8: line 3.0 t=111297 -> @@4
ber-o-pe-ra-si 
@ via @@5 b=23 p=0 d=1089
@@9: line 3.3 t=7049 -> @@5
se-la-ras de-ngan spe-si-fi-ka-si dan per-an-cang-an fung-sio-nal-nya. 
@ via @@6 b=76 p=0 d=7396
@ via @@7 b=7869 p=0 d=62088641
@@10: line 4.1 t=20797342 -> @@6
Pro-ses 
@ via @@7 b=116 p=0 d=25876
@ via @@8 b=4569 p=0 d=20967241
@@11: line 4.0 t=12879461 -> @@7
eva-lu-a-si 
@ via @@8 b=73 p=0 d=6889
@ via @@9 b=7777 p=0 d=60647369
@@12: line 4.1 t=118186 -> @@8
ki-ner-ja 
@ via @@9 b=607 p=0 d=390689
@@13: line 4.0 t=397738 -> @@9
da-lam 
@ via @@9 b=0 p=0 d=100
@@14: line 4.2 t=7149 -> @@9
pe-ngem-bang-an pla-tform ini di-ti-tik-be-ratk-an pa-da 
@ via @@10 b=4441 p=0 d=19811401
@@15: line 5.0 t=40608743 -> @@10
li-ma 
@ via @@10 b=443 p=0 d=205209
@ via @@11 b=7595 p=0 d=57836025
@@16: line 5.0 t=21002551 -> @@10
as-pek 
@ via @@10 b=13 p=0 d=10529
@ via @@11 b=677 p=0 d=471969
@@17: line 5.0 t=13351430 -> @@11
uta-ma, 
@ via @@11 b=27 p=0 d=11369
@ via @@12 b=1194 p=0 d=1449616
@@18: line 5.0 t=1567802 -> @@12
me-li-pu-ti: 
@ via @@13 b=427 p=0 d=190969
@ via @@14 b=6380 p=0 d=40842100
@@19: line 5.0 t=588707 -> @@13
fung-sio-na-li-tas an-tar-mu-ka per-ang-kat lu-nak, ke-an-dal-an 
@ via @@15 b=812 p=0 d=675684
@ via @@16 b=5652 p=0 d=32058244
@@20: line 6.0 t=41284427 -> @@15
ser-ta 
@ via @@15 b=10 p=0 d=10400
@ via @@16 b=721 p=0 d=534361
@ via @@17 b=7116 p=0 d=50779876
@@21: line 6.0 t=21536912 -> @@16
sta-bi-li-tas 
@ via @@17 b=111 p=0 d=14641
@ via @@18 b=4556 p=0 d=20848356
@@22: line 6.0 t=13366071 -> @@17
ja-lur 
@ via @@18 b=477 p=0 d=237169
@@23: line 6.0 t=1804971 -> @@18
ko-mu-ni-ka-si 
@ via @@19 b=131 p=0 d=19881
@@24: line 6.0 t=608588 -> @@19
da-ta (ter-u-ta-ma in-te-gra-si \T1/ptm/m/it/12 Go-o-gle Ge-mi-ni API\T1/ptm/m/n/12 ), 
@ via @@20 b=3460 p=0 d=12040900
@@25: line 7.0 t=53325327 -> @@20
ting-kat 
@ via @@20 b=77 p=0 d=7569
@ via @@21 b=1755 p=0 d=3115225
@@26: line 7.0 t=24652137 -> @@21
res-pon-si-vi-tas 
@ via @@22 b=265 p=0 d=75625
@ via @@23 b=3568 p=0 d=12802084
@@27: line 7.0 t=13441696 -> @@22
ke-a-man-an 
@ via @@23 b=25 p=0 d=11225
@ via @@24 b=5504 p=0 d=30404196
@@28: line 7.3 t=1816196 -> @@23
sis-tem, 
@ via @@24 b=140 p=0 d=22500
@@29: line 7.0 t=631088 -> @@24
efi-si-en-si ba-sis da-ta, dan me-trik ke-ce-pat-an 
@ via @@25 b=1205 p=0 d=1476225
@@30: line 8.0 t=54801552 -> @@25
mu-at 
@ via @@25 b=27 p=0 d=1369
@ via @@26 b=2285 p=0 d=5267025
@@31: line 8.0 t=29919162 -> @@26
ha-lam-an 
@ via @@26 b=2 p=0 d=10144
@ via @@27 b=6927 p=0 d=48121969
@@32: line 8.2 t=24662281 -> @@26
(\T1/ptm/m/it/12 pa-ge 
@ via @@27 b=958 p=0 d=937024
@@33: line 8.0 t=14378720 -> @@27
lo-ad\T1/ptm/m/n/12 ). 
@ via @@27 b=7 p=0 d=10289
@ via @@28 b=3199 p=0 d=10307681
@@34: line 8.0 t=12123877 -> @@28
Ru-ang 
@ via @@28 b=108 p=0 d=23924
@ via @@29 b=2181 p=0 d=4800481
@@35: line 8.0 t=1840120 -> @@28
ling-kup 
@ via @@29 b=78 p=0 d=7744
@@36: line 8.1 t=638832 -> @@29
pe-ngu-kur-an ki-ner-ja ini ti-dak 
@ via @@30 b=7667 p=0 d=58936329
@@37: line 9.0 t=113737881 -> @@30
me-li-batk-an 
@ via @@30 b=214 p=0 d=50176
@ via @@31 b=2119 p=0 d=4532641
@@38: line 9.0 t=34451803 -> @@31
pe-ngu-ji-an 
@ via @@31 b=1 p=0 d=10121
@ via @@32 b=1436 p=0 d=2100916
@@39: line 9.0 t=26763197 -> @@32
ke-ta-han-an 
@ via @@32 b=12 p=0 d=484
@ via @@33 b=246 p=0 d=65536
@ via @@34 b=6910 p=0 d=47886400
@@40: line 9.0 t=14444256 -> @@33
per-ang-kat 
@ via @@34 b=16 p=0 d=676
@ via @@35 b=2680 p=0 d=7236100
@@41: line 9.0 t=9076220 -> @@35
ke-ras 
@ via @@35 b=78 p=0 d=7744
@ via @@36 b=5446 p=0 d=29767936
@@42: line 9.1 t=1847864 -> @@35
fi-sik 
@ via @@36 b=695 p=0 d=497025
@@43: line 9.0 t=1135857 -> @@36
(\T1/ptm/m/it/12 ha-rdwa-re\T1/ptm/m/n/12 ) di la-pang-an, 
@ via @@37 b=4492 p=0 d=20268004
@@44: line 10.0 t=134005885 -> @@37
me-la-ink-an 
@ via @@37 b=2 p=0 d=10144
@ via @@38 b=4940 p=0 d=24502500
@@45: line 10.0 t=58954303 -> @@38
di-ba-ta-si 
@ via @@38 b=62 p=0 d=5184
@ via @@39 b=8189 p=0 d=67223601
@@46: line 10.1 t=34456987 -> @@38
se-ca-ra 
@ via @@39 b=681 p=0 d=477481
@@47: line 10.0 t=27240678 -> @@39
ke-tat 
@ via @@39 b=2 p=0 d=10144
@ via @@40 b=3977 p=0 d=15896169
@@48: line 10.2 t=26773341 -> @@39
pa-da 
@ via @@40 b=483 p=0 d=243049
@@49: line 10.0 t=14687305 -> @@40
do-ma-in 
@ via @@40 b=99 p=0 d=21881
@ via @@41 b=1221 p=0 d=1515361
@ via @@42 b=7649 p=0 d=58660281
@@50: line 10.0 t=10591581 -> @@41
re-ka-ya-sa 
@ via @@41 b=3 p=0 d=10169
@ via @@42 b=271 p=0 d=78961
@ via @@43 b=2617 p=0 d=6901129
@@51: line 10.0 t=1926825 -> @@42
per-ang-kat 
@ via @@43 b=0 p=0 d=10100
@@52: line 10.2 t=1145957 -> @@43
lu-nak de-ngan 
@ via @@44 b=2980 p=0 d=8940100
@@53: line 11.0 t=142945985 -> @@44
rin-ci-an 
@ via @@44 b=46 p=0 d=3136
@ via @@45 b=7030 p=0 d=49561600
@@54: line 11.0 t=108515903 -> @@45
stan-dar 
@ via @@45 b=427 p=0 d=190969
@ via @@46 b=7907 p=0 d=62678889
@@55: line 11.0 t=59145272 -> @@45
pe-ngu-ji-an 
@ via @@46 b=122 p=0 d=17424
@ via @@47 b=3343 p=0 d=11242609
@@56: line 11.0 t=34474411 -> @@46
se-ba-gai 
@ via @@47 b=40 p=0 d=2500
@ via @@48 b=1448 p=0 d=2135764
@@57: line 11.1 t=27243178 -> @@47
ber-i-kut: 
@\par via @@48 b=0 p=-10000 d=100
@\par via @@49 b=0 p=-10000 d=10100
@\par via @@50 b=0 p=-10000 d=10100
@\par via @@51 b=0 p=-10000 d=10100
@\par via @@52 b=0 p=-10000 d=100
@\par via @@53 b=0 p=-10000 d=10100
@\par via @@54 b=0 p=-10000 d=10100
@\par via @@55 b=0 p=-10000 d=10100
@\par via @@56 b=0 p=-10000 d=10100
@\par via @@57 b=0 p=-10000 d=100
@@58: line 11.2- t=1146057 -> @@52

@firstpass
[]\T1/ptm/b/n/12 Kinerja Waktu Respons dan Pemrosesan Media (\T1/ptm/b/it/12 Response Time & Media 
@ via @@0 b=31 p=0 d=1681
@@1: line 1.1 t=1681 -> @@0
Processing\T1/ptm/b/n/12 ) 
@\penalty via @@1 b=0 p=-10000 d=100
@@2: line 2.2 t=1781 -> @@1
\T1/ptm/m/n/12 Mengingat sistem mengirimkan data visual ke server AI, kinerja waktu respons 
@ via @@2 b=1 p=0 d=121
@@3: line 3.2 t=1902 -> @@2
dijaga melalui optimalisasi \T1/ptm/m/it/12 payload \T1/ptm/m/n/12 menggunakan pustaka \T1/cmtt/m/n/12 sharp\T1/ptm/m/n/12 . Selain itu, 
@ via @@3 b=45 p=0 d=3025
@@4: line 4.1 t=4927 -> @@3
penggunaan Vite pada React.js memastikan waktu muat halaman yang sangat 
@ via @@4 b=46 p=0 d=3136
@@5: line 5.1 t=8063 -> @@4
cepat serta transisi antar-menu yang mulus. 
@\par via @@5 b=0 p=-10000 d=100
@@6: line 6.2- t=8163 -> @@5

@firstpass
[]\T1/ptm/b/n/12 Kinerja Akurasi dan Keandalan AI (\T1/ptm/b/it/12 AI Accuracy & Reliability\T1/ptm/b/n/12 ) 
@\penalty via @@0 b=0 p=-10000 d=100
@@1: line 1.2 t=100 -> @@0
\T1/ptm/m/n/12 Sistem dirancang tangguh untuk mitigasi bias deteksi (Anti-\T1/ptm/m/it/12 Clever Hans Effect\T1/ptm/m/n/12 ) 
@ via @@1 b=0 p=0 d=100
@@2: line 2.2 t=200 -> @@1
agar AI tidak keliru menilai kelayakan makanan. Ketahanan terhadap manipulasi 
@ via @@2 b=40 p=0 d=2500
@@3: line 3.3 t=2700 -> @@2
visual juga diperkuat melalui penajaman parameter \T1/ptm/m/it/12 Prompt Engineering \T1/ptm/m/n/12 pada 
@ via @@3 b=62 p=0 d=15184
@@4: line 4.1 t=17884 -> @@3
modul Admin. 
@\par via @@4 b=0 p=-10000 d=100
@@5: line 5.2- t=17984 -> @@4

@firstpass
[] 
@\par via @@0 b=0 p=-10000 d=100
@@1: line 1.2- t=100 -> @@0

File: image/Logo_Universitas_Telkom_Horizontal.png Graphic file (type png)
<use image/Logo_Universitas_Telkom_Horizontal.png>
Package pdftex.def Info: image/Logo_Universitas_Telkom_Horizontal.png  used on input line 576.
(pdftex.def)             Requested size: 77.11923pt x 34.14322pt.
@firstpass
[][] 
@ via @@0 b=0 p=0 d=100
@@1: line 1.2 t=100 -> @@0
|
@\par via @@0 b=0 p=-10000 d=100
@\par via @@1 b=0 p=-10000 d=100
@@2: line 1.2- t=100 -> @@0

@firstpass
[]
@\par via @@0 b=0 p=-10000 d=100
@@1: line 1.2- t=100 -> @@0

@firstpass
[] 
@\par via @@0 b=0 p=-10000 d=100
@@1: line 1.2- t=100 -> @@0

@firstpass
[]
@\par via @@0 b=0 p=-10000 d=100
@@1: line 1.2- t=100 -> @@0

@firstpass
[]\T1/ptm/m/n/12 38|
@\par via @@0 b=0 p=-10000 d=100
@@1: line 1.2- t=100 -> @@0

[38]
@firstpass
[]\T1/ptm/b/n/12 Kinerja Konkurensi dan Basis Data (\T1/ptm/b/it/12 Database Concurrency\T1/ptm/b/n/12 ) 
@\penalty via @@0 b=0 p=-10000 d=100
@@1: line 1.2 t=100 -> @@0
@secondpass
[]\T1/ptm/b/n/12 Kinerja Kon-ku-ren-si dan Ba-sis Da-ta (\T1/ptm/b/it/12 Da-ta-ba-se Con-cur-ren-cy\T1/ptm/b/n/12 ) 
@\penalty via @@0 b=0 p=-10000 d=100
@@1: line 1.2 t=100 -> @@0
\T1/ptm/m/n/12 Pencegahan kla-im gan-da (\T1/ptm/m/it/12 double-claim pre-ven-tion\T1/ptm/m/n/12 ) pa-da pang-kal-an da-ta 
@ via @@1 b=2384 p=0 d=5741236
@@2: line 2.0 t=5741336 -> @@1
MySQL2 di-la-kuk-an me-la-lui pe-na-ngan-an \T1/ptm/m/it/12 race-condition \T1/ptm/m/n/12 se-ca-ra \T1/ptm/m/it/12 real-time\T1/ptm/m/n/12 , 
@ via @@2 b=2941 p=0 d=8708401
@@3: line 3.0 t=14449737 -> @@2
se-hing-ga sta-tus in-ven-ta-ris da-pat di-per-ba-rui da-lam hi-tung-an mi-li-de-tik se-te-lah 
@ via @@3 b=285 p=0 d=87025
@@4: line 4.0 t=14536762 -> @@3
per-min-ta-an di-va-li-da-si. 
@\par via @@4 b=0 p=-10000 d=10100
@@5: line 5.2- t=14546862 -> @@4


Underfull \hbox (badness 2384) in paragraph at lines 577--579
\T1/ptm/m/n/12 Pencegahan kla-im gan-da (\T1/ptm/m/it/12 double-claim pre-ven-tion\T1/ptm/m/n/12 ) pa-da pang-kal-an da-ta
 []


Underfull \hbox (badness 2941) in paragraph at lines 577--579
\T1/ptm/m/n/12 MySQL2 di-la-kuk-an me-la-lui pe-na-ngan-an \T1/ptm/m/it/12 race-condition \T1/ptm/m/n/12 se-ca-ra \T1/ptm/m/it/12 real-time\T1/ptm/m/n/12 ,
 []

@firstpass
[]\T1/ptm/b/n/12 Kinerja Keamanan dan Validasi Lapangan (\T1/ptm/b/it/12 Security & Validation\T1/ptm/b/n/12 ) 
@\penalty via @@0 b=0 p=-10000 d=100
@@1: line 1.2 t=100 -> @@0
\T1/ptm/m/n/12 Keamanan data dijamin melalui enkripsi \T1/cmtt/m/n/12 bcryptjs \T1/ptm/m/n/12 sebelum disimpan. Untuk 
@ via @@1 b=22 p=0 d=1024
@@2: line 2.1 t=1124 -> @@1
@secondpass
[]\T1/ptm/b/n/12 Kinerja Ke-a-man-an dan Va-li-da-si La-pang-an (\T1/ptm/b/it/12 Se-cu-ri-ty & Va-li-da-tion\T1/ptm/b/n/12 ) 
@\penalty via @@0 b=0 p=-10000 d=100
@@1: line 1.2 t=100 -> @@0
\T1/ptm/m/n/12 Keamanan da-ta di-ja-min me-la-lui enk-ri-psi \T1/cmtt/m/n/12 bcryptjs \T1/ptm/m/n/12 se-be-lum di-simp-an. 
@ via @@1 b=4416 p=0 d=19599476
@@2: line 2.0 t=19599576 -> @@1
Un-tuk 
@ via @@1 b=22 p=0 d=1024
@@3: line 2.1 t=1124 -> @@1
va-li-da-si la-pang-an, sis-tem meng-gu-nak-an me-ka-nis-me wa-jib pin-dai 
@ via @@2 b=3049 p=0 d=9357481
@@4: line 3.0 t=28957057 -> @@2
(\T1/ptm/m/it/12 man-da-tory 
@ via @@3 b=145 p=0 d=24025
@@5: line 3.0 t=25149 -> @@3
sc-an\T1/ptm/m/n/12 ) Ko-de QR yang me-res-pon se-ca-ra in-st-an gu-na mem-per-ba-rui 
@ via @@4 b=117 p=0 d=16129
@@6: line 4.0 t=28973186 -> @@4
sta-tus 
@ via @@5 b=2253 p=0 d=5121169
@@7: line 4.0 t=5146318 -> @@5
pe-nye-le-sa-i-an tran-sak-si. 
@\par via @@6 b=0 p=-10000 d=10100
@\par via @@7 b=0 p=-10000 d=10100
@@8: line 5.2- t=5156418 -> @@7


Underfull \hbox (badness 2253) in paragraph at lines 580--582
\T1/ptm/m/it/12 sc-an\T1/ptm/m/n/12 ) Ko-de QR yang me-res-pon se-ca-ra in-st-an gu-na mem-per-ba-rui sta-tus
 []

@firstpass
[]\T1/ptm/b/n/12 Kinerja Komputasi Analitik dan Gamifikasi (\T1/ptm/b/it/12 Analytical Efficiency\T1/ptm/b/n/12 ) 
@\penalty via @@0 b=0 p=-10000 d=100
@@1: line 1.2 t=100 -> @@0
@secondpass
[]\T1/ptm/b/n/12 Kinerja Kom-pu-ta-si Ana-li-tik dan Ga-mi-fi-ka-si (\T1/ptm/b/it/12 Ana-lyti-cal Effi-ci-en-cy\T1/ptm/b/n/12 ) 
@\penalty via @@0 b=0 p=-10000 d=100
@@1: line 1.2 t=100 -> @@0
\T1/ptm/m/n/12 Sistem me-la-kuk-an kal-ku-la-si di-na-mis SROI un-tuk meng-hi-tung pe-ngu-rang-an 
@ via @@1 b=618 p=0 d=404384
@@2: line 2.0 t=404484 -> @@1
emi-si kar-bon (CO$[]$) dan peng-he-mat-an air se-ca-ra \T1/ptm/m/it/12 real-time\T1/ptm/m/n/12 . Al-go-ri-tma 
@ via @@2 b=2237 p=0 d=5049009
@@3: line 3.0 t=5453493 -> @@2
\T1/ptm/m/it/12 Le-a-der-bo-a-rd Ran-king \T1/ptm/m/n/12 ju-ga be-ker-ja efi-si-en di la-tar be-la-kang un-tuk dis-tri-bu-si 
@ via @@3 b=255 p=0 d=70225
@@4: line 4.0 t=5523718 -> @@3
po-in 
@ via @@3 b=3 p=0 d=10169
@@5: line 4.2 t=5463662 -> @@3
pe-nga-lam-an (XP) re-la-w-an. 
@\par via @@4 b=0 p=-10000 d=10100
@\par via @@5 b=0 p=-10000 d=100
@@6: line 5.2- t=5463762 -> @@5


Underfull \hbox (badness 2237) in paragraph at lines 583--585
\T1/ptm/m/n/12 emi-si kar-bon (CO$[]$) dan peng-he-mat-an air se-ca-ra \T1/ptm/m/it/12 real-time\T1/ptm/m/n/12 . Al-go-ri-tma
 []

)
@firstpass
[] 
@\par via @@0 b=0 p=-10000 d=100
@@1: line 1.2- t=100 -> @@0

File: image/Logo_Universitas_Telkom_Horizontal.png Graphic file (type png)
<use image/Logo_Universitas_Telkom_Horizontal.png>
Package pdftex.def Info: image/Logo_Universitas_Telkom_Horizontal.png  used on input line 27.
(pdftex.def)             Requested size: 77.11923pt x 34.14322pt.
@firstpass
[][] 
@ via @@0 b=0 p=0 d=100
@@1: line 1.2 t=100 -> @@0
|
@\par via @@0 b=0 p=-10000 d=100
@\par via @@1 b=0 p=-10000 d=100
@@2: line 1.2- t=100 -> @@0

@firstpass
[]
@\par via @@0 b=0 p=-10000 d=100
@@1: line 1.2- t=100 -> @@0

@firstpass
[] 
@\par via @@0 b=0 p=-10000 d=100
@@1: line 1.2- t=100 -> @@0

@firstpass
[]
@\par via @@0 b=0 p=-10000 d=100
@@1: line 1.2- t=100 -> @@0

@firstpass
[]\T1/ptm/m/n/12 39|
@\par via @@0 b=0 p=-10000 d=100
@@1: line 1.2- t=100 -> @@0

 [39]
@firstpass
|\T1/ptm/b/n/24.88 DAFTAR 
@ via @@0 b=0 p=0 d=100
@@1: line 1.2 t=100 -> @@0
PUSTAKA|
@\par via @@0 b=0 p=-10000 d=100
@\par via @@1 b=0 p=-10000 d=100
@@2: line 1.2- t=100 -> @@0

@firstpass
[]\T1/ptm/m/n/12 N. Rai, T. L. Pavankumar, B. Ghotra, dkk., ^^P  Essential Recycling and Repurposing 
@ via @@0 b=0 p=0 d=100
@@1: line 1.2 t=100 -> @@0
of Food Waste for Environment and Sustainability,^^Q \T1/ptm/m/it/12 Frontiers in Sustainable Food 
@ via @@1 b=0 p=0 d=100
@@2: line 2.2 t=200 -> @@1
Systems\T1/ptm/m/n/12 , vol. 9, hlm. 1 575 113, Jun. 2025. \T1/ptm/m/sc/12 doi\T1/ptm/m/n/12 : [][]$\T1/cmtt/m/n/12 10 . 3389 / fsufs . 2025 . 1575113$[][]\T1/ptm/m/n/12 . 
@\par via @@2 b=0 p=-10000 d=100
@@3: line 3.2- t=300 -> @@2

@firstpass
[]\T1/ptm/m/n/12 L. Yuliana, ^^P  Potensi Gerakan Anti Food Waste Dalam Penguatan Perekonomian 
@ via @@0 b=30 p=0 d=1600
@@1: line 1.1 t=1600 -> @@0
UMKM,^^Q \T1/ptm/m/it/12 Efektor\T1/ptm/m/n/12 , vol. 9, no. 2, hlm. 286^^U295, Dec. 2022. \T1/ptm/m/sc/12 doi\T1/ptm/m/n/12 : [][]$\T1/cmtt/m/n/12 10 . 29407 / e .
@\penalty via @@1 b=32 p=200 d=41764
@@2: line 2.1 t=43364 -> @@1
 v9i2 . 18647$[][]\T1/ptm/m/n/12 . 
@\par via @@2 b=0 p=-10000 d=100
@@3: line 3.2- t=43464 -> @@2

@firstpass
[]\T1/ptm/m/n/12 G. Prayitno, A. Auliah, L. Zuhriyah, dkk., ^^P  Exploring the Role of Food Security 
@ via @@0 b=10 p=0 d=400
@@1: line 1.2 t=400 -> @@0
in 
@ via @@0 b=1 p=0 d=121
@@2: line 1.2 t=121 -> @@0
Stunting Prevention Efforts in the Bondowoso Community, Indonesia,^^Q \T1/ptm/m/it/12 Societies\T1/ptm/m/n/12 , 
@ via @@2 b=4 p=0 d=196
@@3: line 2.2 t=317 -> @@2
vol. 15, no. 5, hlm. 135, May 2025. \T1/ptm/m/sc/12 doi\T1/ptm/m/n/12 : [][]$\T1/cmtt/m/n/12 10 . 3390 / soc15050135$[][]\T1/ptm/m/n/12 . 
@\par via @@3 b=0 p=-10000 d=100
@@4: line 3.2- t=417 -> @@3

@firstpass
[]\T1/ptm/m/n/12 M. A. Pujiyanto, F. A. Setyorini, E. S. Azizi, A. F. Cahyaningsih, dan M. Solekan, 
@ via @@0 b=0 p=0 d=100
@@1: line 1.2 t=100 -> @@0
^^P  Strategi Ketahanan Pangan Berkelanjutan Di Jawa Tengah: Menangani Inflasi, 
@ via @@1 b=99 p=0 d=11881
@@2: line 2.1 t=11981 -> @@1
@secondpass
[]\T1/ptm/m/n/12 M. A. Pu-ji-yan-to, F. A. Se-tyo-ri-ni, E. S. Azi-zi, A. F. Ca-hya-ning-sih, 
@ via @@0 b=7081 p=0 d=50292281
@@1: line 1.0 t=50292281 -> @@0
dan 
@ via @@0 b=2326 p=0 d=5466896
@@2: line 1.0 t=5466896 -> @@0
M.
@\penalty via @@0 b=714 p=25 d=534801
@@3: line 1.0 t=534801 -> @@0
 So-lek-an, 
@ via @@0 b=0 p=0 d=100
@@4: line 1.2 t=100 -> @@0
^^P  Stra-te-gi Ke-ta-han-an Pa-ngan Ber-ke-lan-jut-an Di Ja-wa Te-ngah: 
@ via @@1 b=396 p=0 d=164836
@ via @@2 b=3240 p=0 d=10562500
@@5: line 2.0 t=16029396 -> @@2
Me-na-nga-ni 
@ via @@3 b=6 p=0 d=10256
@ via @@4 b=6364 p=0 d=40637876
@@6: line 2.2 t=545057 -> @@3
In-fla-si, 
@ via @@4 b=99 p=0 d=11881
@@7: line 2.1 t=11981 -> @@4
Ke-mis-kin-an Dan Ke-ku-rang-an Gi-zi,^^Q \T1/ptm/m/it/12 Agri-fo : Jur-nal 
@ via @@5 b=5417 p=0 d=29452329
@@8: line 3.0 t=45481725 -> @@5
Agri-bis-nis 
@ via @@5 b=0 p=0 d=10100
@ via @@6 b=6893 p=0 d=47661409
@@9: line 3.2 t=16039496 -> @@5
Uni-ver-si-tas 
@ via @@6 b=0 p=0 d=100
@ via @@7 b=1681 p=0 d=2859481
@@10: line 3.2 t=545157 -> @@6
Ma-li-kus-sa-leh\T1/ptm/m/n/12 , vol. 10, no. 2, hlm. 70^^U82, Oct. 
@ via @@8 b=6284 p=0 d=39614436
@@11: line 4.0 t=85096161 -> @@8
2025.
@\kern via @@8 b=703 p=0 d=508369
@@12: line 4.0 t=45990094 -> @@8
 \T1/ptm/m/sc/12 doi\T1/ptm/m/n/12 : 
@ via @@8 b=10 p=0 d=10400
@ via @@9 b=4001 p=0 d=16098121
@@13: line 4.0 t=32137617 -> @@9
[][]$\T1/cmtt/m/n/12 10 .
@\penalty via @@9 b=621 p=200 d=448161
@@14: line 4.0 t=16487657 -> @@9
 29103 /
@\penalty via @@9 b=0 p=200 d=40100
@\penalty via @@10 b=1661 p=200 d=2842241
@@15: line 4.0 t=3387398 -> @@10
 ag .
@\penalty via @@10 b=355 p=200 d=183225
@@16: line 4.0 t=728382 -> @@10
 v10i2 .
@\penalty via @@10 b=1 p=200 d=40121
@@17: line 4.2 t=585278 -> @@10
 21569$[][]\T1/ptm/m/n/12 . 
@\par via @@11 b=0 p=-10000 d=10100
@\par via @@12 b=0 p=-10000 d=10100
@\par via @@13 b=0 p=-10000 d=10100
@\par via @@14 b=0 p=-10000 d=10100
@\par via @@15 b=0 p=-10000 d=10100
@\par via @@16 b=0 p=-10000 d=10100
@\par via @@17 b=0 p=-10000 d=100
@@18: line 5.2- t=585378 -> @@17

@firstpass
[]\T1/ptm/m/n/12 C. Liu, J. Shang, dan C. Liu, ^^P  Exploring Household Food Waste Reduction for 
@ via @@0 b=55 p=0 d=4225
@@1: line 1.1 t=4225 -> @@0
Carbon Footprint Mitigation: A Case Study in Shanghai, China,^^Q \T1/ptm/m/it/12 Foods\T1/ptm/m/n/12 , vol. 12, 
@ via @@1 b=14 p=0 d=576
@@2: line 2.1 t=4801 -> @@1
no. 17, hlm. 3211, Aug. 2023. \T1/ptm/m/sc/12 doi\T1/ptm/m/n/12 : [][]$\T1/cmtt/m/n/12 10 . 3390 / foods12173211$[][]\T1/ptm/m/n/12 . 
@\par via @@2 b=0 p=-10000 d=100
@@3: line 3.2- t=4901 -> @@2

@firstpass
@secondpass
[]\T1/ptm/m/n/12 A. A. Ar-sy, F. Ir-wan-syah, L. Gin-ting, dan V. G. Sa-ra-gih, ^^P  Dam-pak 
@ via @@0 b=5832 p=0 d=34138964
@@1: line 1.0 t=34138964 -> @@0
Lim-bah 
@ via @@0 b=485 p=0 d=255025
@@2: line 1.0 t=255025 -> @@0
Ma-kan-an Di Sek-tor Ru-mah Tang-ga Ter-ha-dap Ke-ber-lang-sung-an 
@ via @@1 b=6691 p=0 d=44903401
@@3: line 2.0 t=79042365 -> @@1
Ling-kung-an,^^Q
@\kern via @@2 b=614 p=0 d=389376
@@4: line 2.0 t=644401 -> @@2
 \T1/ptm/m/it/12 JUR-NAL RI-SET RUM-PUN MA-TE-MA-TI-KA DAN IL-MU PE-NGE-TA-HU-AN 
@ via @@4 b=6047 p=0 d=36687249
@@5: line 3.0 t=37331650 -> @@4
ALAM\T1/ptm/m/n/12 , 
@ via @@4 b=7 p=0 d=10289
@@6: line 3.2 t=654690 -> @@4
vol. 4, no. 3, hlm. 167^^U176, Nov. 2025. \T1/ptm/m/sc/12 doi\T1/ptm/m/n/12 : [][]$\T1/cmtt/m/n/12 10 . 55606 /
@\penalty via @@5 b=4518 p=200 d=20542784
@@7: line 4.0 t=57874434 -> @@5
 jurrimipa .
@\penalty via @@5 b=62 p=200 d=45184
@\penalty via @@6 b=1270 p=200 d=1688400
@@8: line 4.0 t=2343090 -> @@6
 v4i3 .
@\penalty via @@5 b=89 p=200 d=59801
@\penalty via @@6 b=101 p=200 d=62321
@@9: line 4.0 t=717011 -> @@6
 7322$[][]\T1/ptm/m/n/12 . 
@\par via @@6 b=0 p=-10000 d=100
@\par via @@7 b=0 p=-10000 d=10100
@\par via @@8 b=0 p=-10000 d=10100
@\par via @@9 b=0 p=-10000 d=10100
@@10: line 4.2- t=654790 -> @@6

@firstpass
[]\T1/ptm/m/n/12 Y. B. Fernandez, D. Ardiatma, dan N. Ilyas, ^^P  Carbon Footprint Analysis Of Food 
@ via @@0 b=2 p=0 d=144
@@1: line 1.2 t=144 -> @@0
Waste From Restaurants In Bogor City,^^Q \T1/ptm/m/it/12 Jurnal Info Sains : Informatika dan Sains\T1/ptm/m/n/12 , 
@ via @@1 b=9 p=0 d=361
@@2: line 2.2 t=505 -> @@1
vol. 14, no. 02, hlm. 187^^U202, Jun. 2024. \T1/ptm/m/sc/12 doi\T1/ptm/m/n/12 : [][]$\T1/cmtt/m/n/12 10 . 54209 / infosains . v14i02 .
@\penalty via @@2 b=3 p=200 d=40169
@@3: line 3.2 t=40674 -> @@2
 4607$[][]\T1/ptm/m/n/12 . 
@\par via @@3 b=0 p=-10000 d=100
@@4: line 4.2- t=40774 -> @@3

@firstpass
[]\T1/ptm/m/n/12 S. C. Lestari dan A. Halimatussadiah, ^^P  Kebijakan Pengelolaan Sampah Nasional: 
@ via @@0 b=2 p=0 d=144
@@1: line 1.2 t=144 -> @@0
@secondpass
[]\T1/ptm/m/n/12 S. C. Les-ta-ri dan A. Ha-li-ma-tus-sa-di-ah, ^^P  Ke-bi-jak-an Pe-nge-lo-la-an Sam-pah 
@ via @@0 b=5119 p=0 d=26316641
@@1: line 1.0 t=26316641 -> @@0
Na-sio-nal: 
@ via @@0 b=2 p=0 d=144
@@2: line 1.2 t=144 -> @@0
Ana-li-sis Pen-do-rong Fo-od Was-te Di Ting-kat Ru-mah Tang-ga,^^Q
@\kern via @@1 b=5345 p=0 d=28676025
@@3: line 2.0 t=54992666 -> @@1
 \T1/ptm/m/it/12 Jur-nal 
@ via @@1 b=198 p=0 d=43264
@@4: line 2.0 t=26359905 -> @@1
Go-od 
@ via @@2 b=1472 p=0 d=2206324
@@5: line 2.0 t=2206468 -> @@2
Go-ver-nan-ce\T1/ptm/m/n/12 , Jun. 2022. \T1/ptm/m/sc/12 doi\T1/ptm/m/n/12 : [][]$\T1/cmtt/m/n/12 10 . 32834 / gg . v18i1 .
@\penalty via @@3 b=3118 p=200 d=9824384
@@6: line 3.0 t=64817050 -> @@3
 457$[][]\T1/ptm/m/n/12 . 
@\par via @@3 b=0 p=-10000 d=10100
@\par via @@4 b=0 p=-10000 d=10100
@\par via @@5 b=0 p=-10000 d=10100
@\par via @@6 b=0 p=-10000 d=10100
@@7: line 3.2- t=2216568 -> @@5


Underfull \hbox (badness 1472) in paragraph at lines 28--28
\T1/ptm/m/n/12 Ana-li-sis Pen-do-rong Fo-od Was-te Di Ting-kat Ru-mah Tang-ga,^^Q \T1/ptm/m/it/12 Jur-nal Go-od
 []

@firstpass
[]\T1/ptm/m/n/12 T. Immawan, ^^P  Food Waste in Indonesia: Assessing Readiness for Valorization,^^Q
@\kern via @@0 b=53 p=0 d=3969
@@1: line 1.1 t=3969 -> @@0
 \T1/ptm/m/it/12 OPSI\T1/ptm/m/n/12 , vol. 17, no. 2, hlm. 370, Dec. 2024. \T1/ptm/m/sc/12 doi\T1/ptm/m/n/12 : [][]$\T1/cmtt/m/n/12 10 . 31315 / opsi . v17i2 . 13307$[][]\T1/ptm/m/n/12 . 
@\par via @@1 b=0 p=-10000 d=100
@@2: line 2.2- t=4069 -> @@1

@firstpass
[] 
@\par via @@0 b=0 p=-10000 d=100
@@1: line 1.2- t=100 -> @@0

File: image/Logo_Universitas_Telkom_Horizontal.png Graphic file (type png)
<use image/Logo_Universitas_Telkom_Horizontal.png>
Package pdftex.def Info: image/Logo_Universitas_Telkom_Horizontal.png  used on input line 28.
(pdftex.def)             Requested size: 77.11923pt x 34.14322pt.
@firstpass
[][] 
@ via @@0 b=0 p=0 d=100
@@1: line 1.2 t=100 -> @@0
|
@\par via @@0 b=0 p=-10000 d=100
@\par via @@1 b=0 p=-10000 d=100
@@2: line 1.2- t=100 -> @@0

@firstpass
[]
@\par via @@0 b=0 p=-10000 d=100
@@1: line 1.2- t=100 -> @@0

@firstpass
[] 
@\par via @@0 b=0 p=-10000 d=100
@@1: line 1.2- t=100 -> @@0

@firstpass
[]
@\par via @@0 b=0 p=-10000 d=100
@@1: line 1.2- t=100 -> @@0

@firstpass
[]\T1/ptm/m/n/12 40|
@\par via @@0 b=0 p=-10000 d=100
@@1: line 1.2- t=100 -> @@0

[40


]
@firstpass
[]\T1/ptm/m/n/12 L. Qian, Q. Rao, H. Liu, B. McCarthy, L. X. Liu, dan L. Wang, ^^P  Food waste and 
@ via @@0 b=2 p=0 d=144
@@1: line 1.2 t=144 -> @@0
@secondpass
[]\T1/ptm/m/n/12 L. Qi-an, Q. Rao, H. Liu, B. McCar-thy, L. X. Liu, dan L. Wang, 
@ via @@0 b=6094 p=0 d=37268816
@@1: line 1.0 t=37268816 -> @@0
^^P  Fo-od 
@ via @@0 b=1308 p=0 d=1747124
@@2: line 1.0 t=1747124 -> @@0
was-te 
@ via @@0 b=127 p=0 d=28769
@@3: line 1.0 t=28769 -> @@0
and 
@ via @@0 b=3 p=0 d=169
@@4: line 1.2 t=169 -> @@0
as-so-ci-a-ted car-bon fo-o-tp-rint: Evi-den-ce from Chi-ne-se uni-ver-si-ti-es,^^Q
@\kern via @@1 b=5 p=0 d=10225
@\kern via @@2 b=936 p=0 d=894916
@@5: line 2.0 t=2642040 -> @@2
 \T1/ptm/m/it/12 Eco-sys-tem 
@ via @@3 b=11 p=0 d=10441
@ via @@4 b=1009 p=0 d=1048361
@@6: line 2.2 t=39210 -> @@3
He-al-th and Sus-ta-i-na-bi-li-ty\T1/ptm/m/n/12 , vol. 8, no. 1, hlm. 2 130 094, Dec. 
@ via @@5 b=2229 p=0 d=5013121
@@7: line 3.0 t=7655161 -> @@5
2022.
@\kern via @@5 b=115 p=0 d=15625
@\kern via @@6 b=7012 p=0 d=49318484
@@8: line 3.0 t=2657665 -> @@5
 \T1/ptm/m/sc/12 doi\T1/ptm/m/n/12 : 
@ via @@5 b=13 p=0 d=10529
@ via @@6 b=1527 p=0 d=2372369
@@9: line 3.0 t=2411579 -> @@6
[][]$\T1/cmtt/m/n/12 10 .
@\penalty via @@6 b=161 p=200 d=79241
@@10: line 3.0 t=118451 -> @@6
 1080 /
@\penalty via @@6 b=5 p=200 d=40225
@@11: line 3.2 t=79435 -> @@6
 20964129 . 2022 . 2130094$[][]\T1/ptm/m/n/12 . 
@\par via @@7 b=0 p=-10000 d=10100
@\par via @@8 b=0 p=-10000 d=10100
@\par via @@9 b=0 p=-10000 d=10100
@\par via @@10 b=0 p=-10000 d=10100
@\par via @@11 b=0 p=-10000 d=100
@@12: line 4.2- t=79535 -> @@11

@firstpass
@secondpass
[]\T1/ptm/m/n/12 M. Ja-ma-li, P. Da-vi-ds-son, R. Kho-sh-ka-ngi-ni, M. G. Lju-ngqvist, dan R.[]C.
@\penalty via @@0 b=2181 p=25 d=4811106
@@1: line 1.0 t=4811106 -> @@0
 Mi-ha-i-le-scu, ^^P  Con-te-xt in ob-je-ct de-te-ction: A sys-te-ma-tic li-te-ra-tu-re re-vi-ew,^^Q
@\kern via @@1 b=2903 p=0 d=8485569
@@2: line 2.0 t=13296675 -> @@1
 \T1/ptm/m/it/12 Ar-ti-fi-ci-al 
@ via @@1 b=1 p=0 d=10121
@@3: line 2.2 t=4821227 -> @@1
In-te-lli-gen-ce Re-vi-ew\T1/ptm/m/n/12 , vol. 58, no. 6, hlm. 175, Mar. 2025. \T1/ptm/m/sc/12 doi\T1/ptm/m/n/12 : 
@ via @@2 b=2057 p=0 d=4272489
@@4: line 3.0 t=17569164 -> @@2
[][]$\T1/cmtt/m/n/12 10 .
@\penalty via @@2 b=269 p=200 d=117841
@\penalty via @@3 b=4647 p=200 d=21737649
@@5: line 3.0 t=13414516 -> @@2
 1007 /
@\penalty via @@2 b=0 p=200 d=50100
@\penalty via @@3 b=628 p=200 d=457044
@@6: line 3.0 t=5278271 -> @@3
 s10462 -[]
@\penalty via @@3 b=0 p=100 d=10100
@@7: line 3.2 t=4831327 -> @@3
 025 -[] 11186 -[] x$[][]\T1/ptm/m/n/12 . 
@\par via @@4 b=0 p=-10000 d=10100
@\par via @@5 b=0 p=-10000 d=10100
@\par via @@6 b=0 p=-10000 d=10100
@\par via @@7 b=0 p=-10000 d=100
@@8: line 4.2- t=4831427 -> @@7


Underfull \hbox (badness 2181) in paragraph at lines 28--28
[]\T1/ptm/m/n/12 M. Ja-ma-li, P. Da-vi-ds-son, R. Kho-sh-ka-ngi-ni, M. G. Lju-ngqvist, dan R.[]C.
 []

@firstpass
[]\T1/ptm/m/n/12 A. K. Pathak, M. Gupta, dan G. Jain, ^^P  Unmasking the Clever Hans Effect in AI 
@ via @@0 b=19 p=0 d=841
@@1: line 1.1 t=841 -> @@0
@secondpass
[]\T1/ptm/m/n/12 A. K. Pa-thak, M. Gup-ta, dan G. Ja-in, ^^P  Unmas-king the Cle-ver Hans 
@ via @@0 b=5316 p=0 d=28376276
@@1: line 1.0 t=28376276 -> @@0
Effe-ct 
@ via @@0 b=760 p=0 d=602900
@@2: line 1.0 t=602900 -> @@0
in 
@ via @@0 b=214 p=0 d=60176
@@3: line 1.0 t=60176 -> @@0
AI 
@ via @@0 b=19 p=0 d=841
@@4: line 1.1 t=841 -> @@0
Mo-dels: Shor-tcut Le-ar-ning, Spu-ri-o-us Cor-re-la-tions, and the 
@ via @@1 b=3657 p=0 d=13446889
@@5: line 2.0 t=41823165 -> @@1
Pa-th 
@ via @@1 b=449 p=0 d=210681
@ via @@2 b=5504 p=0 d=30404196
@@6: line 2.0 t=28586957 -> @@1
to-wa-rd 
@ via @@1 b=47 p=0 d=13249
@ via @@2 b=293 p=0 d=91809
@ via @@3 b=1303 p=0 d=1723969
@ via @@4 b=5189 p=0 d=27029601
@@7: line 2.0 t=694709 -> @@2
Ro-bust 
@ via @@3 b=0 p=0 d=10100
@ via @@4 b=116 p=0 d=15876
@@8: line 2.0 t=16717 -> @@4
In-te-lli-gen-ce,^^Q \T1/ptm/m/it/12 Fron-ti-ers in Ar-ti-fi-ci-al In-te-lli-gen-ce\T1/ptm/m/n/12 , vol. 8, 
@ via @@5 b=887 p=0 d=804609
@ via @@6 b=6412 p=0 d=41242084
@@9: line 3.0 t=42627774 -> @@5
hlm. 1 692 454, 
@ via @@7 b=114 p=0 d=15376
@ via @@8 b=5161 p=0 d=26739241
@@10: line 3.0 t=710085 -> @@7
Jan. 
@ via @@7 b=34 p=0 d=11936
@ via @@8 b=748 p=0 d=574564
@@11: line 3.0 t=591281 -> @@8
2026.
@\kern via @@8 b=0 p=0 d=10100
@@12: line 3.2 t=26817 -> @@8
 \T1/ptm/m/sc/12 doi\T1/ptm/m/n/12 : [][]$\T1/cmtt/m/n/12 10 . 3389 / frai . 2025 . 1692454$[][]\T1/ptm/m/n/12 . 
@\par via @@9 b=0 p=-10000 d=10100
@\par via @@10 b=0 p=-10000 d=10100
@\par via @@11 b=0 p=-10000 d=10100
@\par via @@12 b=0 p=-10000 d=100
@@13: line 4.2- t=26917 -> @@12

@firstpass
[]\T1/ptm/m/n/12 A. Hopson, C. Boonthum-Denecke, dan I. Mkpong-Ruffin, ^^P  Study of AI Object 
@ via @@0 b=32 p=0 d=1764
@@1: line 1.1 t=1764 -> @@0
Detection: Patterns on Animals with YOLO and Adversarial Patches,^^Q \T1/ptm/m/it/12 Journal of 
@ via @@1 b=4 p=0 d=196
@@2: line 2.2 t=1960 -> @@1
The Colloquium for Information Systems Security Education\T1/ptm/m/n/12 , vol. 13, no. 1, hlm. 7, 
@ via @@2 b=12 p=0 d=484
@@3: line 3.2 t=2444 -> @@2
Mar. 2026. \T1/ptm/m/sc/12 doi\T1/ptm/m/n/12 : [][]$\T1/cmtt/m/n/12 10 . 53735 / cisse . v13i1 . 242$[][]\T1/ptm/m/n/12 . 
@\par via @@3 b=0 p=-10000 d=100
@@4: line 4.2- t=2544 -> @@3

@firstpass
[] 
@\par via @@0 b=0 p=-10000 d=100
@@1: line 1.2- t=100 -> @@0

File: image/Logo_Universitas_Telkom_Horizontal.png Graphic file (type png)
<use image/Logo_Universitas_Telkom_Horizontal.png>
Package pdftex.def Info: image/Logo_Universitas_Telkom_Horizontal.png  used on input line 30.
(pdftex.def)             Requested size: 77.11923pt x 34.14322pt.
@firstpass
[][] 
@ via @@0 b=0 p=0 d=100
@@1: line 1.2 t=100 -> @@0
|
@\par via @@0 b=0 p=-10000 d=100
@\par via @@1 b=0 p=-10000 d=100
@@2: line 1.2- t=100 -> @@0

@firstpass
[]
@\par via @@0 b=0 p=-10000 d=100
@@1: line 1.2- t=100 -> @@0

@firstpass
[] 
@\par via @@0 b=0 p=-10000 d=100
@@1: line 1.2- t=100 -> @@0

@firstpass
[]
@\par via @@0 b=0 p=-10000 d=100
@@1: line 1.2- t=100 -> @@0

@firstpass
[]\T1/ptm/m/n/12 41|
@\par via @@0 b=0 p=-10000 d=100
@@1: line 1.2- t=100 -> @@0

[41] (./main.aux)
Package rerunfilecheck Info: File `main.out' has not changed.
(rerunfilecheck)             Checksum: 38ED4239F943CA824575CEA8D75C97C6;5785.
Package logreq Info: Writing requests to 'main.run.xml'.
\openout1 = `main.run.xml'.

 ) 
Here is how much of TeX's memory you used:
 32946 strings out of 476041
 627589 string characters out of 5793174
 1871388 words of memory out of 6000000
 52647 multiletter control sequences out of 15000+600000
 565264 words of font info for 93 fonts, out of 8000000 for 9000
 1137 hyphenation exceptions out of 8191
 89i,19n,83p,2022b,2595s stack positions out of 10000i,1000n,20000p,200000b,200000s
</usr/share/texlive/texmf-dist/fonts/type1/public/amsfonts/cm/cmsy10.pfb></usr/share/texlive/texmf-dist/fonts/type1/public/cm-super/sftt1200.pfb></usr/share/texlive/texmf-dist/fonts/type1/urw/times/utmb8a.pfb></usr/share/texlive/texmf-dist/fonts/type1/urw/times/utmbi8a.pfb></usr/share/texlive/texmf-dist/fonts/type1/urw/times/utmr8a.pfb></usr/share/texlive/texmf-dist/fonts/type1/urw/times/utmri8a.pfb></usr/share/texlive/texmf-dist/fonts/type1/urw/zapfding/uzdr.pfb>
Output written on main.pdf (53 pages, 14064884 bytes).
PDF statistics:
 647 PDF objects out of 1000 (max. 8388607)
 545 compressed objects within 6 object streams
 175 named destinations out of 1000 (max. 500000)
 380 words of extra memory for PDF output out of 10000 (max. 10000000)

